cifar100,vnncomp2024_benchmarks/benchmarks/cifar100/onnx/CIFAR100_resnet_medium.onnx,vnncomp2024_benchmarks/benchmarks/cifar100/vnnlib/CIFAR100_resnet_medium_prop_idx_3267_sidx_4884_eps_0.0039.vnnlib,2.878886033,unsat,76.859575428
cifar100,vnncomp2024_benchmarks/benchmarks/cifar100/onnx/CIFAR100_resnet_medium.onnx,vnncomp2024_benchmarks/benchmarks/cifar100/vnnlib/CIFAR100_resnet_medium_prop_idx_3965_sidx_688_eps_0.0039.vnnlib,2.789559110,unsat,25.428905283
cifar100,vnncomp2024_benchmarks/benchmarks/cifar100/onnx/CIFAR100_resnet_medium.onnx,vnncomp2024_benchmarks/benchmarks/cifar100/vnnlib/CIFAR100_resnet_medium_prop_idx_8028_sidx_5238_eps_0.0039.vnnlib,2.774872156,sat,8.740895446
cifar100,vnncomp2024_benchmarks/benchmarks/cifar100/onnx/CIFAR100_resnet_medium.onnx,vnncomp2024_benchmarks/benchmarks/cifar100/vnnlib/CIFAR100_resnet_medium_prop_idx_3995_sidx_7978_eps_0.0039.vnnlib,2.769434868,unsat,41.784720608
cifar100,vnncomp2024_benchmarks/benchmarks/cifar100/onnx/CIFAR100_resnet_medium.onnx,vnncomp2024_benchmarks/benchmarks/cifar100/vnnlib/CIFAR100_resnet_medium_prop_idx_8461_sidx_6823_eps_0.0039.vnnlib,2.796214149,unsat,59.090800349
cifar100,vnncomp2024_benchmarks/benchmarks/cifar100/onnx/CIFAR100_resnet_medium.onnx,vnncomp2024_benchmarks/benchmarks/cifar100/vnnlib/CIFAR100_resnet_medium_prop_idx_5961_sidx_9165_eps_0.0039.vnnlib,2.771395968,timeout,104.128907483
cifar100,vnncomp2024_benchmarks/benchmarks/cifar100/onnx/CIFAR100_resnet_medium.onnx,vnncomp2024_benchmarks/benchmarks/cifar100/vnnlib/CIFAR100_resnet_medium_prop_idx_1642_sidx_7494_eps_0.0039.vnnlib,2.846959028,unsat,24.503869826
cifar100,vnncomp2024_benchmarks/benchmarks/cifar100/onnx/CIFAR100_resnet_medium.onnx,vnncomp2024_benchmarks/benchmarks/cifar100/vnnlib/CIFAR100_resnet_medium_prop_idx_4553_sidx_7835_eps_0.0039.vnnlib,2.759317317,timeout,104.452734825
cifar100,vnncomp2024_benchmarks/benchmarks/cifar100/onnx/CIFAR100_resnet_medium.onnx,vnncomp2024_benchmarks/benchmarks/cifar100/vnnlib/CIFAR100_resnet_medium_prop_idx_3921_sidx_9018_eps_0.0039.vnnlib,2.778308405,unsat,56.140798464
cifar100,vnncomp2024_benchmarks/benchmarks/cifar100/onnx/CIFAR100_resnet_medium.onnx,vnncomp2024_benchmarks/benchmarks/cifar100/vnnlib/CIFAR100_resnet_medium_prop_idx_1401_sidx_3081_eps_0.0039.vnnlib,2.784858222,timeout,110.413486911
cifar100,vnncomp2024_benchmarks/benchmarks/cifar100/onnx/CIFAR100_resnet_medium.onnx,vnncomp2024_benchmarks/benchmarks/cifar100/vnnlib/CIFAR100_resnet_medium_prop_idx_251_sidx_5719_eps_0.0039.vnnlib,2.864713536,timeout,138.566198113
cifar100,vnncomp2024_benchmarks/benchmarks/cifar100/onnx/CIFAR100_resnet_medium.onnx,vnncomp2024_benchmarks/benchmarks/cifar100/vnnlib/CIFAR100_resnet_medium_prop_idx_4394_sidx_4782_eps_0.0039.vnnlib,2.814211753,unsat,19.056481678
cifar100,vnncomp2024_benchmarks/benchmarks/cifar100/onnx/CIFAR100_resnet_medium.onnx,vnncomp2024_benchmarks/benchmarks/cifar100/vnnlib/CIFAR100_resnet_medium_prop_idx_8457_sidx_4948_eps_0.0039.vnnlib,2.758541582,sat,10.084757140
cifar100,vnncomp2024_benchmarks/benchmarks/cifar100/onnx/CIFAR100_resnet_medium.onnx,vnncomp2024_benchmarks/benchmarks/cifar100/vnnlib/CIFAR100_resnet_medium_prop_idx_5955_sidx_1517_eps_0.0039.vnnlib,2.774742360,sat,8.744714439
cifar100,vnncomp2024_benchmarks/benchmarks/cifar100/onnx/CIFAR100_resnet_medium.onnx,vnncomp2024_benchmarks/benchmarks/cifar100/vnnlib/CIFAR100_resnet_medium_prop_idx_9140_sidx_5866_eps_0.0039.vnnlib,2.791356183,timeout,103.882024998
cifar100,vnncomp2024_benchmarks/benchmarks/cifar100/onnx/CIFAR100_resnet_medium.onnx,vnncomp2024_benchmarks/benchmarks/cifar100/vnnlib/CIFAR100_resnet_medium_prop_idx_6056_sidx_2919_eps_0.0039.vnnlib,2.799107163,sat,7.424506320
cifar100,vnncomp2024_benchmarks/benchmarks/cifar100/onnx/CIFAR100_resnet_medium.onnx,vnncomp2024_benchmarks/benchmarks/cifar100/vnnlib/CIFAR100_resnet_medium_prop_idx_5230_sidx_242_eps_0.0039.vnnlib,2.773606701,timeout,105.041083007
cifar100,vnncomp2024_benchmarks/benchmarks/cifar100/onnx/CIFAR100_resnet_medium.onnx,vnncomp2024_benchmarks/benchmarks/cifar100/vnnlib/CIFAR100_resnet_medium_prop_idx_8466_sidx_9309_eps_0.0039.vnnlib,2.782885749,unsat,51.470376220
cifar100,vnncomp2024_benchmarks/benchmarks/cifar100/onnx/CIFAR100_resnet_medium.onnx,vnncomp2024_benchmarks/benchmarks/cifar100/vnnlib/CIFAR100_resnet_medium_prop_idx_9280_sidx_3756_eps_0.0039.vnnlib,2.787266738,unsat,29.550702117
cifar100,vnncomp2024_benchmarks/benchmarks/cifar100/onnx/CIFAR100_resnet_medium.onnx,vnncomp2024_benchmarks/benchmarks/cifar100/vnnlib/CIFAR100_resnet_medium_prop_idx_3570_sidx_9004_eps_0.0039.vnnlib,2.757835316,unsat,26.574857074
cifar100,vnncomp2024_benchmarks/benchmarks/cifar100/onnx/CIFAR100_resnet_medium.onnx,vnncomp2024_benchmarks/benchmarks/cifar100/vnnlib/CIFAR100_resnet_medium_prop_idx_9029_sidx_5929_eps_0.0039.vnnlib,2.782407338,sat,8.798975249
cifar100,vnncomp2024_benchmarks/benchmarks/cifar100/onnx/CIFAR100_resnet_medium.onnx,vnncomp2024_benchmarks/benchmarks/cifar100/vnnlib/CIFAR100_resnet_medium_prop_idx_116_sidx_8002_eps_0.0039.vnnlib,2.778298673,sat,11.280002869
cifar100,vnncomp2024_benchmarks/benchmarks/cifar100/onnx/CIFAR100_resnet_medium.onnx,vnncomp2024_benchmarks/benchmarks/cifar100/vnnlib/CIFAR100_resnet_medium_prop_idx_8585_sidx_3963_eps_0.0039.vnnlib,2.801673737,unsat,27.160343629
cifar100,vnncomp2024_benchmarks/benchmarks/cifar100/onnx/CIFAR100_resnet_medium.onnx,vnncomp2024_benchmarks/benchmarks/cifar100/vnnlib/CIFAR100_resnet_medium_prop_idx_5573_sidx_1946_eps_0.0039.vnnlib,2.799490379,unsat,45.335103477
cifar100,vnncomp2024_benchmarks/benchmarks/cifar100/onnx/CIFAR100_resnet_medium.onnx,vnncomp2024_benchmarks/benchmarks/cifar100/vnnlib/CIFAR100_resnet_medium_prop_idx_5160_sidx_9960_eps_0.0039.vnnlib,2.787699926,timeout,107.633908671
cifar100,vnncomp2024_benchmarks/benchmarks/cifar100/onnx/CIFAR100_resnet_medium.onnx,vnncomp2024_benchmarks/benchmarks/cifar100/vnnlib/CIFAR100_resnet_medium_prop_idx_4071_sidx_6244_eps_0.0039.vnnlib,2.836758572,sat,9.626503554
cifar100,vnncomp2024_benchmarks/benchmarks/cifar100/onnx/CIFAR100_resnet_medium.onnx,vnncomp2024_benchmarks/benchmarks/cifar100/vnnlib/CIFAR100_resnet_medium_prop_idx_5657_sidx_262_eps_0.0039.vnnlib,2.792965567,unsat,26.058387260
cifar100,vnncomp2024_benchmarks/benchmarks/cifar100/onnx/CIFAR100_resnet_medium.onnx,vnncomp2024_benchmarks/benchmarks/cifar100/vnnlib/CIFAR100_resnet_medium_prop_idx_2388_sidx_4447_eps_0.0039.vnnlib,2.783308924,timeout,104.295435803
cifar100,vnncomp2024_benchmarks/benchmarks/cifar100/onnx/CIFAR100_resnet_medium.onnx,vnncomp2024_benchmarks/benchmarks/cifar100/vnnlib/CIFAR100_resnet_medium_prop_idx_1862_sidx_1111_eps_0.0039.vnnlib,2.794843730,sat,9.781197199
cifar100,vnncomp2024_benchmarks/benchmarks/cifar100/onnx/CIFAR100_resnet_medium.onnx,vnncomp2024_benchmarks/benchmarks/cifar100/vnnlib/CIFAR100_resnet_medium_prop_idx_3521_sidx_4942_eps_0.0039.vnnlib,2.798541675,unsat,24.840920146
cifar100,vnncomp2024_benchmarks/benchmarks/cifar100/onnx/CIFAR100_resnet_medium.onnx,vnncomp2024_benchmarks/benchmarks/cifar100/vnnlib/CIFAR100_resnet_medium_prop_idx_9620_sidx_2024_eps_0.0039.vnnlib,2.809997956,timeout,103.712519401
cifar100,vnncomp2024_benchmarks/benchmarks/cifar100/onnx/CIFAR100_resnet_medium.onnx,vnncomp2024_benchmarks/benchmarks/cifar100/vnnlib/CIFAR100_resnet_medium_prop_idx_497_sidx_5675_eps_0.0039.vnnlib,2.816182752,sat,11.227784407
cifar100,vnncomp2024_benchmarks/benchmarks/cifar100/onnx/CIFAR100_resnet_medium.onnx,vnncomp2024_benchmarks/benchmarks/cifar100/vnnlib/CIFAR100_resnet_medium_prop_idx_3739_sidx_4756_eps_0.0039.vnnlib,2.776927121,unsat,52.170356238
cifar100,vnncomp2024_benchmarks/benchmarks/cifar100/onnx/CIFAR100_resnet_medium.onnx,vnncomp2024_benchmarks/benchmarks/cifar100/vnnlib/CIFAR100_resnet_medium_prop_idx_7524_sidx_3195_eps_0.0039.vnnlib,2.766069299,unsat,31.195308161
cifar100,vnncomp2024_benchmarks/benchmarks/cifar100/onnx/CIFAR100_resnet_medium.onnx,vnncomp2024_benchmarks/benchmarks/cifar100/vnnlib/CIFAR100_resnet_medium_prop_idx_4626_sidx_3263_eps_0.0039.vnnlib,2.787775669,unsat,24.452049132
cifar100,vnncomp2024_benchmarks/benchmarks/cifar100/onnx/CIFAR100_resnet_medium.onnx,vnncomp2024_benchmarks/benchmarks/cifar100/vnnlib/CIFAR100_resnet_medium_prop_idx_7453_sidx_7766_eps_0.0039.vnnlib,2.772992371,unsat,29.109290685
cifar100,vnncomp2024_benchmarks/benchmarks/cifar100/onnx/CIFAR100_resnet_medium.onnx,vnncomp2024_benchmarks/benchmarks/cifar100/vnnlib/CIFAR100_resnet_medium_prop_idx_8739_sidx_1540_eps_0.0039.vnnlib,2.786910908,unsat,32.810810877
cifar100,vnncomp2024_benchmarks/benchmarks/cifar100/onnx/CIFAR100_resnet_medium.onnx,vnncomp2024_benchmarks/benchmarks/cifar100/vnnlib/CIFAR100_resnet_medium_prop_idx_9325_sidx_1211_eps_0.0039.vnnlib,2.771909949,timeout,104.503445033
cifar100,vnncomp2024_benchmarks/benchmarks/cifar100/onnx/CIFAR100_resnet_medium.onnx,vnncomp2024_benchmarks/benchmarks/cifar100/vnnlib/CIFAR100_resnet_medium_prop_idx_2590_sidx_6558_eps_0.0039.vnnlib,2.762147274,timeout,104.317924043
cifar100,vnncomp2024_benchmarks/benchmarks/cifar100/onnx/CIFAR100_resnet_medium.onnx,vnncomp2024_benchmarks/benchmarks/cifar100/vnnlib/CIFAR100_resnet_medium_prop_idx_8762_sidx_3374_eps_0.0039.vnnlib,2.779161920,unsat,24.581441021
cifar100,vnncomp2024_benchmarks/benchmarks/cifar100/onnx/CIFAR100_resnet_medium.onnx,vnncomp2024_benchmarks/benchmarks/cifar100/vnnlib/CIFAR100_resnet_medium_prop_idx_7074_sidx_2937_eps_0.0039.vnnlib,2.818699885,unsat,26.137450506
cifar100,vnncomp2024_benchmarks/benchmarks/cifar100/onnx/CIFAR100_resnet_medium.onnx,vnncomp2024_benchmarks/benchmarks/cifar100/vnnlib/CIFAR100_resnet_medium_prop_idx_5286_sidx_6796_eps_0.0039.vnnlib,2.806050061,sat,9.663601941
cifar100,vnncomp2024_benchmarks/benchmarks/cifar100/onnx/CIFAR100_resnet_medium.onnx,vnncomp2024_benchmarks/benchmarks/cifar100/vnnlib/CIFAR100_resnet_medium_prop_idx_7477_sidx_2980_eps_0.0039.vnnlib,2.792303242,unsat,25.782429486
cifar100,vnncomp2024_benchmarks/benchmarks/cifar100/onnx/CIFAR100_resnet_medium.onnx,vnncomp2024_benchmarks/benchmarks/cifar100/vnnlib/CIFAR100_resnet_medium_prop_idx_148_sidx_3290_eps_0.0039.vnnlib,2.783189090,unknown,26.096550924
cifar100,vnncomp2024_benchmarks/benchmarks/cifar100/onnx/CIFAR100_resnet_medium.onnx,vnncomp2024_benchmarks/benchmarks/cifar100/vnnlib/CIFAR100_resnet_medium_prop_idx_8596_sidx_596_eps_0.0039.vnnlib,2.785742795,timeout,104.526814741
cifar100,vnncomp2024_benchmarks/benchmarks/cifar100/onnx/CIFAR100_resnet_medium.onnx,vnncomp2024_benchmarks/benchmarks/cifar100/vnnlib/CIFAR100_resnet_medium_prop_idx_5201_sidx_2290_eps_0.0039.vnnlib,2.794837518,unsat,47.328379209
cifar100,vnncomp2024_benchmarks/benchmarks/cifar100/onnx/CIFAR100_resnet_medium.onnx,vnncomp2024_benchmarks/benchmarks/cifar100/vnnlib/CIFAR100_resnet_medium_prop_idx_7089_sidx_5353_eps_0.0039.vnnlib,2.768576053,unsat,18.455839854
cifar100,vnncomp2024_benchmarks/benchmarks/cifar100/onnx/CIFAR100_resnet_medium.onnx,vnncomp2024_benchmarks/benchmarks/cifar100/vnnlib/CIFAR100_resnet_medium_prop_idx_4141_sidx_5393_eps_0.0039.vnnlib,2.789757511,sat,8.338204485
cifar100,vnncomp2024_benchmarks/benchmarks/cifar100/onnx/CIFAR100_resnet_medium.onnx,vnncomp2024_benchmarks/benchmarks/cifar100/vnnlib/CIFAR100_resnet_medium_prop_idx_5185_sidx_142_eps_0.0039.vnnlib,2.793325402,timeout,107.611081014
cifar100,vnncomp2024_benchmarks/benchmarks/cifar100/onnx/CIFAR100_resnet_medium.onnx,vnncomp2024_benchmarks/benchmarks/cifar100/vnnlib/CIFAR100_resnet_medium_prop_idx_4956_sidx_2452_eps_0.0039.vnnlib,2.892918488,timeout,104.010905338
cifar100,vnncomp2024_benchmarks/benchmarks/cifar100/onnx/CIFAR100_resnet_medium.onnx,vnncomp2024_benchmarks/benchmarks/cifar100/vnnlib/CIFAR100_resnet_medium_prop_idx_8091_sidx_4915_eps_0.0039.vnnlib,2.858913056,unsat,23.768292029
cifar100,vnncomp2024_benchmarks/benchmarks/cifar100/onnx/CIFAR100_resnet_medium.onnx,vnncomp2024_benchmarks/benchmarks/cifar100/vnnlib/CIFAR100_resnet_medium_prop_idx_1208_sidx_4993_eps_0.0039.vnnlib,2.850588860,sat,10.343889180
cifar100,vnncomp2024_benchmarks/benchmarks/cifar100/onnx/CIFAR100_resnet_medium.onnx,vnncomp2024_benchmarks/benchmarks/cifar100/vnnlib/CIFAR100_resnet_medium_prop_idx_2753_sidx_3773_eps_0.0039.vnnlib,2.783911076,sat,27.805800370
cifar100,vnncomp2024_benchmarks/benchmarks/cifar100/onnx/CIFAR100_resnet_medium.onnx,vnncomp2024_benchmarks/benchmarks/cifar100/vnnlib/CIFAR100_resnet_medium_prop_idx_469_sidx_6589_eps_0.0039.vnnlib,2.795827489,unsat,28.115552241
cifar100,vnncomp2024_benchmarks/benchmarks/cifar100/onnx/CIFAR100_resnet_medium.onnx,vnncomp2024_benchmarks/benchmarks/cifar100/vnnlib/CIFAR100_resnet_medium_prop_idx_7218_sidx_5543_eps_0.0039.vnnlib,2.787284928,sat,8.658864928
cifar100,vnncomp2024_benchmarks/benchmarks/cifar100/onnx/CIFAR100_resnet_medium.onnx,vnncomp2024_benchmarks/benchmarks/cifar100/vnnlib/CIFAR100_resnet_medium_prop_idx_3673_sidx_32_eps_0.0039.vnnlib,2.771194511,sat,11.306032646
cifar100,vnncomp2024_benchmarks/benchmarks/cifar100/onnx/CIFAR100_resnet_medium.onnx,vnncomp2024_benchmarks/benchmarks/cifar100/vnnlib/CIFAR100_resnet_medium_prop_idx_7005_sidx_2776_eps_0.0039.vnnlib,2.831900777,unsat,37.573490443
cifar100,vnncomp2024_benchmarks/benchmarks/cifar100/onnx/CIFAR100_resnet_medium.onnx,vnncomp2024_benchmarks/benchmarks/cifar100/vnnlib/CIFAR100_resnet_medium_prop_idx_1933_sidx_9361_eps_0.0039.vnnlib,2.792082721,unsat,18.667036439
cifar100,vnncomp2024_benchmarks/benchmarks/cifar100/onnx/CIFAR100_resnet_medium.onnx,vnncomp2024_benchmarks/benchmarks/cifar100/vnnlib/CIFAR100_resnet_medium_prop_idx_3443_sidx_918_eps_0.0039.vnnlib,2.818203656,timeout,103.965131477
cifar100,vnncomp2024_benchmarks/benchmarks/cifar100/onnx/CIFAR100_resnet_medium.onnx,vnncomp2024_benchmarks/benchmarks/cifar100/vnnlib/CIFAR100_resnet_medium_prop_idx_3755_sidx_9645_eps_0.0039.vnnlib,2.874873273,unsat,18.823860599
cifar100,vnncomp2024_benchmarks/benchmarks/cifar100/onnx/CIFAR100_resnet_medium.onnx,vnncomp2024_benchmarks/benchmarks/cifar100/vnnlib/CIFAR100_resnet_medium_prop_idx_3717_sidx_7096_eps_0.0039.vnnlib,2.788828652,sat,7.468292114
cifar100,vnncomp2024_benchmarks/benchmarks/cifar100/onnx/CIFAR100_resnet_medium.onnx,vnncomp2024_benchmarks/benchmarks/cifar100/vnnlib/CIFAR100_resnet_medium_prop_idx_9984_sidx_5390_eps_0.0039.vnnlib,2.792191710,unsat,32.450085779
cifar100,vnncomp2024_benchmarks/benchmarks/cifar100/onnx/CIFAR100_resnet_medium.onnx,vnncomp2024_benchmarks/benchmarks/cifar100/vnnlib/CIFAR100_resnet_medium_prop_idx_6583_sidx_8860_eps_0.0039.vnnlib,2.765884629,unsat,59.769760566
cifar100,vnncomp2024_benchmarks/benchmarks/cifar100/onnx/CIFAR100_resnet_medium.onnx,vnncomp2024_benchmarks/benchmarks/cifar100/vnnlib/CIFAR100_resnet_medium_prop_idx_3106_sidx_622_eps_0.0039.vnnlib,2.780512663,timeout,123.662770589
cifar100,vnncomp2024_benchmarks/benchmarks/cifar100/onnx/CIFAR100_resnet_medium.onnx,vnncomp2024_benchmarks/benchmarks/cifar100/vnnlib/CIFAR100_resnet_medium_prop_idx_8265_sidx_5360_eps_0.0039.vnnlib,2.822863259,unsat,27.341672182
cifar100,vnncomp2024_benchmarks/benchmarks/cifar100/onnx/CIFAR100_resnet_medium.onnx,vnncomp2024_benchmarks/benchmarks/cifar100/vnnlib/CIFAR100_resnet_medium_prop_idx_6086_sidx_4047_eps_0.0039.vnnlib,2.800058753,unsat,57.164102890
cifar100,vnncomp2024_benchmarks/benchmarks/cifar100/onnx/CIFAR100_resnet_medium.onnx,vnncomp2024_benchmarks/benchmarks/cifar100/vnnlib/CIFAR100_resnet_medium_prop_idx_5228_sidx_8900_eps_0.0039.vnnlib,2.796784509,unsat,41.277619509
cifar100,vnncomp2024_benchmarks/benchmarks/cifar100/onnx/CIFAR100_resnet_medium.onnx,vnncomp2024_benchmarks/benchmarks/cifar100/vnnlib/CIFAR100_resnet_medium_prop_idx_4063_sidx_8348_eps_0.0039.vnnlib,2.786371474,unsat,29.231765879
cifar100,vnncomp2024_benchmarks/benchmarks/cifar100/onnx/CIFAR100_resnet_medium.onnx,vnncomp2024_benchmarks/benchmarks/cifar100/vnnlib/CIFAR100_resnet_medium_prop_idx_5857_sidx_1511_eps_0.0039.vnnlib,2.790177383,unsat,24.867357091
cifar100,vnncomp2024_benchmarks/benchmarks/cifar100/onnx/CIFAR100_resnet_medium.onnx,vnncomp2024_benchmarks/benchmarks/cifar100/vnnlib/CIFAR100_resnet_medium_prop_idx_3594_sidx_2945_eps_0.0039.vnnlib,2.792236904,unsat,25.435579683
cifar100,vnncomp2024_benchmarks/benchmarks/cifar100/onnx/CIFAR100_resnet_medium.onnx,vnncomp2024_benchmarks/benchmarks/cifar100/vnnlib/CIFAR100_resnet_medium_prop_idx_5354_sidx_5944_eps_0.0039.vnnlib,2.781616756,timeout,125.950559280
cifar100,vnncomp2024_benchmarks/benchmarks/cifar100/onnx/CIFAR100_resnet_medium.onnx,vnncomp2024_benchmarks/benchmarks/cifar100/vnnlib/CIFAR100_resnet_medium_prop_idx_4345_sidx_421_eps_0.0039.vnnlib,2.769102922,timeout,104.523539670
cifar100,vnncomp2024_benchmarks/benchmarks/cifar100/onnx/CIFAR100_resnet_medium.onnx,vnncomp2024_benchmarks/benchmarks/cifar100/vnnlib/CIFAR100_resnet_medium_prop_idx_118_sidx_7476_eps_0.0039.vnnlib,2.821826796,unsat,19.911615118
cifar100,vnncomp2024_benchmarks/benchmarks/cifar100/onnx/CIFAR100_resnet_medium.onnx,vnncomp2024_benchmarks/benchmarks/cifar100/vnnlib/CIFAR100_resnet_medium_prop_idx_8019_sidx_9341_eps_0.0039.vnnlib,2.799020587,unsat,37.980653147
cifar100,vnncomp2024_benchmarks/benchmarks/cifar100/onnx/CIFAR100_resnet_medium.onnx,vnncomp2024_benchmarks/benchmarks/cifar100/vnnlib/CIFAR100_resnet_medium_prop_idx_8757_sidx_781_eps_0.0039.vnnlib,2.814835037,unsat,25.383486279
cifar100,vnncomp2024_benchmarks/benchmarks/cifar100/onnx/CIFAR100_resnet_medium.onnx,vnncomp2024_benchmarks/benchmarks/cifar100/vnnlib/CIFAR100_resnet_medium_prop_idx_5730_sidx_4116_eps_0.0039.vnnlib,2.761578623,timeout,103.969904153
cifar100,vnncomp2024_benchmarks/benchmarks/cifar100/onnx/CIFAR100_resnet_medium.onnx,vnncomp2024_benchmarks/benchmarks/cifar100/vnnlib/CIFAR100_resnet_medium_prop_idx_955_sidx_7389_eps_0.0039.vnnlib,2.825248318,timeout,108.116364775
cifar100,vnncomp2024_benchmarks/benchmarks/cifar100/onnx/CIFAR100_resnet_medium.onnx,vnncomp2024_benchmarks/benchmarks/cifar100/vnnlib/CIFAR100_resnet_medium_prop_idx_3373_sidx_5926_eps_0.0039.vnnlib,2.761430697,unsat,32.072417574
cifar100,vnncomp2024_benchmarks/benchmarks/cifar100/onnx/CIFAR100_resnet_medium.onnx,vnncomp2024_benchmarks/benchmarks/cifar100/vnnlib/CIFAR100_resnet_medium_prop_idx_1823_sidx_2050_eps_0.0039.vnnlib,2.846455007,unsat,29.932524908
cifar100,vnncomp2024_benchmarks/benchmarks/cifar100/onnx/CIFAR100_resnet_medium.onnx,vnncomp2024_benchmarks/benchmarks/cifar100/vnnlib/CIFAR100_resnet_medium_prop_idx_9179_sidx_92_eps_0.0039.vnnlib,2.893924667,timeout,104.108271933
cifar100,vnncomp2024_benchmarks/benchmarks/cifar100/onnx/CIFAR100_resnet_medium.onnx,vnncomp2024_benchmarks/benchmarks/cifar100/vnnlib/CIFAR100_resnet_medium_prop_idx_3767_sidx_7124_eps_0.0039.vnnlib,2.842295420,sat,9.091811296
cifar100,vnncomp2024_benchmarks/benchmarks/cifar100/onnx/CIFAR100_resnet_medium.onnx,vnncomp2024_benchmarks/benchmarks/cifar100/vnnlib/CIFAR100_resnet_medium_prop_idx_7297_sidx_9532_eps_0.0039.vnnlib,2.772916865,timeout,104.480058912
cifar100,vnncomp2024_benchmarks/benchmarks/cifar100/onnx/CIFAR100_resnet_medium.onnx,vnncomp2024_benchmarks/benchmarks/cifar100/vnnlib/CIFAR100_resnet_medium_prop_idx_8114_sidx_3076_eps_0.0039.vnnlib,2.793364324,unsat,24.905333483
cifar100,vnncomp2024_benchmarks/benchmarks/cifar100/onnx/CIFAR100_resnet_medium.onnx,vnncomp2024_benchmarks/benchmarks/cifar100/vnnlib/CIFAR100_resnet_medium_prop_idx_7513_sidx_8337_eps_0.0039.vnnlib,2.789885924,unsat,25.522505422
cifar100,vnncomp2024_benchmarks/benchmarks/cifar100/onnx/CIFAR100_resnet_medium.onnx,vnncomp2024_benchmarks/benchmarks/cifar100/vnnlib/CIFAR100_resnet_medium_prop_idx_5339_sidx_9521_eps_0.0039.vnnlib,2.791613491,unsat,36.517039776
cifar100,vnncomp2024_benchmarks/benchmarks/cifar100/onnx/CIFAR100_resnet_medium.onnx,vnncomp2024_benchmarks/benchmarks/cifar100/vnnlib/CIFAR100_resnet_medium_prop_idx_838_sidx_9914_eps_0.0039.vnnlib,2.837126195,sat,24.336306564
cifar100,vnncomp2024_benchmarks/benchmarks/cifar100/onnx/CIFAR100_resnet_medium.onnx,vnncomp2024_benchmarks/benchmarks/cifar100/vnnlib/CIFAR100_resnet_medium_prop_idx_5344_sidx_7738_eps_0.0039.vnnlib,2.803473544,unsat,40.348507346
cifar100,vnncomp2024_benchmarks/benchmarks/cifar100/onnx/CIFAR100_resnet_medium.onnx,vnncomp2024_benchmarks/benchmarks/cifar100/vnnlib/CIFAR100_resnet_medium_prop_idx_9080_sidx_2243_eps_0.0039.vnnlib,2.753880859,timeout,104.738085834
cifar100,vnncomp2024_benchmarks/benchmarks/cifar100/onnx/CIFAR100_resnet_medium.onnx,vnncomp2024_benchmarks/benchmarks/cifar100/vnnlib/CIFAR100_resnet_medium_prop_idx_3782_sidx_1103_eps_0.0039.vnnlib,2.768796906,unsat,34.375647035
cifar100,vnncomp2024_benchmarks/benchmarks/cifar100/onnx/CIFAR100_resnet_medium.onnx,vnncomp2024_benchmarks/benchmarks/cifar100/vnnlib/CIFAR100_resnet_medium_prop_idx_2256_sidx_8731_eps_0.0039.vnnlib,2.815156791,unsat,37.859157186
cifar100,vnncomp2024_benchmarks/benchmarks/cifar100/onnx/CIFAR100_resnet_medium.onnx,vnncomp2024_benchmarks/benchmarks/cifar100/vnnlib/CIFAR100_resnet_medium_prop_idx_509_sidx_3899_eps_0.0039.vnnlib,2.763781311,unsat,35.426505933
cifar100,vnncomp2024_benchmarks/benchmarks/cifar100/onnx/CIFAR100_resnet_medium.onnx,vnncomp2024_benchmarks/benchmarks/cifar100/vnnlib/CIFAR100_resnet_medium_prop_idx_3150_sidx_4654_eps_0.0039.vnnlib,2.813699094,unsat,33.831144315
cifar100,vnncomp2024_benchmarks/benchmarks/cifar100/onnx/CIFAR100_resnet_medium.onnx,vnncomp2024_benchmarks/benchmarks/cifar100/vnnlib/CIFAR100_resnet_medium_prop_idx_5588_sidx_9250_eps_0.0039.vnnlib,2.794159971,timeout,104.703067840
cifar100,vnncomp2024_benchmarks/benchmarks/cifar100/onnx/CIFAR100_resnet_medium.onnx,vnncomp2024_benchmarks/benchmarks/cifar100/vnnlib/CIFAR100_resnet_medium_prop_idx_6994_sidx_2409_eps_0.0039.vnnlib,2.882689449,timeout,109.596241063
cifar100,vnncomp2024_benchmarks/benchmarks/cifar100/onnx/CIFAR100_resnet_medium.onnx,vnncomp2024_benchmarks/benchmarks/cifar100/vnnlib/CIFAR100_resnet_medium_prop_idx_1190_sidx_8846_eps_0.0039.vnnlib,2.847591314,unsat,42.243630202
cifar100,vnncomp2024_benchmarks/benchmarks/cifar100/onnx/CIFAR100_resnet_medium.onnx,vnncomp2024_benchmarks/benchmarks/cifar100/vnnlib/CIFAR100_resnet_medium_prop_idx_6883_sidx_2245_eps_0.0039.vnnlib,2.776618084,unsat,51.876201841
cifar100,vnncomp2024_benchmarks/benchmarks/cifar100/onnx/CIFAR100_resnet_medium.onnx,vnncomp2024_benchmarks/benchmarks/cifar100/vnnlib/CIFAR100_resnet_medium_prop_idx_8196_sidx_3864_eps_0.0039.vnnlib,2.803702207,timeout,110.516565071
cifar100,vnncomp2024_benchmarks/benchmarks/cifar100/onnx/CIFAR100_resnet_medium.onnx,vnncomp2024_benchmarks/benchmarks/cifar100/vnnlib/CIFAR100_resnet_medium_prop_idx_7860_sidx_3471_eps_0.0039.vnnlib,2.806973445,unsat,25.249040701
cifar100,vnncomp2024_benchmarks/benchmarks/cifar100/onnx/CIFAR100_resnet_medium.onnx,vnncomp2024_benchmarks/benchmarks/cifar100/vnnlib/CIFAR100_resnet_medium_prop_idx_4429_sidx_1471_eps_0.0039.vnnlib,2.778755732,unsat,18.330287073
cifar100,vnncomp2024_benchmarks/benchmarks/cifar100/onnx/CIFAR100_resnet_medium.onnx,vnncomp2024_benchmarks/benchmarks/cifar100/vnnlib/CIFAR100_resnet_medium_prop_idx_2640_sidx_6925_eps_0.0039.vnnlib,2.777366847,sat,9.696573171
cifar100,vnncomp2024_benchmarks/benchmarks/cifar100/onnx/CIFAR100_resnet_large.onnx,vnncomp2024_benchmarks/benchmarks/cifar100/vnnlib/CIFAR100_resnet_large_prop_idx_9029_sidx_5929_eps_0.0039.vnnlib,2.975368743,unknown,25.809617012
cifar100,vnncomp2024_benchmarks/benchmarks/cifar100/onnx/CIFAR100_resnet_large.onnx,vnncomp2024_benchmarks/benchmarks/cifar100/vnnlib/CIFAR100_resnet_large_prop_idx_3460_sidx_302_eps_0.0039.vnnlib,2.998906697,unsat,22.176312734
cifar100,vnncomp2024_benchmarks/benchmarks/cifar100/onnx/CIFAR100_resnet_large.onnx,vnncomp2024_benchmarks/benchmarks/cifar100/vnnlib/CIFAR100_resnet_large_prop_idx_8527_sidx_8452_eps_0.0039.vnnlib,2.958564984,unsat,53.839027248
cifar100,vnncomp2024_benchmarks/benchmarks/cifar100/onnx/CIFAR100_resnet_large.onnx,vnncomp2024_benchmarks/benchmarks/cifar100/vnnlib/CIFAR100_resnet_large_prop_idx_7643_sidx_608_eps_0.0039.vnnlib,2.984361474,unsat,49.485782568
cifar100,vnncomp2024_benchmarks/benchmarks/cifar100/onnx/CIFAR100_resnet_large.onnx,vnncomp2024_benchmarks/benchmarks/cifar100/vnnlib/CIFAR100_resnet_large_prop_idx_2575_sidx_1066_eps_0.0039.vnnlib,2.979767084,unknown,25.585257638
cifar100,vnncomp2024_benchmarks/benchmarks/cifar100/onnx/CIFAR100_resnet_large.onnx,vnncomp2024_benchmarks/benchmarks/cifar100/vnnlib/CIFAR100_resnet_large_prop_idx_7040_sidx_7018_eps_0.0039.vnnlib,2.981741368,unsat,20.701891824
cifar100,vnncomp2024_benchmarks/benchmarks/cifar100/onnx/CIFAR100_resnet_large.onnx,vnncomp2024_benchmarks/benchmarks/cifar100/vnnlib/CIFAR100_resnet_large_prop_idx_8476_sidx_3906_eps_0.0039.vnnlib,2.966270056,unknown,22.530267007
cifar100,vnncomp2024_benchmarks/benchmarks/cifar100/onnx/CIFAR100_resnet_large.onnx,vnncomp2024_benchmarks/benchmarks/cifar100/vnnlib/CIFAR100_resnet_large_prop_idx_6280_sidx_9990_eps_0.0039.vnnlib,2.972899988,unknown,24.119924363
cifar100,vnncomp2024_benchmarks/benchmarks/cifar100/onnx/CIFAR100_resnet_large.onnx,vnncomp2024_benchmarks/benchmarks/cifar100/vnnlib/CIFAR100_resnet_large_prop_idx_1518_sidx_2289_eps_0.0039.vnnlib,2.969937343,timeout,104.721257043
cifar100,vnncomp2024_benchmarks/benchmarks/cifar100/onnx/CIFAR100_resnet_large.onnx,vnncomp2024_benchmarks/benchmarks/cifar100/vnnlib/CIFAR100_resnet_large_prop_idx_5525_sidx_5598_eps_0.0039.vnnlib,2.954840308,unknown,25.545999139
cifar100,vnncomp2024_benchmarks/benchmarks/cifar100/onnx/CIFAR100_resnet_large.onnx,vnncomp2024_benchmarks/benchmarks/cifar100/vnnlib/CIFAR100_resnet_large_prop_idx_5130_sidx_3546_eps_0.0039.vnnlib,2.961295473,sat,34.519875984
cifar100,vnncomp2024_benchmarks/benchmarks/cifar100/onnx/CIFAR100_resnet_large.onnx,vnncomp2024_benchmarks/benchmarks/cifar100/vnnlib/CIFAR100_resnet_large_prop_idx_6919_sidx_325_eps_0.0039.vnnlib,3.011978010,unknown,23.138548788
cifar100,vnncomp2024_benchmarks/benchmarks/cifar100/onnx/CIFAR100_resnet_large.onnx,vnncomp2024_benchmarks/benchmarks/cifar100/vnnlib/CIFAR100_resnet_large_prop_idx_7123_sidx_8055_eps_0.0039.vnnlib,2.965060064,unknown,24.959741102
cifar100,vnncomp2024_benchmarks/benchmarks/cifar100/onnx/CIFAR100_resnet_large.onnx,vnncomp2024_benchmarks/benchmarks/cifar100/vnnlib/CIFAR100_resnet_large_prop_idx_9227_sidx_31_eps_0.0039.vnnlib,2.956275696,unsat,21.762493258
cifar100,vnncomp2024_benchmarks/benchmarks/cifar100/onnx/CIFAR100_resnet_large.onnx,vnncomp2024_benchmarks/benchmarks/cifar100/vnnlib/CIFAR100_resnet_large_prop_idx_7661_sidx_9992_eps_0.0039.vnnlib,2.934883063,unknown,26.059380778
cifar100,vnncomp2024_benchmarks/benchmarks/cifar100/onnx/CIFAR100_resnet_large.onnx,vnncomp2024_benchmarks/benchmarks/cifar100/vnnlib/CIFAR100_resnet_large_prop_idx_6653_sidx_8255_eps_0.0039.vnnlib,2.962251262,unknown,22.979621028
cifar100,vnncomp2024_benchmarks/benchmarks/cifar100/onnx/CIFAR100_resnet_large.onnx,vnncomp2024_benchmarks/benchmarks/cifar100/vnnlib/CIFAR100_resnet_large_prop_idx_9550_sidx_3717_eps_0.0039.vnnlib,2.971700237,unknown,102.970471005
cifar100,vnncomp2024_benchmarks/benchmarks/cifar100/onnx/CIFAR100_resnet_large.onnx,vnncomp2024_benchmarks/benchmarks/cifar100/vnnlib/CIFAR100_resnet_large_prop_idx_4517_sidx_7350_eps_0.0039.vnnlib,3.020887497,unknown,23.222531064
cifar100,vnncomp2024_benchmarks/benchmarks/cifar100/onnx/CIFAR100_resnet_large.onnx,vnncomp2024_benchmarks/benchmarks/cifar100/vnnlib/CIFAR100_resnet_large_prop_idx_3858_sidx_134_eps_0.0039.vnnlib,2.962858262,unknown,25.874521669
cifar100,vnncomp2024_benchmarks/benchmarks/cifar100/onnx/CIFAR100_resnet_large.onnx,vnncomp2024_benchmarks/benchmarks/cifar100/vnnlib/CIFAR100_resnet_large_prop_idx_4554_sidx_1198_eps_0.0039.vnnlib,2.961477711,unknown,24.282254437
cifar100,vnncomp2024_benchmarks/benchmarks/cifar100/onnx/CIFAR100_resnet_large.onnx,vnncomp2024_benchmarks/benchmarks/cifar100/vnnlib/CIFAR100_resnet_large_prop_idx_4535_sidx_3722_eps_0.0039.vnnlib,2.978905841,unsat,56.820383511
cifar100,vnncomp2024_benchmarks/benchmarks/cifar100/onnx/CIFAR100_resnet_large.onnx,vnncomp2024_benchmarks/benchmarks/cifar100/vnnlib/CIFAR100_resnet_large_prop_idx_2952_sidx_6665_eps_0.0039.vnnlib,2.988577672,timeout,124.806182479
cifar100,vnncomp2024_benchmarks/benchmarks/cifar100/onnx/CIFAR100_resnet_large.onnx,vnncomp2024_benchmarks/benchmarks/cifar100/vnnlib/CIFAR100_resnet_large_prop_idx_2271_sidx_2309_eps_0.0039.vnnlib,3.009680415,unknown,24.579916002
cifar100,vnncomp2024_benchmarks/benchmarks/cifar100/onnx/CIFAR100_resnet_large.onnx,vnncomp2024_benchmarks/benchmarks/cifar100/vnnlib/CIFAR100_resnet_large_prop_idx_6697_sidx_6799_eps_0.0039.vnnlib,2.948250200,timeout,126.188717751
cifar100,vnncomp2024_benchmarks/benchmarks/cifar100/onnx/CIFAR100_resnet_large.onnx,vnncomp2024_benchmarks/benchmarks/cifar100/vnnlib/CIFAR100_resnet_large_prop_idx_7871_sidx_6435_eps_0.0039.vnnlib,2.998350399,unsat,90.919558217
cifar100,vnncomp2024_benchmarks/benchmarks/cifar100/onnx/CIFAR100_resnet_large.onnx,vnncomp2024_benchmarks/benchmarks/cifar100/vnnlib/CIFAR100_resnet_large_prop_idx_1645_sidx_4955_eps_0.0039.vnnlib,3.001673763,unsat,42.949708264
cifar100,vnncomp2024_benchmarks/benchmarks/cifar100/onnx/CIFAR100_resnet_large.onnx,vnncomp2024_benchmarks/benchmarks/cifar100/vnnlib/CIFAR100_resnet_large_prop_idx_3596_sidx_5616_eps_0.0039.vnnlib,2.961677285,unsat,67.615717677
cifar100,vnncomp2024_benchmarks/benchmarks/cifar100/onnx/CIFAR100_resnet_large.onnx,vnncomp2024_benchmarks/benchmarks/cifar100/vnnlib/CIFAR100_resnet_large_prop_idx_6983_sidx_607_eps_0.0039.vnnlib,3.018408894,unknown,23.102587326
cifar100,vnncomp2024_benchmarks/benchmarks/cifar100/onnx/CIFAR100_resnet_large.onnx,vnncomp2024_benchmarks/benchmarks/cifar100/vnnlib/CIFAR100_resnet_large_prop_idx_3324_sidx_1343_eps_0.0039.vnnlib,2.980188833,timeout,134.328828960
cifar100,vnncomp2024_benchmarks/benchmarks/cifar100/onnx/CIFAR100_resnet_large.onnx,vnncomp2024_benchmarks/benchmarks/cifar100/vnnlib/CIFAR100_resnet_large_prop_idx_5346_sidx_2357_eps_0.0039.vnnlib,3.004275795,unknown,27.533786075
cifar100,vnncomp2024_benchmarks/benchmarks/cifar100/onnx/CIFAR100_resnet_large.onnx,vnncomp2024_benchmarks/benchmarks/cifar100/vnnlib/CIFAR100_resnet_large_prop_idx_4576_sidx_8179_eps_0.0039.vnnlib,3.006120856,unknown,22.922055425
cifar100,vnncomp2024_benchmarks/benchmarks/cifar100/onnx/CIFAR100_resnet_large.onnx,vnncomp2024_benchmarks/benchmarks/cifar100/vnnlib/CIFAR100_resnet_large_prop_idx_7038_sidx_3035_eps_0.0039.vnnlib,2.971921069,unknown,26.246188163
cifar100,vnncomp2024_benchmarks/benchmarks/cifar100/onnx/CIFAR100_resnet_large.onnx,vnncomp2024_benchmarks/benchmarks/cifar100/vnnlib/CIFAR100_resnet_large_prop_idx_5716_sidx_7874_eps_0.0039.vnnlib,2.971375822,unknown,23.655621448
cifar100,vnncomp2024_benchmarks/benchmarks/cifar100/onnx/CIFAR100_resnet_large.onnx,vnncomp2024_benchmarks/benchmarks/cifar100/vnnlib/CIFAR100_resnet_large_prop_idx_2479_sidx_2028_eps_0.0039.vnnlib,2.955360343,unsat,67.225878757
cifar100,vnncomp2024_benchmarks/benchmarks/cifar100/onnx/CIFAR100_resnet_large.onnx,vnncomp2024_benchmarks/benchmarks/cifar100/vnnlib/CIFAR100_resnet_large_prop_idx_4319_sidx_2120_eps_0.0039.vnnlib,2.963907426,unknown,23.519937981
cifar100,vnncomp2024_benchmarks/benchmarks/cifar100/onnx/CIFAR100_resnet_large.onnx,vnncomp2024_benchmarks/benchmarks/cifar100/vnnlib/CIFAR100_resnet_large_prop_idx_2452_sidx_2953_eps_0.0039.vnnlib,3.006503489,unsat,21.261361717
cifar100,vnncomp2024_benchmarks/benchmarks/cifar100/onnx/CIFAR100_resnet_large.onnx,vnncomp2024_benchmarks/benchmarks/cifar100/vnnlib/CIFAR100_resnet_large_prop_idx_9443_sidx_9318_eps_0.0039.vnnlib,2.956046972,unsat,28.246721999
cifar100,vnncomp2024_benchmarks/benchmarks/cifar100/onnx/CIFAR100_resnet_large.onnx,vnncomp2024_benchmarks/benchmarks/cifar100/vnnlib/CIFAR100_resnet_large_prop_idx_1256_sidx_9401_eps_0.0039.vnnlib,2.975071078,unsat,59.780156637
cifar100,vnncomp2024_benchmarks/benchmarks/cifar100/onnx/CIFAR100_resnet_large.onnx,vnncomp2024_benchmarks/benchmarks/cifar100/vnnlib/CIFAR100_resnet_large_prop_idx_3133_sidx_2042_eps_0.0039.vnnlib,2.994540937,timeout,105.082544022
cifar100,vnncomp2024_benchmarks/benchmarks/cifar100/onnx/CIFAR100_resnet_large.onnx,vnncomp2024_benchmarks/benchmarks/cifar100/vnnlib/CIFAR100_resnet_large_prop_idx_3484_sidx_1686_eps_0.0039.vnnlib,2.989976410,unknown,43.287247991
cifar100,vnncomp2024_benchmarks/benchmarks/cifar100/onnx/CIFAR100_resnet_large.onnx,vnncomp2024_benchmarks/benchmarks/cifar100/vnnlib/CIFAR100_resnet_large_prop_idx_8391_sidx_4670_eps_0.0039.vnnlib,2.988619870,unsat,42.093494146
cifar100,vnncomp2024_benchmarks/benchmarks/cifar100/onnx/CIFAR100_resnet_large.onnx,vnncomp2024_benchmarks/benchmarks/cifar100/vnnlib/CIFAR100_resnet_large_prop_idx_7034_sidx_4129_eps_0.0039.vnnlib,3.028321625,unknown,23.671444248
cifar100,vnncomp2024_benchmarks/benchmarks/cifar100/onnx/CIFAR100_resnet_large.onnx,vnncomp2024_benchmarks/benchmarks/cifar100/vnnlib/CIFAR100_resnet_large_prop_idx_2090_sidx_766_eps_0.0039.vnnlib,2.950835286,unsat,23.805627316
cifar100,vnncomp2024_benchmarks/benchmarks/cifar100/onnx/CIFAR100_resnet_large.onnx,vnncomp2024_benchmarks/benchmarks/cifar100/vnnlib/CIFAR100_resnet_large_prop_idx_3351_sidx_3809_eps_0.0039.vnnlib,3.004104321,timeout,133.192235098
cifar100,vnncomp2024_benchmarks/benchmarks/cifar100/onnx/CIFAR100_resnet_large.onnx,vnncomp2024_benchmarks/benchmarks/cifar100/vnnlib/CIFAR100_resnet_large_prop_idx_7187_sidx_4191_eps_0.0039.vnnlib,2.959071189,timeout,158.321738392
cifar100,vnncomp2024_benchmarks/benchmarks/cifar100/onnx/CIFAR100_resnet_large.onnx,vnncomp2024_benchmarks/benchmarks/cifar100/vnnlib/CIFAR100_resnet_large_prop_idx_1724_sidx_7463_eps_0.0039.vnnlib,3.669505235,unknown,27.862525050
cifar100,vnncomp2024_benchmarks/benchmarks/cifar100/onnx/CIFAR100_resnet_large.onnx,vnncomp2024_benchmarks/benchmarks/cifar100/vnnlib/CIFAR100_resnet_large_prop_idx_8800_sidx_3363_eps_0.0039.vnnlib,3.098664114,unsat,22.426443965
cifar100,vnncomp2024_benchmarks/benchmarks/cifar100/onnx/CIFAR100_resnet_large.onnx,vnncomp2024_benchmarks/benchmarks/cifar100/vnnlib/CIFAR100_resnet_large_prop_idx_1481_sidx_5343_eps_0.0039.vnnlib,3.597827999,timeout,127.894612900
cifar100,vnncomp2024_benchmarks/benchmarks/cifar100/onnx/CIFAR100_resnet_large.onnx,vnncomp2024_benchmarks/benchmarks/cifar100/vnnlib/CIFAR100_resnet_large_prop_idx_9686_sidx_6346_eps_0.0039.vnnlib,3.762844839,unknown,26.722907647
cifar100,vnncomp2024_benchmarks/benchmarks/cifar100/onnx/CIFAR100_resnet_large.onnx,vnncomp2024_benchmarks/benchmarks/cifar100/vnnlib/CIFAR100_resnet_large_prop_idx_9099_sidx_8444_eps_0.0039.vnnlib,4.208717011,unknown,26.237801876
cifar100,vnncomp2024_benchmarks/benchmarks/cifar100/onnx/CIFAR100_resnet_large.onnx,vnncomp2024_benchmarks/benchmarks/cifar100/vnnlib/CIFAR100_resnet_large_prop_idx_8898_sidx_7094_eps_0.0039.vnnlib,3.666024859,unsat,23.676567413
cifar100,vnncomp2024_benchmarks/benchmarks/cifar100/onnx/CIFAR100_resnet_large.onnx,vnncomp2024_benchmarks/benchmarks/cifar100/vnnlib/CIFAR100_resnet_large_prop_idx_5339_sidx_9521_eps_0.0039.vnnlib,3.461890469,unknown,23.898613996
cifar100,vnncomp2024_benchmarks/benchmarks/cifar100/onnx/CIFAR100_resnet_large.onnx,vnncomp2024_benchmarks/benchmarks/cifar100/vnnlib/CIFAR100_resnet_large_prop_idx_7247_sidx_7033_eps_0.0039.vnnlib,3.140593458,unknown,26.484886804
cifar100,vnncomp2024_benchmarks/benchmarks/cifar100/onnx/CIFAR100_resnet_large.onnx,vnncomp2024_benchmarks/benchmarks/cifar100/vnnlib/CIFAR100_resnet_large_prop_idx_8480_sidx_3784_eps_0.0039.vnnlib,3.465629878,unknown,23.897167197
cifar100,vnncomp2024_benchmarks/benchmarks/cifar100/onnx/CIFAR100_resnet_large.onnx,vnncomp2024_benchmarks/benchmarks/cifar100/vnnlib/CIFAR100_resnet_large_prop_idx_723_sidx_7730_eps_0.0039.vnnlib,3.493209511,unsat,59.413956255
cifar100,vnncomp2024_benchmarks/benchmarks/cifar100/onnx/CIFAR100_resnet_large.onnx,vnncomp2024_benchmarks/benchmarks/cifar100/vnnlib/CIFAR100_resnet_large_prop_idx_841_sidx_8712_eps_0.0039.vnnlib,3.312109733,unsat,26.201199049
cifar100,vnncomp2024_benchmarks/benchmarks/cifar100/onnx/CIFAR100_resnet_large.onnx,vnncomp2024_benchmarks/benchmarks/cifar100/vnnlib/CIFAR100_resnet_large_prop_idx_6271_sidx_9342_eps_0.0039.vnnlib,3.592315514,unknown,25.954552510
cifar100,vnncomp2024_benchmarks/benchmarks/cifar100/onnx/CIFAR100_resnet_large.onnx,vnncomp2024_benchmarks/benchmarks/cifar100/vnnlib/CIFAR100_resnet_large_prop_idx_6258_sidx_69_eps_0.0039.vnnlib,3.550220766,timeout,125.339558529
cifar100,vnncomp2024_benchmarks/benchmarks/cifar100/onnx/CIFAR100_resnet_large.onnx,vnncomp2024_benchmarks/benchmarks/cifar100/vnnlib/CIFAR100_resnet_large_prop_idx_752_sidx_6315_eps_0.0039.vnnlib,3.937333066,unknown,23.319125921
cifar100,vnncomp2024_benchmarks/benchmarks/cifar100/onnx/CIFAR100_resnet_large.onnx,vnncomp2024_benchmarks/benchmarks/cifar100/vnnlib/CIFAR100_resnet_large_prop_idx_9424_sidx_7889_eps_0.0039.vnnlib,3.559443731,unknown,24.676932129
cifar100,vnncomp2024_benchmarks/benchmarks/cifar100/onnx/CIFAR100_resnet_large.onnx,vnncomp2024_benchmarks/benchmarks/cifar100/vnnlib/CIFAR100_resnet_large_prop_idx_5701_sidx_7560_eps_0.0039.vnnlib,4.339702050,unknown,26.673735795
cifar100,vnncomp2024_benchmarks/benchmarks/cifar100/onnx/CIFAR100_resnet_large.onnx,vnncomp2024_benchmarks/benchmarks/cifar100/vnnlib/CIFAR100_resnet_large_prop_idx_3472_sidx_9374_eps_0.0039.vnnlib,2.979895968,unsat,55.190435581
cifar100,vnncomp2024_benchmarks/benchmarks/cifar100/onnx/CIFAR100_resnet_large.onnx,vnncomp2024_benchmarks/benchmarks/cifar100/vnnlib/CIFAR100_resnet_large_prop_idx_9737_sidx_8927_eps_0.0039.vnnlib,2.993049633,unsat,62.118362180
cifar100,vnncomp2024_benchmarks/benchmarks/cifar100/onnx/CIFAR100_resnet_large.onnx,vnncomp2024_benchmarks/benchmarks/cifar100/vnnlib/CIFAR100_resnet_large_prop_idx_9073_sidx_5083_eps_0.0039.vnnlib,2.998105233,unknown,27.071724335
cifar100,vnncomp2024_benchmarks/benchmarks/cifar100/onnx/CIFAR100_resnet_large.onnx,vnncomp2024_benchmarks/benchmarks/cifar100/vnnlib/CIFAR100_resnet_large_prop_idx_988_sidx_1384_eps_0.0039.vnnlib,2.996924735,timeout,133.960885624
cifar100,vnncomp2024_benchmarks/benchmarks/cifar100/onnx/CIFAR100_resnet_large.onnx,vnncomp2024_benchmarks/benchmarks/cifar100/vnnlib/CIFAR100_resnet_large_prop_idx_2302_sidx_3657_eps_0.0039.vnnlib,3.010974716,unsat,27.281476246
cifar100,vnncomp2024_benchmarks/benchmarks/cifar100/onnx/CIFAR100_resnet_large.onnx,vnncomp2024_benchmarks/benchmarks/cifar100/vnnlib/CIFAR100_resnet_large_prop_idx_7397_sidx_9274_eps_0.0039.vnnlib,2.973478645,unsat,61.104248197
cifar100,vnncomp2024_benchmarks/benchmarks/cifar100/onnx/CIFAR100_resnet_large.onnx,vnncomp2024_benchmarks/benchmarks/cifar100/vnnlib/CIFAR100_resnet_large_prop_idx_8672_sidx_9364_eps_0.0039.vnnlib,2.993707916,unknown,22.930956193
cifar100,vnncomp2024_benchmarks/benchmarks/cifar100/onnx/CIFAR100_resnet_large.onnx,vnncomp2024_benchmarks/benchmarks/cifar100/vnnlib/CIFAR100_resnet_large_prop_idx_1751_sidx_4589_eps_0.0039.vnnlib,3.026088253,unsat,21.334057365
cifar100,vnncomp2024_benchmarks/benchmarks/cifar100/onnx/CIFAR100_resnet_large.onnx,vnncomp2024_benchmarks/benchmarks/cifar100/vnnlib/CIFAR100_resnet_large_prop_idx_4251_sidx_1755_eps_0.0039.vnnlib,2.974393706,unknown,23.949094430
cifar100,vnncomp2024_benchmarks/benchmarks/cifar100/onnx/CIFAR100_resnet_large.onnx,vnncomp2024_benchmarks/benchmarks/cifar100/vnnlib/CIFAR100_resnet_large_prop_idx_1497_sidx_1922_eps_0.0039.vnnlib,2.998121726,unsat,22.711850250
cifar100,vnncomp2024_benchmarks/benchmarks/cifar100/onnx/CIFAR100_resnet_large.onnx,vnncomp2024_benchmarks/benchmarks/cifar100/vnnlib/CIFAR100_resnet_large_prop_idx_9928_sidx_428_eps_0.0039.vnnlib,3.003713488,unsat,45.860304624
cifar100,vnncomp2024_benchmarks/benchmarks/cifar100/onnx/CIFAR100_resnet_large.onnx,vnncomp2024_benchmarks/benchmarks/cifar100/vnnlib/CIFAR100_resnet_large_prop_idx_8502_sidx_2893_eps_0.0039.vnnlib,2.984065565,unsat,56.330146245
cifar100,vnncomp2024_benchmarks/benchmarks/cifar100/onnx/CIFAR100_resnet_large.onnx,vnncomp2024_benchmarks/benchmarks/cifar100/vnnlib/CIFAR100_resnet_large_prop_idx_1372_sidx_9800_eps_0.0039.vnnlib,2.991469172,sat,42.530844996
cifar100,vnncomp2024_benchmarks/benchmarks/cifar100/onnx/CIFAR100_resnet_large.onnx,vnncomp2024_benchmarks/benchmarks/cifar100/vnnlib/CIFAR100_resnet_large_prop_idx_7072_sidx_7470_eps_0.0039.vnnlib,3.074587999,unknown,25.406636054
cifar100,vnncomp2024_benchmarks/benchmarks/cifar100/onnx/CIFAR100_resnet_large.onnx,vnncomp2024_benchmarks/benchmarks/cifar100/vnnlib/CIFAR100_resnet_large_prop_idx_9097_sidx_7313_eps_0.0039.vnnlib,2.960680543,unsat,22.403577901
cifar100,vnncomp2024_benchmarks/benchmarks/cifar100/onnx/CIFAR100_resnet_large.onnx,vnncomp2024_benchmarks/benchmarks/cifar100/vnnlib/CIFAR100_resnet_large_prop_idx_9016_sidx_8318_eps_0.0039.vnnlib,2.994067688,unknown,24.255638434
cifar100,vnncomp2024_benchmarks/benchmarks/cifar100/onnx/CIFAR100_resnet_large.onnx,vnncomp2024_benchmarks/benchmarks/cifar100/vnnlib/CIFAR100_resnet_large_prop_idx_4320_sidx_8813_eps_0.0039.vnnlib,2.963887935,unknown,28.071271442
cifar100,vnncomp2024_benchmarks/benchmarks/cifar100/onnx/CIFAR100_resnet_large.onnx,vnncomp2024_benchmarks/benchmarks/cifar100/vnnlib/CIFAR100_resnet_large_prop_idx_7089_sidx_5353_eps_0.0039.vnnlib,2.974670987,timeout,131.569748300
cifar100,vnncomp2024_benchmarks/benchmarks/cifar100/onnx/CIFAR100_resnet_large.onnx,vnncomp2024_benchmarks/benchmarks/cifar100/vnnlib/CIFAR100_resnet_large_prop_idx_613_sidx_6258_eps_0.0039.vnnlib,2.967560371,unknown,23.988243805
cifar100,vnncomp2024_benchmarks/benchmarks/cifar100/onnx/CIFAR100_resnet_large.onnx,vnncomp2024_benchmarks/benchmarks/cifar100/vnnlib/CIFAR100_resnet_large_prop_idx_4758_sidx_7103_eps_0.0039.vnnlib,2.993795639,unknown,22.828236750
cifar100,vnncomp2024_benchmarks/benchmarks/cifar100/onnx/CIFAR100_resnet_large.onnx,vnncomp2024_benchmarks/benchmarks/cifar100/vnnlib/CIFAR100_resnet_large_prop_idx_4014_sidx_5124_eps_0.0039.vnnlib,3.034173144,unknown,27.556214388
cifar100,vnncomp2024_benchmarks/benchmarks/cifar100/onnx/CIFAR100_resnet_large.onnx,vnncomp2024_benchmarks/benchmarks/cifar100/vnnlib/CIFAR100_resnet_large_prop_idx_7218_sidx_5543_eps_0.0039.vnnlib,3.016505932,unsat,65.585311247
cifar100,vnncomp2024_benchmarks/benchmarks/cifar100/onnx/CIFAR100_resnet_large.onnx,vnncomp2024_benchmarks/benchmarks/cifar100/vnnlib/CIFAR100_resnet_large_prop_idx_9132_sidx_1053_eps_0.0039.vnnlib,3.003858972,unsat,72.143647035
cifar100,vnncomp2024_benchmarks/benchmarks/cifar100/onnx/CIFAR100_resnet_large.onnx,vnncomp2024_benchmarks/benchmarks/cifar100/vnnlib/CIFAR100_resnet_large_prop_idx_3498_sidx_1404_eps_0.0039.vnnlib,3.052252095,unknown,25.576795432
cifar100,vnncomp2024_benchmarks/benchmarks/cifar100/onnx/CIFAR100_resnet_large.onnx,vnncomp2024_benchmarks/benchmarks/cifar100/vnnlib/CIFAR100_resnet_large_prop_idx_5994_sidx_4429_eps_0.0039.vnnlib,2.989574473,unsat,60.877251639
cifar100,vnncomp2024_benchmarks/benchmarks/cifar100/onnx/CIFAR100_resnet_large.onnx,vnncomp2024_benchmarks/benchmarks/cifar100/vnnlib/CIFAR100_resnet_large_prop_idx_2715_sidx_8690_eps_0.0039.vnnlib,3.016858020,unsat,73.681647771
cifar100,vnncomp2024_benchmarks/benchmarks/cifar100/onnx/CIFAR100_resnet_large.onnx,vnncomp2024_benchmarks/benchmarks/cifar100/vnnlib/CIFAR100_resnet_large_prop_idx_2750_sidx_1313_eps_0.0039.vnnlib,3.014815000,unsat,70.380385768
cifar100,vnncomp2024_benchmarks/benchmarks/cifar100/onnx/CIFAR100_resnet_large.onnx,vnncomp2024_benchmarks/benchmarks/cifar100/vnnlib/CIFAR100_resnet_large_prop_idx_1827_sidx_2176_eps_0.0039.vnnlib,3.012764809,unknown,25.662897460
cifar100,vnncomp2024_benchmarks/benchmarks/cifar100/onnx/CIFAR100_resnet_large.onnx,vnncomp2024_benchmarks/benchmarks/cifar100/vnnlib/CIFAR100_resnet_large_prop_idx_9773_sidx_3718_eps_0.0039.vnnlib,3.005639501,sat,43.187621507
cifar100,vnncomp2024_benchmarks/benchmarks/cifar100/onnx/CIFAR100_resnet_large.onnx,vnncomp2024_benchmarks/benchmarks/cifar100/vnnlib/CIFAR100_resnet_large_prop_idx_2668_sidx_2652_eps_0.0039.vnnlib,3.085621705,unknown,23.498717224
cifar100,vnncomp2024_benchmarks/benchmarks/cifar100/onnx/CIFAR100_resnet_large.onnx,vnncomp2024_benchmarks/benchmarks/cifar100/vnnlib/CIFAR100_resnet_large_prop_idx_656_sidx_2209_eps_0.0039.vnnlib,3.022173447,unknown,22.966020590
cifar100,vnncomp2024_benchmarks/benchmarks/cifar100/onnx/CIFAR100_resnet_large.onnx,vnncomp2024_benchmarks/benchmarks/cifar100/vnnlib/CIFAR100_resnet_large_prop_idx_2717_sidx_551_eps_0.0039.vnnlib,3.008707144,timeout,148.420461403
cifar100,vnncomp2024_benchmarks/benchmarks/cifar100/onnx/CIFAR100_resnet_large.onnx,vnncomp2024_benchmarks/benchmarks/cifar100/vnnlib/CIFAR100_resnet_large_prop_idx_2061_sidx_3325_eps_0.0039.vnnlib,3.011997775,sat,38.396445388
cifar100,vnncomp2024_benchmarks/benchmarks/cifar100/onnx/CIFAR100_resnet_large.onnx,vnncomp2024_benchmarks/benchmarks/cifar100/vnnlib/CIFAR100_resnet_large_prop_idx_6808_sidx_4725_eps_0.0039.vnnlib,2.994709927,unknown,26.461799930
cifar100,vnncomp2024_benchmarks/benchmarks/cifar100/onnx/CIFAR100_resnet_large.onnx,vnncomp2024_benchmarks/benchmarks/cifar100/vnnlib/CIFAR100_resnet_large_prop_idx_392_sidx_3695_eps_0.0039.vnnlib,3.024594770,unsat,71.903974913
cifar100,vnncomp2024_benchmarks/benchmarks/cifar100/onnx/CIFAR100_resnet_large.onnx,vnncomp2024_benchmarks/benchmarks/cifar100/vnnlib/CIFAR100_resnet_large_prop_idx_5798_sidx_5258_eps_0.0039.vnnlib,3.073074257,unknown,23.588174269
cifar100,vnncomp2024_benchmarks/benchmarks/cifar100/onnx/CIFAR100_resnet_large.onnx,vnncomp2024_benchmarks/benchmarks/cifar100/vnnlib/CIFAR100_resnet_large_prop_idx_9299_sidx_5711_eps_0.0039.vnnlib,2.986226760,unknown,23.665671751
cifar100,vnncomp2024_benchmarks/benchmarks/cifar100/onnx/CIFAR100_resnet_large.onnx,vnncomp2024_benchmarks/benchmarks/cifar100/vnnlib/CIFAR100_resnet_large_prop_idx_3316_sidx_5822_eps_0.0039.vnnlib,2.983389792,unknown,23.416936169
cifar100,vnncomp2024_benchmarks/benchmarks/cifar100/onnx/CIFAR100_resnet_large.onnx,vnncomp2024_benchmarks/benchmarks/cifar100/vnnlib/CIFAR100_resnet_large_prop_idx_6995_sidx_9302_eps_0.0039.vnnlib,2.978045609,unsat,66.914457167
cifar100,vnncomp2024_benchmarks/benchmarks/test/test_nano.onnx,vnncomp2024_benchmarks/benchmarks/test/test_nano.vnnlib,2.003010017,unsat,6.147440293
