nn4sys_2023,vnncomp2024_benchmarks/benchmarks/nn4sys_2023/onnx/pensieve_big_parallel.onnx,vnncomp2024_benchmarks/benchmarks/nn4sys_2023/vnnlib/pensieve_parallel_0.vnnlib,4.757557106,run_instance_timeout,90.003138305
nn4sys_2023,vnncomp2024_benchmarks/benchmarks/nn4sys_2023/onnx/pensieve_small_simple.onnx,vnncomp2024_benchmarks/benchmarks/nn4sys_2023/vnnlib/pensieve_simple_1.vnnlib,3.797280145,unsat,6.090110770
nn4sys_2023,vnncomp2024_benchmarks/benchmarks/nn4sys_2023/onnx/pensieve_small_simple.onnx,vnncomp2024_benchmarks/benchmarks/nn4sys_2023/vnnlib/pensieve_simple_2.vnnlib,3.088944077,unsat,6.090836682
nn4sys_2023,vnncomp2024_benchmarks/benchmarks/nn4sys_2023/onnx/pensieve_big_simple.onnx,vnncomp2024_benchmarks/benchmarks/nn4sys_2023/vnnlib/pensieve_simple_3.vnnlib,6.110498609,unsat,7.120338322
nn4sys_2023,vnncomp2024_benchmarks/benchmarks/nn4sys_2023/onnx/pensieve_small_parallel.onnx,vnncomp2024_benchmarks/benchmarks/nn4sys_2023/vnnlib/pensieve_parallel_4.vnnlib,3.606384571,run_instance_timeout,90.003455692
nn4sys_2023,vnncomp2024_benchmarks/benchmarks/nn4sys_2023/onnx/pensieve_small_simple.onnx,vnncomp2024_benchmarks/benchmarks/nn4sys_2023/vnnlib/pensieve_simple_5.vnnlib,3.193983657,unsat,6.091173421
nn4sys_2023,vnncomp2024_benchmarks/benchmarks/nn4sys_2023/onnx/pensieve_small_simple.onnx,vnncomp2024_benchmarks/benchmarks/nn4sys_2023/vnnlib/pensieve_simple_6.vnnlib,3.141808769,unsat,6.092506047
nn4sys_2023,vnncomp2024_benchmarks/benchmarks/nn4sys_2023/onnx/pensieve_big_parallel.onnx,vnncomp2024_benchmarks/benchmarks/nn4sys_2023/vnnlib/pensieve_parallel_7.vnnlib,3.995466036,run_instance_timeout,90.003285998
nn4sys_2023,vnncomp2024_benchmarks/benchmarks/nn4sys_2023/onnx/pensieve_small_parallel.onnx,vnncomp2024_benchmarks/benchmarks/nn4sys_2023/vnnlib/pensieve_parallel_8.vnnlib,2.979386808,run_instance_timeout,90.003238041
nn4sys_2023,vnncomp2024_benchmarks/benchmarks/nn4sys_2023/onnx/pensieve_small_parallel.onnx,vnncomp2024_benchmarks/benchmarks/nn4sys_2023/vnnlib/pensieve_parallel_9.vnnlib,3.033183193,run_instance_timeout,90.003216951
nn4sys_2023,vnncomp2024_benchmarks/benchmarks/nn4sys_2023/onnx/pensieve_mid_simple.onnx,vnncomp2024_benchmarks/benchmarks/nn4sys_2023/vnnlib/pensieve_simple_10.vnnlib,4.809836632,unsat,6.098395525
nn4sys_2023,vnncomp2024_benchmarks/benchmarks/nn4sys_2023/onnx/pensieve_mid_simple.onnx,vnncomp2024_benchmarks/benchmarks/nn4sys_2023/vnnlib/pensieve_simple_11.vnnlib,3.997873541,unsat,6.095213321
nn4sys_2023,vnncomp2024_benchmarks/benchmarks/nn4sys_2023/onnx/pensieve_small_simple.onnx,vnncomp2024_benchmarks/benchmarks/nn4sys_2023/vnnlib/pensieve_simple_12.vnnlib,3.154997712,unsat,6.096366028
nn4sys_2023,vnncomp2024_benchmarks/benchmarks/nn4sys_2023/onnx/pensieve_small_simple.onnx,vnncomp2024_benchmarks/benchmarks/nn4sys_2023/vnnlib/pensieve_simple_13.vnnlib,3.162119593,unsat,6.096622433
nn4sys_2023,vnncomp2024_benchmarks/benchmarks/nn4sys_2023/onnx/pensieve_big_simple.onnx,vnncomp2024_benchmarks/benchmarks/nn4sys_2023/vnnlib/pensieve_simple_14.vnnlib,5.384370730,unsat,7.102009723
nn4sys_2023,vnncomp2024_benchmarks/benchmarks/nn4sys_2023/onnx/pensieve_small_parallel.onnx,vnncomp2024_benchmarks/benchmarks/nn4sys_2023/vnnlib/pensieve_parallel_15.vnnlib,2.992336490,run_instance_timeout,90.003387028
nn4sys_2023,vnncomp2024_benchmarks/benchmarks/nn4sys_2023/onnx/pensieve_big_parallel.onnx,vnncomp2024_benchmarks/benchmarks/nn4sys_2023/vnnlib/pensieve_parallel_16.vnnlib,4.003870703,run_instance_timeout,90.003232400
nn4sys_2023,vnncomp2024_benchmarks/benchmarks/nn4sys_2023/onnx/pensieve_big_parallel.onnx,vnncomp2024_benchmarks/benchmarks/nn4sys_2023/vnnlib/pensieve_parallel_17.vnnlib,4.065714256,run_instance_timeout,90.003193736
nn4sys_2023,vnncomp2024_benchmarks/benchmarks/nn4sys_2023/onnx/pensieve_small_simple.onnx,vnncomp2024_benchmarks/benchmarks/nn4sys_2023/vnnlib/pensieve_simple_18.vnnlib,3.150996119,unsat,6.093593008
nn4sys_2023,vnncomp2024_benchmarks/benchmarks/nn4sys_2023/onnx/pensieve_small_simple.onnx,vnncomp2024_benchmarks/benchmarks/nn4sys_2023/vnnlib/pensieve_simple_19.vnnlib,3.152261650,unsat,6.094811226
nn4sys_2023,vnncomp2024_benchmarks/benchmarks/nn4sys_2023/onnx/pensieve_big_simple.onnx,vnncomp2024_benchmarks/benchmarks/nn4sys_2023/vnnlib/pensieve_simple_20.vnnlib,5.354700998,unsat,7.099291045
nn4sys_2023,vnncomp2024_benchmarks/benchmarks/nn4sys_2023/onnx/pensieve_big_parallel.onnx,vnncomp2024_benchmarks/benchmarks/nn4sys_2023/vnnlib/pensieve_parallel_21.vnnlib,4.007273859,run_instance_timeout,90.003650833
nn4sys_2023,vnncomp2024_benchmarks/benchmarks/nn4sys_2023/onnx/pensieve_mid_simple.onnx,vnncomp2024_benchmarks/benchmarks/nn4sys_2023/vnnlib/pensieve_simple_22.vnnlib,4.073958225,unsat,6.093593217
nn4sys_2023,vnncomp2024_benchmarks/benchmarks/nn4sys_2023/onnx/pensieve_big_simple.onnx,vnncomp2024_benchmarks/benchmarks/nn4sys_2023/vnnlib/pensieve_simple_23.vnnlib,5.381730325,unsat,7.099745102
nn4sys_2023,vnncomp2024_benchmarks/benchmarks/nn4sys_2023/onnx/pensieve_small_simple.onnx,vnncomp2024_benchmarks/benchmarks/nn4sys_2023/vnnlib/pensieve_simple_24.vnnlib,3.154531697,unsat,6.097156540
nn4sys_2023,vnncomp2024_benchmarks/benchmarks/nn4sys_2023/onnx/pensieve_big_parallel.onnx,vnncomp2024_benchmarks/benchmarks/nn4sys_2023/vnnlib/pensieve_parallel_25.vnnlib,3.982763592,run_instance_timeout,90.003105404
nn4sys_2023,vnncomp2024_benchmarks/benchmarks/nn4sys_2023/onnx/pensieve_small_parallel.onnx,vnncomp2024_benchmarks/benchmarks/nn4sys_2023/vnnlib/pensieve_parallel_26.vnnlib,3.001894002,run_instance_timeout,90.003423637
nn4sys_2023,vnncomp2024_benchmarks/benchmarks/nn4sys_2023/onnx/pensieve_small_simple.onnx,vnncomp2024_benchmarks/benchmarks/nn4sys_2023/vnnlib/pensieve_simple_27.vnnlib,3.122128451,unsat,6.093925524
nn4sys_2023,vnncomp2024_benchmarks/benchmarks/nn4sys_2023/onnx/pensieve_small_simple.onnx,vnncomp2024_benchmarks/benchmarks/nn4sys_2023/vnnlib/pensieve_simple_28.vnnlib,3.089935332,unsat,6.093685596
nn4sys_2023,vnncomp2024_benchmarks/benchmarks/nn4sys_2023/onnx/pensieve_mid_simple.onnx,vnncomp2024_benchmarks/benchmarks/nn4sys_2023/vnnlib/pensieve_simple_29.vnnlib,3.967351695,unsat,6.092411226
nn4sys_2023,vnncomp2024_benchmarks/benchmarks/nn4sys_2023/onnx/pensieve_mid_simple.onnx,vnncomp2024_benchmarks/benchmarks/nn4sys_2023/vnnlib/pensieve_simple_30.vnnlib,3.961125433,unsat,6.092890605
nn4sys_2023,vnncomp2024_benchmarks/benchmarks/nn4sys_2023/onnx/pensieve_big_simple.onnx,vnncomp2024_benchmarks/benchmarks/nn4sys_2023/vnnlib/pensieve_simple_31.vnnlib,5.335421969,unsat,7.100284336
nn4sys_2023,vnncomp2024_benchmarks/benchmarks/nn4sys_2023/onnx/pensieve_small_parallel.onnx,vnncomp2024_benchmarks/benchmarks/nn4sys_2023/vnnlib/pensieve_parallel_32.vnnlib,2.937291609,run_instance_timeout,90.003009394
nn4sys_2023,vnncomp2024_benchmarks/benchmarks/nn4sys_2023/onnx/pensieve_mid_simple.onnx,vnncomp2024_benchmarks/benchmarks/nn4sys_2023/vnnlib/pensieve_simple_33.vnnlib,3.983274667,unsat,6.093692785
nn4sys_2023,vnncomp2024_benchmarks/benchmarks/nn4sys_2023/onnx/pensieve_big_parallel.onnx,vnncomp2024_benchmarks/benchmarks/nn4sys_2023/vnnlib/pensieve_parallel_34.vnnlib,3.924208771,run_instance_timeout,90.003458541
nn4sys_2023,vnncomp2024_benchmarks/benchmarks/nn4sys_2023/onnx/pensieve_big_parallel.onnx,vnncomp2024_benchmarks/benchmarks/nn4sys_2023/vnnlib/pensieve_parallel_35.vnnlib,3.958619387,run_instance_timeout,120.003094848
nn4sys_2023,vnncomp2024_benchmarks/benchmarks/nn4sys_2023/onnx/pensieve_big_parallel.onnx,vnncomp2024_benchmarks/benchmarks/nn4sys_2023/vnnlib/pensieve_parallel_36.vnnlib,3.985379464,run_instance_timeout,120.003336735
nn4sys_2023,vnncomp2024_benchmarks/benchmarks/nn4sys_2023/onnx/pensieve_big_parallel.onnx,vnncomp2024_benchmarks/benchmarks/nn4sys_2023/vnnlib/pensieve_parallel_37.vnnlib,3.925186093,run_instance_timeout,120.003414778
nn4sys_2023,vnncomp2024_benchmarks/benchmarks/nn4sys_2023/onnx/pensieve_big_parallel.onnx,vnncomp2024_benchmarks/benchmarks/nn4sys_2023/vnnlib/pensieve_parallel_38.vnnlib,3.905433729,run_instance_timeout,120.003667311
nn4sys_2023,vnncomp2024_benchmarks/benchmarks/nn4sys_2023/onnx/pensieve_big_parallel.onnx,vnncomp2024_benchmarks/benchmarks/nn4sys_2023/vnnlib/pensieve_parallel_39.vnnlib,4.003180122,run_instance_timeout,120.003358937
nn4sys_2023,vnncomp2024_benchmarks/benchmarks/nn4sys_2023/onnx/pensieve_big_parallel.onnx,vnncomp2024_benchmarks/benchmarks/nn4sys_2023/vnnlib/pensieve_parallel_40.vnnlib,4.091309415,run_instance_timeout,120.003295185
nn4sys_2023,vnncomp2024_benchmarks/benchmarks/nn4sys_2023/onnx/pensieve_big_parallel.onnx,vnncomp2024_benchmarks/benchmarks/nn4sys_2023/vnnlib/pensieve_parallel_41.vnnlib,3.908530897,run_instance_timeout,120.002905352
nn4sys_2023,vnncomp2024_benchmarks/benchmarks/nn4sys_2023/onnx/pensieve_big_parallel.onnx,vnncomp2024_benchmarks/benchmarks/nn4sys_2023/vnnlib/pensieve_parallel_42.vnnlib,3.974827630,run_instance_timeout,120.003262478
nn4sys_2023,vnncomp2024_benchmarks/benchmarks/nn4sys_2023/onnx/pensieve_big_parallel.onnx,vnncomp2024_benchmarks/benchmarks/nn4sys_2023/vnnlib/pensieve_parallel_43.vnnlib,3.950980510,run_instance_timeout,120.003301979
nn4sys_2023,vnncomp2024_benchmarks/benchmarks/nn4sys_2023/onnx/pensieve_big_parallel.onnx,vnncomp2024_benchmarks/benchmarks/nn4sys_2023/vnnlib/pensieve_parallel_44.vnnlib,3.983263884,run_instance_timeout,120.003372576
nn4sys_2023,vnncomp2024_benchmarks/benchmarks/nn4sys_2023/onnx/pensieve_big_parallel.onnx,vnncomp2024_benchmarks/benchmarks/nn4sys_2023/vnnlib/pensieve_parallel_45.vnnlib,3.912513463,run_instance_timeout,120.003147951
nn4sys_2023,vnncomp2024_benchmarks/benchmarks/nn4sys_2023/onnx/pensieve_big_parallel.onnx,vnncomp2024_benchmarks/benchmarks/nn4sys_2023/vnnlib/pensieve_parallel_46.vnnlib,3.980768394,run_instance_timeout,120.003250125
nn4sys_2023,vnncomp2024_benchmarks/benchmarks/nn4sys_2023/onnx/pensieve_big_parallel.onnx,vnncomp2024_benchmarks/benchmarks/nn4sys_2023/vnnlib/pensieve_parallel_47.vnnlib,3.893821495,run_instance_timeout,120.003065300
nn4sys_2023,vnncomp2024_benchmarks/benchmarks/nn4sys_2023/onnx/pensieve_big_parallel.onnx,vnncomp2024_benchmarks/benchmarks/nn4sys_2023/vnnlib/pensieve_parallel_48.vnnlib,3.956133101,run_instance_timeout,120.003415483
nn4sys_2023,vnncomp2024_benchmarks/benchmarks/nn4sys_2023/onnx/pensieve_big_parallel.onnx,vnncomp2024_benchmarks/benchmarks/nn4sys_2023/vnnlib/pensieve_parallel_49.vnnlib,3.979155342,run_instance_timeout,120.003334428
nn4sys_2023,vnncomp2024_benchmarks/benchmarks/nn4sys_2023/onnx/pensieve_big_parallel.onnx,vnncomp2024_benchmarks/benchmarks/nn4sys_2023/vnnlib/pensieve_parallel_50.vnnlib,4.056332961,run_instance_timeout,120.003139372
nn4sys_2023,vnncomp2024_benchmarks/benchmarks/nn4sys_2023/onnx/pensieve_big_parallel.onnx,vnncomp2024_benchmarks/benchmarks/nn4sys_2023/vnnlib/pensieve_parallel_51.vnnlib,3.923884222,run_instance_timeout,120.003218808
nn4sys_2023,vnncomp2024_benchmarks/benchmarks/nn4sys_2023/onnx/pensieve_big_parallel.onnx,vnncomp2024_benchmarks/benchmarks/nn4sys_2023/vnnlib/pensieve_parallel_52.vnnlib,3.958884326,run_instance_timeout,120.003198557
nn4sys_2023,vnncomp2024_benchmarks/benchmarks/nn4sys_2023/onnx/pensieve_big_parallel.onnx,vnncomp2024_benchmarks/benchmarks/nn4sys_2023/vnnlib/pensieve_parallel_53.vnnlib,3.966095191,run_instance_timeout,120.003410781
nn4sys_2023,vnncomp2024_benchmarks/benchmarks/nn4sys_2023/onnx/pensieve_big_parallel.onnx,vnncomp2024_benchmarks/benchmarks/nn4sys_2023/vnnlib/pensieve_parallel_54.vnnlib,3.937578095,run_instance_timeout,120.003202167
nn4sys_2023,vnncomp2024_benchmarks/benchmarks/nn4sys_2023/onnx/pensieve_big_parallel.onnx,vnncomp2024_benchmarks/benchmarks/nn4sys_2023/vnnlib/pensieve_parallel_55.vnnlib,3.957679196,run_instance_timeout,120.003312817
nn4sys_2023,vnncomp2024_benchmarks/benchmarks/nn4sys_2023/onnx/pensieve_big_parallel.onnx,vnncomp2024_benchmarks/benchmarks/nn4sys_2023/vnnlib/pensieve_parallel_56.vnnlib,3.936374401,run_instance_timeout,120.003148320
nn4sys_2023,vnncomp2024_benchmarks/benchmarks/nn4sys_2023/onnx/pensieve_big_parallel.onnx,vnncomp2024_benchmarks/benchmarks/nn4sys_2023/vnnlib/pensieve_parallel_57.vnnlib,3.958555361,run_instance_timeout,120.003269942
nn4sys_2023,vnncomp2024_benchmarks/benchmarks/nn4sys_2023/onnx/pensieve_big_parallel.onnx,vnncomp2024_benchmarks/benchmarks/nn4sys_2023/vnnlib/pensieve_parallel_58.vnnlib,3.947100435,run_instance_timeout,120.003317202
nn4sys_2023,vnncomp2024_benchmarks/benchmarks/nn4sys_2023/onnx/pensieve_big_parallel.onnx,vnncomp2024_benchmarks/benchmarks/nn4sys_2023/vnnlib/pensieve_parallel_59.vnnlib,3.986965776,run_instance_timeout,120.003226362
nn4sys_2023,vnncomp2024_benchmarks/benchmarks/nn4sys_2023/onnx/pensieve_big_parallel.onnx,vnncomp2024_benchmarks/benchmarks/nn4sys_2023/vnnlib/pensieve_parallel_60.vnnlib,4.017720401,run_instance_timeout,120.003504038
nn4sys_2023,vnncomp2024_benchmarks/benchmarks/nn4sys_2023/onnx/pensieve_big_parallel.onnx,vnncomp2024_benchmarks/benchmarks/nn4sys_2023/vnnlib/pensieve_parallel_61.vnnlib,3.940232762,run_instance_timeout,120.003170060
nn4sys_2023,vnncomp2024_benchmarks/benchmarks/nn4sys_2023/onnx/pensieve_big_parallel.onnx,vnncomp2024_benchmarks/benchmarks/nn4sys_2023/vnnlib/pensieve_parallel_62.vnnlib,3.944294025,run_instance_timeout,120.003053497
nn4sys_2023,vnncomp2024_benchmarks/benchmarks/nn4sys_2023/onnx/pensieve_big_parallel.onnx,vnncomp2024_benchmarks/benchmarks/nn4sys_2023/vnnlib/pensieve_parallel_63.vnnlib,3.927629599,run_instance_timeout,120.003268120
nn4sys_2023,vnncomp2024_benchmarks/benchmarks/nn4sys_2023/onnx/pensieve_big_parallel.onnx,vnncomp2024_benchmarks/benchmarks/nn4sys_2023/vnnlib/pensieve_parallel_64.vnnlib,3.920036665,run_instance_timeout,120.003380494
nn4sys_2023,vnncomp2024_benchmarks/benchmarks/nn4sys_2023/onnx/pensieve_big_parallel.onnx,vnncomp2024_benchmarks/benchmarks/nn4sys_2023/vnnlib/pensieve_parallel_65.vnnlib,3.949421418,run_instance_timeout,120.003294493
nn4sys_2023,vnncomp2024_benchmarks/benchmarks/nn4sys_2023/onnx/pensieve_big_parallel.onnx,vnncomp2024_benchmarks/benchmarks/nn4sys_2023/vnnlib/pensieve_parallel_66.vnnlib,3.957093335,run_instance_timeout,120.003150439
nn4sys_2023,vnncomp2024_benchmarks/benchmarks/nn4sys_2023/onnx/pensieve_big_parallel.onnx,vnncomp2024_benchmarks/benchmarks/nn4sys_2023/vnnlib/pensieve_parallel_67.vnnlib,3.934352583,run_instance_timeout,120.003216537
nn4sys_2023,vnncomp2024_benchmarks/benchmarks/nn4sys_2023/onnx/pensieve_big_parallel.onnx,vnncomp2024_benchmarks/benchmarks/nn4sys_2023/vnnlib/pensieve_parallel_68.vnnlib,3.917507691,run_instance_timeout,120.003284758
nn4sys_2023,vnncomp2024_benchmarks/benchmarks/nn4sys_2023/onnx/pensieve_big_parallel.onnx,vnncomp2024_benchmarks/benchmarks/nn4sys_2023/vnnlib/pensieve_parallel_69.vnnlib,3.934280925,run_instance_timeout,120.003314708
nn4sys_2023,vnncomp2024_benchmarks/benchmarks/nn4sys_2023/onnx/pensieve_big_parallel.onnx,vnncomp2024_benchmarks/benchmarks/nn4sys_2023/vnnlib/pensieve_parallel_70.vnnlib,3.941966418,run_instance_timeout,200.003402558
nn4sys_2023,vnncomp2024_benchmarks/benchmarks/nn4sys_2023/onnx/pensieve_big_parallel.onnx,vnncomp2024_benchmarks/benchmarks/nn4sys_2023/vnnlib/pensieve_parallel_71.vnnlib,3.934614605,run_instance_timeout,200.003187652
nn4sys_2023,vnncomp2024_benchmarks/benchmarks/nn4sys_2023/onnx/pensieve_big_parallel.onnx,vnncomp2024_benchmarks/benchmarks/nn4sys_2023/vnnlib/pensieve_parallel_72.vnnlib,3.918304553,run_instance_timeout,200.003372368
nn4sys_2023,vnncomp2024_benchmarks/benchmarks/nn4sys_2023/onnx/pensieve_big_parallel.onnx,vnncomp2024_benchmarks/benchmarks/nn4sys_2023/vnnlib/pensieve_parallel_73.vnnlib,3.932950324,run_instance_timeout,200.003458311
nn4sys_2023,vnncomp2024_benchmarks/benchmarks/nn4sys_2023/onnx/pensieve_big_parallel.onnx,vnncomp2024_benchmarks/benchmarks/nn4sys_2023/vnnlib/pensieve_parallel_74.vnnlib,3.942063027,run_instance_timeout,200.003309845
nn4sys_2023,vnncomp2024_benchmarks/benchmarks/nn4sys_2023/onnx/pensieve_big_parallel.onnx,vnncomp2024_benchmarks/benchmarks/nn4sys_2023/vnnlib/pensieve_parallel_75.vnnlib,3.933736977,run_instance_timeout,200.003097929
nn4sys_2023,vnncomp2024_benchmarks/benchmarks/nn4sys_2023/onnx/pensieve_big_parallel.onnx,vnncomp2024_benchmarks/benchmarks/nn4sys_2023/vnnlib/pensieve_parallel_76.vnnlib,3.941570552,run_instance_timeout,200.003181982
nn4sys_2023,vnncomp2024_benchmarks/benchmarks/nn4sys_2023/onnx/pensieve_big_parallel.onnx,vnncomp2024_benchmarks/benchmarks/nn4sys_2023/vnnlib/pensieve_parallel_77.vnnlib,3.950792250,run_instance_timeout,200.003334655
nn4sys_2023,vnncomp2024_benchmarks/benchmarks/nn4sys_2023/onnx/pensieve_big_parallel.onnx,vnncomp2024_benchmarks/benchmarks/nn4sys_2023/vnnlib/pensieve_parallel_78.vnnlib,3.956132430,run_instance_timeout,200.003289164
nn4sys_2023,vnncomp2024_benchmarks/benchmarks/nn4sys_2023/onnx/pensieve_big_parallel.onnx,vnncomp2024_benchmarks/benchmarks/nn4sys_2023/vnnlib/pensieve_parallel_79.vnnlib,3.937777629,run_instance_timeout,200.003172486
nn4sys_2023,vnncomp2024_benchmarks/benchmarks/nn4sys_2023/onnx/pensieve_big_parallel.onnx,vnncomp2024_benchmarks/benchmarks/nn4sys_2023/vnnlib/pensieve_parallel_80.vnnlib,3.964046553,run_instance_timeout,200.003327979
nn4sys_2023,vnncomp2024_benchmarks/benchmarks/nn4sys_2023/onnx/pensieve_big_parallel.onnx,vnncomp2024_benchmarks/benchmarks/nn4sys_2023/vnnlib/pensieve_parallel_81.vnnlib,3.919450543,run_instance_timeout,200.003297451
nn4sys_2023,vnncomp2024_benchmarks/benchmarks/nn4sys_2023/onnx/pensieve_big_parallel.onnx,vnncomp2024_benchmarks/benchmarks/nn4sys_2023/vnnlib/pensieve_parallel_82.vnnlib,3.938991309,run_instance_timeout,200.003017881
nn4sys_2023,vnncomp2024_benchmarks/benchmarks/nn4sys_2023/onnx/pensieve_big_parallel.onnx,vnncomp2024_benchmarks/benchmarks/nn4sys_2023/vnnlib/pensieve_parallel_83.vnnlib,3.955482162,run_instance_timeout,200.003158197
nn4sys_2023,vnncomp2024_benchmarks/benchmarks/nn4sys_2023/onnx/pensieve_big_parallel.onnx,vnncomp2024_benchmarks/benchmarks/nn4sys_2023/vnnlib/pensieve_parallel_84.vnnlib,3.937066935,run_instance_timeout,200.003124910
nn4sys_2023,vnncomp2024_benchmarks/benchmarks/nn4sys_2023/onnx/pensieve_big_parallel.onnx,vnncomp2024_benchmarks/benchmarks/nn4sys_2023/vnnlib/pensieve_parallel_85.vnnlib,3.932675137,run_instance_timeout,200.003224977
nn4sys_2023,vnncomp2024_benchmarks/benchmarks/nn4sys_2023/onnx/pensieve_big_parallel.onnx,vnncomp2024_benchmarks/benchmarks/nn4sys_2023/vnnlib/pensieve_parallel_86.vnnlib,3.907427829,run_instance_timeout,200.003504114
nn4sys_2023,vnncomp2024_benchmarks/benchmarks/nn4sys_2023/onnx/pensieve_big_parallel.onnx,vnncomp2024_benchmarks/benchmarks/nn4sys_2023/vnnlib/pensieve_parallel_87.vnnlib,3.907858768,run_instance_timeout,200.003596353
nn4sys_2023,vnncomp2024_benchmarks/benchmarks/nn4sys_2023/onnx/pensieve_big_parallel.onnx,vnncomp2024_benchmarks/benchmarks/nn4sys_2023/vnnlib/pensieve_parallel_88.vnnlib,3.929633188,run_instance_timeout,200.003282374
nn4sys_2023,vnncomp2024_benchmarks/benchmarks/nn4sys_2023/onnx/pensieve_big_parallel.onnx,vnncomp2024_benchmarks/benchmarks/nn4sys_2023/vnnlib/pensieve_parallel_89.vnnlib,3.929107952,run_instance_timeout,200.003067185
nn4sys_2023,vnncomp2024_benchmarks/benchmarks/nn4sys_2023/onnx/pensieve_big_parallel.onnx,vnncomp2024_benchmarks/benchmarks/nn4sys_2023/vnnlib/pensieve_parallel_90.vnnlib,3.950775355,run_instance_timeout,200.003265696
nn4sys_2023,vnncomp2024_benchmarks/benchmarks/nn4sys_2023/onnx/pensieve_big_parallel.onnx,vnncomp2024_benchmarks/benchmarks/nn4sys_2023/vnnlib/pensieve_parallel_91.vnnlib,3.943530285,run_instance_timeout,200.003054296
nn4sys_2023,vnncomp2024_benchmarks/benchmarks/nn4sys_2023/onnx/pensieve_big_parallel.onnx,vnncomp2024_benchmarks/benchmarks/nn4sys_2023/vnnlib/pensieve_parallel_92.vnnlib,3.913515856,run_instance_timeout,200.003350148
nn4sys_2023,vnncomp2024_benchmarks/benchmarks/nn4sys_2023/onnx/pensieve_big_parallel.onnx,vnncomp2024_benchmarks/benchmarks/nn4sys_2023/vnnlib/pensieve_parallel_93.vnnlib,3.926393649,run_instance_timeout,200.003543497
nn4sys_2023,vnncomp2024_benchmarks/benchmarks/nn4sys_2023/onnx/pensieve_big_parallel.onnx,vnncomp2024_benchmarks/benchmarks/nn4sys_2023/vnnlib/pensieve_parallel_94.vnnlib,3.939623146,run_instance_timeout,200.003320400
nn4sys_2023,vnncomp2024_benchmarks/benchmarks/nn4sys_2023/onnx/pensieve_big_parallel.onnx,vnncomp2024_benchmarks/benchmarks/nn4sys_2023/vnnlib/pensieve_parallel_95.vnnlib,4.013418952,run_instance_timeout,200.003177809
nn4sys_2023,vnncomp2024_benchmarks/benchmarks/nn4sys_2023/onnx/pensieve_big_parallel.onnx,vnncomp2024_benchmarks/benchmarks/nn4sys_2023/vnnlib/pensieve_parallel_96.vnnlib,3.954179467,run_instance_timeout,200.003251014
nn4sys_2023,vnncomp2024_benchmarks/benchmarks/nn4sys_2023/onnx/pensieve_big_parallel.onnx,vnncomp2024_benchmarks/benchmarks/nn4sys_2023/vnnlib/pensieve_parallel_97.vnnlib,3.944875398,run_instance_timeout,200.003251985
nn4sys_2023,vnncomp2024_benchmarks/benchmarks/nn4sys_2023/onnx/pensieve_big_parallel.onnx,vnncomp2024_benchmarks/benchmarks/nn4sys_2023/vnnlib/pensieve_parallel_98.vnnlib,3.944803009,run_instance_timeout,200.003332120
nn4sys_2023,vnncomp2024_benchmarks/benchmarks/nn4sys_2023/onnx/pensieve_big_parallel.onnx,vnncomp2024_benchmarks/benchmarks/nn4sys_2023/vnnlib/pensieve_parallel_99.vnnlib,3.904562279,run_instance_timeout,200.003052266
nn4sys_2023,vnncomp2024_benchmarks/benchmarks/nn4sys_2023/onnx/pensieve_big_parallel.onnx,vnncomp2024_benchmarks/benchmarks/nn4sys_2023/vnnlib/pensieve_parallel_100.vnnlib,4.041799841,run_instance_timeout,200.003221060
nn4sys_2023,vnncomp2024_benchmarks/benchmarks/nn4sys_2023/onnx/pensieve_big_parallel.onnx,vnncomp2024_benchmarks/benchmarks/nn4sys_2023/vnnlib/pensieve_parallel_101.vnnlib,3.951686355,run_instance_timeout,200.003270713
nn4sys_2023,vnncomp2024_benchmarks/benchmarks/nn4sys_2023/onnx/pensieve_big_parallel.onnx,vnncomp2024_benchmarks/benchmarks/nn4sys_2023/vnnlib/pensieve_parallel_102.vnnlib,3.935594966,run_instance_timeout,200.003430859
nn4sys_2023,vnncomp2024_benchmarks/benchmarks/nn4sys_2023/onnx/pensieve_big_parallel.onnx,vnncomp2024_benchmarks/benchmarks/nn4sys_2023/vnnlib/pensieve_parallel_103.vnnlib,3.919505598,run_instance_timeout,200.003439206
nn4sys_2023,vnncomp2024_benchmarks/benchmarks/nn4sys_2023/onnx/pensieve_big_parallel.onnx,vnncomp2024_benchmarks/benchmarks/nn4sys_2023/vnnlib/pensieve_parallel_104.vnnlib,3.928893652,run_instance_timeout,200.003335509
nn4sys_2023,vnncomp2024_benchmarks/benchmarks/nn4sys_2023/onnx/lindex.onnx,vnncomp2024_benchmarks/benchmarks/nn4sys_2023/vnnlib/lindex_1.vnnlib,3.291408196,unsat,6.094077617
nn4sys_2023,vnncomp2024_benchmarks/benchmarks/nn4sys_2023/onnx/lindex_deep.onnx,vnncomp2024_benchmarks/benchmarks/nn4sys_2023/vnnlib/lindex_1.vnnlib,3.466267596,unsat,6.095315739
nn4sys_2023,vnncomp2024_benchmarks/benchmarks/nn4sys_2023/onnx/lindex.onnx,vnncomp2024_benchmarks/benchmarks/nn4sys_2023/vnnlib/lindex_200.vnnlib,2.646262921,run_instance_timeout,90.004888960
nn4sys_2023,vnncomp2024_benchmarks/benchmarks/nn4sys_2023/onnx/lindex_deep.onnx,vnncomp2024_benchmarks/benchmarks/nn4sys_2023/vnnlib/lindex_200.vnnlib,2.644293771,run_instance_timeout,90.005057686
nn4sys_2023,vnncomp2024_benchmarks/benchmarks/nn4sys_2023/onnx/lindex.onnx,vnncomp2024_benchmarks/benchmarks/nn4sys_2023/vnnlib/lindex_400.vnnlib,2.659354061,run_instance_timeout,90.004929401
nn4sys_2023,vnncomp2024_benchmarks/benchmarks/nn4sys_2023/onnx/lindex_deep.onnx,vnncomp2024_benchmarks/benchmarks/nn4sys_2023/vnnlib/lindex_400.vnnlib,2.658095492,run_instance_timeout,90.004894148
nn4sys_2023,vnncomp2024_benchmarks/benchmarks/nn4sys_2023/onnx/lindex.onnx,vnncomp2024_benchmarks/benchmarks/nn4sys_2023/vnnlib/lindex_600.vnnlib,2.671262200,run_instance_timeout,90.005182650
nn4sys_2023,vnncomp2024_benchmarks/benchmarks/nn4sys_2023/onnx/lindex_deep.onnx,vnncomp2024_benchmarks/benchmarks/nn4sys_2023/vnnlib/lindex_600.vnnlib,2.677278054,run_instance_timeout,90.004985690
nn4sys_2023,vnncomp2024_benchmarks/benchmarks/nn4sys_2023/onnx/lindex.onnx,vnncomp2024_benchmarks/benchmarks/nn4sys_2023/vnnlib/lindex_800.vnnlib,2.685392727,run_instance_timeout,90.004787423
nn4sys_2023,vnncomp2024_benchmarks/benchmarks/nn4sys_2023/onnx/lindex_deep.onnx,vnncomp2024_benchmarks/benchmarks/nn4sys_2023/vnnlib/lindex_800.vnnlib,2.686136078,run_instance_timeout,90.004974149
nn4sys_2023,vnncomp2024_benchmarks/benchmarks/nn4sys_2023/onnx/lindex.onnx,vnncomp2024_benchmarks/benchmarks/nn4sys_2023/vnnlib/lindex_1000.vnnlib,2.691022543,run_instance_timeout,90.004736844
nn4sys_2023,vnncomp2024_benchmarks/benchmarks/nn4sys_2023/onnx/lindex_deep.onnx,vnncomp2024_benchmarks/benchmarks/nn4sys_2023/vnnlib/lindex_1000.vnnlib,2.696939528,run_instance_timeout,90.004740357
nn4sys_2023,vnncomp2024_benchmarks/benchmarks/nn4sys_2023/onnx/lindex.onnx,vnncomp2024_benchmarks/benchmarks/nn4sys_2023/vnnlib/lindex_3000.vnnlib,2.809787085,run_instance_timeout,90.004782793
nn4sys_2023,vnncomp2024_benchmarks/benchmarks/nn4sys_2023/onnx/lindex_deep.onnx,vnncomp2024_benchmarks/benchmarks/nn4sys_2023/vnnlib/lindex_3000.vnnlib,2.812374443,run_instance_timeout,90.004966061
nn4sys_2023,vnncomp2024_benchmarks/benchmarks/nn4sys_2023/onnx/lindex.onnx,vnncomp2024_benchmarks/benchmarks/nn4sys_2023/vnnlib/lindex_5000.vnnlib,2.949394843,run_instance_timeout,90.004791195
nn4sys_2023,vnncomp2024_benchmarks/benchmarks/nn4sys_2023/onnx/lindex_deep.onnx,vnncomp2024_benchmarks/benchmarks/nn4sys_2023/vnnlib/lindex_5000.vnnlib,2.945238804,run_instance_timeout,90.004745483
nn4sys_2023,vnncomp2024_benchmarks/benchmarks/nn4sys_2023/onnx/lindex.onnx,vnncomp2024_benchmarks/benchmarks/nn4sys_2023/vnnlib/lindex_7000.vnnlib,3.084682917,run_instance_timeout,90.005128222
nn4sys_2023,vnncomp2024_benchmarks/benchmarks/nn4sys_2023/onnx/lindex_deep.onnx,vnncomp2024_benchmarks/benchmarks/nn4sys_2023/vnnlib/lindex_7000.vnnlib,3.088116714,run_instance_timeout,90.005087904
nn4sys_2023,vnncomp2024_benchmarks/benchmarks/nn4sys_2023/onnx/lindex.onnx,vnncomp2024_benchmarks/benchmarks/nn4sys_2023/vnnlib/lindex_9000.vnnlib,3.226362427,run_instance_timeout,90.005003159
nn4sys_2023,vnncomp2024_benchmarks/benchmarks/nn4sys_2023/onnx/lindex_deep.onnx,vnncomp2024_benchmarks/benchmarks/nn4sys_2023/vnnlib/lindex_9000.vnnlib,3.220810454,run_instance_timeout,90.004931099
nn4sys_2023,vnncomp2024_benchmarks/benchmarks/nn4sys_2023/onnx/lindex.onnx,vnncomp2024_benchmarks/benchmarks/nn4sys_2023/vnnlib/lindex_10000.vnnlib,3.285849908,run_instance_timeout,90.005028993
nn4sys_2023,vnncomp2024_benchmarks/benchmarks/nn4sys_2023/onnx/lindex_deep.onnx,vnncomp2024_benchmarks/benchmarks/nn4sys_2023/vnnlib/lindex_10000.vnnlib,3.282313467,run_instance_timeout,90.005088960
nn4sys_2023,vnncomp2024_benchmarks/benchmarks/nn4sys_2023/onnx/lindex.onnx,vnncomp2024_benchmarks/benchmarks/nn4sys_2023/vnnlib/lindex_60000.vnnlib,7.477949636,run_instance_timeout,100.004653914
nn4sys_2023,vnncomp2024_benchmarks/benchmarks/nn4sys_2023/onnx/lindex_deep.onnx,vnncomp2024_benchmarks/benchmarks/nn4sys_2023/vnnlib/lindex_60000.vnnlib,7.399927996,run_instance_timeout,100.005204054
nn4sys_2023,vnncomp2024_benchmarks/benchmarks/nn4sys_2023/onnx/mscn_128d.onnx,vnncomp2024_benchmarks/benchmarks/nn4sys_2023/vnnlib/cardinality_0_1_128.vnnlib,3.383463880,run_instance_timeout,80.004686376
nn4sys_2023,vnncomp2024_benchmarks/benchmarks/nn4sys_2023/onnx/mscn_128d.onnx,vnncomp2024_benchmarks/benchmarks/nn4sys_2023/vnnlib/cardinality_0_500_128.vnnlib,4.140850270,run_instance_timeout,80.005087765
nn4sys_2023,vnncomp2024_benchmarks/benchmarks/nn4sys_2023/onnx/mscn_128d.onnx,vnncomp2024_benchmarks/benchmarks/nn4sys_2023/vnnlib/cardinality_0_750_128.vnnlib,4.946989364,run_instance_timeout,80.005073871
nn4sys_2023,vnncomp2024_benchmarks/benchmarks/nn4sys_2023/onnx/mscn_128d.onnx,vnncomp2024_benchmarks/benchmarks/nn4sys_2023/vnnlib/cardinality_0_1000_128.vnnlib,5.782260149,run_instance_timeout,80.004952468
nn4sys_2023,vnncomp2024_benchmarks/benchmarks/nn4sys_2023/onnx/mscn_128d.onnx,vnncomp2024_benchmarks/benchmarks/nn4sys_2023/vnnlib/cardinality_0_2120_128.vnnlib,9.599281409,run_instance_timeout,90.005049129
nn4sys_2023,vnncomp2024_benchmarks/benchmarks/nn4sys_2023/onnx/mscn_128d.onnx,vnncomp2024_benchmarks/benchmarks/nn4sys_2023/vnnlib/cardinality_0_2680_128.vnnlib,11.590775178,run_instance_timeout,100.005080647
nn4sys_2023,vnncomp2024_benchmarks/benchmarks/nn4sys_2023/onnx/mscn_128d.onnx,vnncomp2024_benchmarks/benchmarks/nn4sys_2023/vnnlib/cardinality_0_3240_128.vnnlib,13.683242855,run_instance_timeout,110.004634379
nn4sys_2023,vnncomp2024_benchmarks/benchmarks/nn4sys_2023/onnx/mscn_128d.onnx,vnncomp2024_benchmarks/benchmarks/nn4sys_2023/vnnlib/cardinality_0_3800_128.vnnlib,15.974635340,run_instance_timeout,110.004959444
nn4sys_2023,vnncomp2024_benchmarks/benchmarks/nn4sys_2023/onnx/mscn_128d_dual.onnx,vnncomp2024_benchmarks/benchmarks/nn4sys_2023/vnnlib/cardinality_1_1_128_dual.vnnlib,3.465865895,run_instance_timeout,80.004722571
nn4sys_2023,vnncomp2024_benchmarks/benchmarks/nn4sys_2023/onnx/mscn_128d_dual.onnx,vnncomp2024_benchmarks/benchmarks/nn4sys_2023/vnnlib/cardinality_1_240_128_dual.vnnlib,3.360068287,run_instance_timeout,80.004961298
nn4sys_2023,vnncomp2024_benchmarks/benchmarks/nn4sys_2023/onnx/mscn_128d_dual.onnx,vnncomp2024_benchmarks/benchmarks/nn4sys_2023/vnnlib/cardinality_1_360_128_dual.vnnlib,3.731816223,run_instance_timeout,100.005435384
nn4sys_2023,vnncomp2024_benchmarks/benchmarks/nn4sys_2023/onnx/mscn_128d_dual.onnx,vnncomp2024_benchmarks/benchmarks/nn4sys_2023/vnnlib/cardinality_1_480_128_dual.vnnlib,4.102542645,run_instance_timeout,100.004937778
nn4sys_2023,vnncomp2024_benchmarks/benchmarks/nn4sys_2023/onnx/mscn_128d_dual.onnx,vnncomp2024_benchmarks/benchmarks/nn4sys_2023/vnnlib/cardinality_1_600_128_dual.vnnlib,4.540265835,run_instance_timeout,100.005266327
nn4sys_2023,vnncomp2024_benchmarks/benchmarks/nn4sys_2023/onnx/mscn_128d_dual.onnx,vnncomp2024_benchmarks/benchmarks/nn4sys_2023/vnnlib/cardinality_1_720_128_dual.vnnlib,4.938185643,run_instance_timeout,120.004975547
nn4sys_2023,vnncomp2024_benchmarks/benchmarks/nn4sys_2023/onnx/mscn_128d_dual.onnx,vnncomp2024_benchmarks/benchmarks/nn4sys_2023/vnnlib/cardinality_1_840_128_dual.vnnlib,5.311692406,run_instance_timeout,120.004570330
nn4sys_2023,vnncomp2024_benchmarks/benchmarks/nn4sys_2023/onnx/mscn_128d_dual.onnx,vnncomp2024_benchmarks/benchmarks/nn4sys_2023/vnnlib/cardinality_1_960_128_dual.vnnlib,5.747906994,run_instance_timeout,120.005053466
nn4sys_2023,vnncomp2024_benchmarks/benchmarks/nn4sys_2023/onnx/mscn_128d_dual.onnx,vnncomp2024_benchmarks/benchmarks/nn4sys_2023/vnnlib/cardinality_1_2260_128_dual.vnnlib,10.279412205,run_instance_timeout,160.005012224
nn4sys_2023,vnncomp2024_benchmarks/benchmarks/nn4sys_2023/onnx/mscn_128d_dual.onnx,vnncomp2024_benchmarks/benchmarks/nn4sys_2023/vnnlib/cardinality_1_2890_128_dual.vnnlib,12.527264814,run_instance_timeout,160.004656846
nn4sys_2023,vnncomp2024_benchmarks/benchmarks/nn4sys_2023/onnx/mscn_128d_dual.onnx,vnncomp2024_benchmarks/benchmarks/nn4sys_2023/vnnlib/cardinality_1_3520_128_dual.vnnlib,15.217041874,run_instance_timeout,180.004960756
nn4sys_2023,vnncomp2024_benchmarks/benchmarks/nn4sys_2023/onnx/mscn_128d_dual.onnx,vnncomp2024_benchmarks/benchmarks/nn4sys_2023/vnnlib/cardinality_1_4150_128_dual.vnnlib,17.357272796,run_instance_timeout,200.004829791
nn4sys_2023,vnncomp2024_benchmarks/benchmarks/nn4sys_2023/onnx/mscn_128d_dual.onnx,vnncomp2024_benchmarks/benchmarks/nn4sys_2023/vnnlib/cardinality_1_4780_128_dual.vnnlib,20.179705988,run_instance_timeout,200.005202720
nn4sys_2023,vnncomp2024_benchmarks/benchmarks/nn4sys_2023/onnx/mscn_128d_dual.onnx,vnncomp2024_benchmarks/benchmarks/nn4sys_2023/vnnlib/cardinality_1_5410_128_dual.vnnlib,22.146824070,run_instance_timeout,200.004964853
nn4sys_2023,vnncomp2024_benchmarks/benchmarks/nn4sys_2023/onnx/mscn_128d_dual.onnx,vnncomp2024_benchmarks/benchmarks/nn4sys_2023/vnnlib/cardinality_1_6040_128_dual.vnnlib,24.397094106,run_instance_timeout,220.004722654
nn4sys_2023,vnncomp2024_benchmarks/benchmarks/nn4sys_2023/onnx/mscn_128d_dual.onnx,vnncomp2024_benchmarks/benchmarks/nn4sys_2023/vnnlib/cardinality_1_6670_128_dual.vnnlib,27.625607607,run_instance_timeout,220.005192772
nn4sys_2023,vnncomp2024_benchmarks/benchmarks/nn4sys_2023/onnx/mscn_128d_dual.onnx,vnncomp2024_benchmarks/benchmarks/nn4sys_2023/vnnlib/cardinality_1_7300_128_dual.vnnlib,29.144465750,run_instance_timeout,220.005030976
nn4sys_2023,vnncomp2024_benchmarks/benchmarks/nn4sys_2023/onnx/mscn_128d_dual.onnx,vnncomp2024_benchmarks/benchmarks/nn4sys_2023/vnnlib/cardinality_1_7930_128_dual.vnnlib,31.530421732,run_instance_timeout,240.005296437
nn4sys_2023,vnncomp2024_benchmarks/benchmarks/nn4sys_2023/onnx/mscn_128d_dual.onnx,vnncomp2024_benchmarks/benchmarks/nn4sys_2023/vnnlib/cardinality_1_8560_128_dual.vnnlib,34.351624313,run_instance_timeout,240.005004405
nn4sys_2023,vnncomp2024_benchmarks/benchmarks/nn4sys_2023/onnx/mscn_128d_dual.onnx,vnncomp2024_benchmarks/benchmarks/nn4sys_2023/vnnlib/cardinality_1_9190_128_dual.vnnlib,37.198375856,run_instance_timeout,240.004671680
nn4sys_2023,vnncomp2024_benchmarks/benchmarks/nn4sys_2023/onnx/mscn_128d_dual.onnx,vnncomp2024_benchmarks/benchmarks/nn4sys_2023/vnnlib/cardinality_1_9820_128_dual.vnnlib,39.087832476,run_instance_timeout,260.005125330
nn4sys_2023,vnncomp2024_benchmarks/benchmarks/nn4sys_2023/onnx/mscn_128d_dual.onnx,vnncomp2024_benchmarks/benchmarks/nn4sys_2023/vnnlib/cardinality_1_10450_128_dual.vnnlib,41.954711295,run_instance_timeout,260.005306307
nn4sys_2023,vnncomp2024_benchmarks/benchmarks/nn4sys_2023/onnx/mscn_128d_dual.onnx,vnncomp2024_benchmarks/benchmarks/nn4sys_2023/vnnlib/cardinality_1_11080_128_dual.vnnlib,43.921184825,run_instance_timeout,460.005184866
nn4sys_2023,vnncomp2024_benchmarks/benchmarks/nn4sys_2023/onnx/mscn_2048d.onnx,vnncomp2024_benchmarks/benchmarks/nn4sys_2023/vnnlib/cardinality_0_1_2048.vnnlib,22.347004096,run_instance_timeout,80.005041891
nn4sys_2023,vnncomp2024_benchmarks/benchmarks/nn4sys_2023/onnx/mscn_2048d.onnx,vnncomp2024_benchmarks/benchmarks/nn4sys_2023/vnnlib/cardinality_0_500_2048.vnnlib,4.329740850,run_instance_timeout,80.005396426
nn4sys_2023,vnncomp2024_benchmarks/benchmarks/nn4sys_2023/onnx/mscn_2048d.onnx,vnncomp2024_benchmarks/benchmarks/nn4sys_2023/vnnlib/cardinality_0_750_2048.vnnlib,5.127674262,run_instance_timeout,100.005502524
nn4sys_2023,vnncomp2024_benchmarks/benchmarks/nn4sys_2023/onnx/mscn_2048d.onnx,vnncomp2024_benchmarks/benchmarks/nn4sys_2023/vnnlib/cardinality_0_1000_2048.vnnlib,5.970918628,run_instance_timeout,100.005853451
nn4sys_2023,vnncomp2024_benchmarks/benchmarks/nn4sys_2023/onnx/mscn_2048d.onnx,vnncomp2024_benchmarks/benchmarks/nn4sys_2023/vnnlib/cardinality_0_2120_2048.vnnlib,9.816404903,run_instance_timeout,120.005514422
nn4sys_2023,vnncomp2024_benchmarks/benchmarks/nn4sys_2023/onnx/mscn_2048d.onnx,vnncomp2024_benchmarks/benchmarks/nn4sys_2023/vnnlib/cardinality_0_2680_2048.vnnlib,12.081893097,run_instance_timeout,140.005188708
nn4sys_2023,vnncomp2024_benchmarks/benchmarks/nn4sys_2023/onnx/mscn_2048d.onnx,vnncomp2024_benchmarks/benchmarks/nn4sys_2023/vnnlib/cardinality_0_3240_2048.vnnlib,14.297169450,run_instance_timeout,160.005190764
nn4sys_2023,vnncomp2024_benchmarks/benchmarks/nn4sys_2023/onnx/mscn_2048d.onnx,vnncomp2024_benchmarks/benchmarks/nn4sys_2023/vnnlib/cardinality_0_3800_2048.vnnlib,16.083229513,run_instance_timeout,160.005552881
nn4sys_2023,vnncomp2024_benchmarks/benchmarks/nn4sys_2023/onnx/mscn_2048d.onnx,vnncomp2024_benchmarks/benchmarks/nn4sys_2023/vnnlib/cardinality_0_4360_2048.vnnlib,18.385402559,run_instance_timeout,180.005431659
nn4sys_2023,vnncomp2024_benchmarks/benchmarks/nn4sys_2023/onnx/mscn_2048d.onnx,vnncomp2024_benchmarks/benchmarks/nn4sys_2023/vnnlib/cardinality_0_4920_2048.vnnlib,20.176189272,run_instance_timeout,180.005674613
nn4sys_2023,vnncomp2024_benchmarks/benchmarks/nn4sys_2023/onnx/mscn_2048d.onnx,vnncomp2024_benchmarks/benchmarks/nn4sys_2023/vnnlib/cardinality_0_5480_2048.vnnlib,22.362190833,run_instance_timeout,200.005307727
nn4sys_2023,vnncomp2024_benchmarks/benchmarks/nn4sys_2023/onnx/mscn_2048d_dual.onnx,vnncomp2024_benchmarks/benchmarks/nn4sys_2023/vnnlib/cardinality_1_1_2048_dual.vnnlib,23.127835344,run_instance_timeout,80.005810196
nn4sys_2023,vnncomp2024_benchmarks/benchmarks/nn4sys_2023/onnx/mscn_2048d_dual.onnx,vnncomp2024_benchmarks/benchmarks/nn4sys_2023/vnnlib/cardinality_1_240_2048_dual.vnnlib,3.494565563,run_instance_timeout,200.005486913
nn4sys_2023,vnncomp2024_benchmarks/benchmarks/nn4sys_2023/onnx/mscn_2048d_dual.onnx,vnncomp2024_benchmarks/benchmarks/nn4sys_2023/vnnlib/cardinality_1_360_2048_dual.vnnlib,3.892523871,run_instance_timeout,220.005034341
nn4sys_2023,vnncomp2024_benchmarks/benchmarks/nn4sys_2023/onnx/mscn_2048d_dual.onnx,vnncomp2024_benchmarks/benchmarks/nn4sys_2023/vnnlib/cardinality_1_480_2048_dual.vnnlib,4.272198628,run_instance_timeout,240.005309522
nn4sys_2023,vnncomp2024_benchmarks/benchmarks/nn4sys_2023/onnx/mscn_2048d_dual.onnx,vnncomp2024_benchmarks/benchmarks/nn4sys_2023/vnnlib/cardinality_1_600_2048_dual.vnnlib,4.691794562,run_instance_timeout,240.005195730
nn4sys_2023,vnncomp2024_benchmarks/benchmarks/nn4sys_2023/onnx/mscn_2048d_dual.onnx,vnncomp2024_benchmarks/benchmarks/nn4sys_2023/vnnlib/cardinality_1_720_2048_dual.vnnlib,5.079910474,run_instance_timeout,260.005473473
nn4sys_2023,vnncomp2024_benchmarks/benchmarks/nn4sys_2023/onnx/mscn_2048d_dual.onnx,vnncomp2024_benchmarks/benchmarks/nn4sys_2023/vnnlib/cardinality_1_840_2048_dual.vnnlib,5.468882275,run_instance_timeout,260.004568084
nn4sys_2023,vnncomp2024_benchmarks/benchmarks/nn4sys_2023/onnx/mscn_2048d_dual.onnx,vnncomp2024_benchmarks/benchmarks/nn4sys_2023/vnnlib/cardinality_1_960_2048_dual.vnnlib,5.875929305,run_instance_timeout,260.005275051
nn4sys_2023,vnncomp2024_benchmarks/benchmarks/nn4sys_2023/onnx/mscn_2048d_dual.onnx,vnncomp2024_benchmarks/benchmarks/nn4sys_2023/vnnlib/cardinality_1_2260_2048_dual.vnnlib,10.456119752,run_instance_timeout,360.004957039
nn4sys_2023,vnncomp2024_benchmarks/benchmarks/nn4sys_2023/onnx/mscn_2048d_dual.onnx,vnncomp2024_benchmarks/benchmarks/nn4sys_2023/vnnlib/cardinality_1_2890_2048_dual.vnnlib,12.979159254,run_instance_timeout,400.005655520
nn4sys_2023,vnncomp2024_benchmarks/benchmarks/nn4sys_2023/onnx/mscn_2048d_dual.onnx,vnncomp2024_benchmarks/benchmarks/nn4sys_2023/vnnlib/cardinality_1_3520_2048_dual.vnnlib,15.475092273,run_instance_timeout,440.005493604
nn4sys_2023,vnncomp2024_benchmarks/benchmarks/nn4sys_2023/onnx/mscn_2048d_dual.onnx,vnncomp2024_benchmarks/benchmarks/nn4sys_2023/vnnlib/cardinality_1_4150_2048_dual.vnnlib,17.744516902,run_instance_timeout,480.005585570
nn4sys_2023,vnncomp2024_benchmarks/benchmarks/nn4sys_2023/onnx/mscn_2048d_dual.onnx,vnncomp2024_benchmarks/benchmarks/nn4sys_2023/vnnlib/cardinality_1_4780_2048_dual.vnnlib,20.423284073,run_instance_timeout,500.005158751
nn4sys_2023,vnncomp2024_benchmarks/benchmarks/nn4sys_2023/onnx/mscn_2048d_dual.onnx,vnncomp2024_benchmarks/benchmarks/nn4sys_2023/vnnlib/cardinality_1_5410_2048_dual.vnnlib,22.644891889,run_instance_timeout,520.005207401
nn4sys_2023,vnncomp2024_benchmarks/benchmarks/nn4sys_2023/onnx/mscn_2048d_dual.onnx,vnncomp2024_benchmarks/benchmarks/nn4sys_2023/vnnlib/cardinality_1_6040_2048_dual.vnnlib,25.027250773,run_instance_timeout,560.005572235
nn4sys_2023,vnncomp2024_benchmarks/benchmarks/nn4sys_2023/onnx/mscn_2048d_dual.onnx,vnncomp2024_benchmarks/benchmarks/nn4sys_2023/vnnlib/cardinality_1_6670_2048_dual.vnnlib,27.549523238,run_instance_timeout,580.005768538
nn4sys_2023,vnncomp2024_benchmarks/benchmarks/nn4sys_2023/onnx/mscn_2048d_dual.onnx,vnncomp2024_benchmarks/benchmarks/nn4sys_2023/vnnlib/cardinality_1_7300_2048_dual.vnnlib,29.824984237,run_instance_timeout,580.005450620
nn4sys_2023,vnncomp2024_benchmarks/benchmarks/nn4sys_2023/onnx/mscn_2048d_dual.onnx,vnncomp2024_benchmarks/benchmarks/nn4sys_2023/vnnlib/cardinality_1_7930_2048_dual.vnnlib,32.068401063,run_instance_timeout,600.005378886
nn4sys_2023,vnncomp2024_benchmarks/benchmarks/nn4sys_2023/onnx/mscn_2048d_dual.onnx,vnncomp2024_benchmarks/benchmarks/nn4sys_2023/vnnlib/cardinality_1_8560_2048_dual.vnnlib,34.810850627,run_instance_timeout,620.005576650
nn4sys_2023,vnncomp2024_benchmarks/benchmarks/nn4sys_2023/onnx/mscn_2048d_dual.onnx,vnncomp2024_benchmarks/benchmarks/nn4sys_2023/vnnlib/cardinality_1_9190_2048_dual.vnnlib,37.263119916,run_instance_timeout,640.005033105
nn4sys_2023,vnncomp2024_benchmarks/benchmarks/nn4sys_2023/onnx/mscn_2048d_dual.onnx,vnncomp2024_benchmarks/benchmarks/nn4sys_2023/vnnlib/cardinality_1_9820_2048_dual.vnnlib,38.987419473,run_instance_timeout,640.005345494
nn4sys_2023,vnncomp2024_benchmarks/benchmarks/nn4sys_2023/onnx/mscn_2048d_dual.onnx,vnncomp2024_benchmarks/benchmarks/nn4sys_2023/vnnlib/cardinality_1_10450_2048_dual.vnnlib,41.991311334,run_instance_timeout,660.005750322
nn4sys_2023,vnncomp2024_benchmarks/benchmarks/nn4sys_2023/onnx/mscn_2048d_dual.onnx,vnncomp2024_benchmarks/benchmarks/nn4sys_2023/vnnlib/cardinality_1_11080_2048_dual.vnnlib,44.552430773,run_instance_timeout,860.005306369
nn4sys_2023,vnncomp2024_benchmarks/benchmarks/test/test_nano.onnx,vnncomp2024_benchmarks/benchmarks/test/test_nano.vnnlib,3.103399555,unsat,6.093187722
