nn4sys_2023,vnncomp2024_benchmarks/benchmarks/nn4sys_2023/onnx/pensieve_big_parallel.onnx,vnncomp2024_benchmarks/benchmarks/nn4sys_2023/vnnlib/pensieve_parallel_0.vnnlib,2.709946444,timeout,33.789654976
nn4sys_2023,vnncomp2024_benchmarks/benchmarks/nn4sys_2023/onnx/pensieve_small_simple.onnx,vnncomp2024_benchmarks/benchmarks/nn4sys_2023/vnnlib/pensieve_simple_1.vnnlib,2.322238445,unsat,3.656851900
nn4sys_2023,vnncomp2024_benchmarks/benchmarks/nn4sys_2023/onnx/pensieve_small_simple.onnx,vnncomp2024_benchmarks/benchmarks/nn4sys_2023/vnnlib/pensieve_simple_2.vnnlib,2.329775214,unsat,3.616374063
nn4sys_2023,vnncomp2024_benchmarks/benchmarks/nn4sys_2023/onnx/pensieve_big_simple.onnx,vnncomp2024_benchmarks/benchmarks/nn4sys_2023/vnnlib/pensieve_simple_3.vnnlib,2.439305238,unsat,3.769513765
nn4sys_2023,vnncomp2024_benchmarks/benchmarks/nn4sys_2023/onnx/pensieve_small_parallel.onnx,vnncomp2024_benchmarks/benchmarks/nn4sys_2023/vnnlib/pensieve_parallel_4.vnnlib,2.339725083,timeout,33.765551685
nn4sys_2023,vnncomp2024_benchmarks/benchmarks/nn4sys_2023/onnx/pensieve_small_simple.onnx,vnncomp2024_benchmarks/benchmarks/nn4sys_2023/vnnlib/pensieve_simple_5.vnnlib,2.352745942,unsat,3.654612385
nn4sys_2023,vnncomp2024_benchmarks/benchmarks/nn4sys_2023/onnx/pensieve_small_simple.onnx,vnncomp2024_benchmarks/benchmarks/nn4sys_2023/vnnlib/pensieve_simple_6.vnnlib,2.322666432,unsat,3.656918670
nn4sys_2023,vnncomp2024_benchmarks/benchmarks/nn4sys_2023/onnx/pensieve_big_parallel.onnx,vnncomp2024_benchmarks/benchmarks/nn4sys_2023/vnnlib/pensieve_parallel_7.vnnlib,2.579692236,timeout,34.011650480
nn4sys_2023,vnncomp2024_benchmarks/benchmarks/nn4sys_2023/onnx/pensieve_small_parallel.onnx,vnncomp2024_benchmarks/benchmarks/nn4sys_2023/vnnlib/pensieve_parallel_8.vnnlib,2.343140721,timeout,33.663097132
nn4sys_2023,vnncomp2024_benchmarks/benchmarks/nn4sys_2023/onnx/pensieve_small_parallel.onnx,vnncomp2024_benchmarks/benchmarks/nn4sys_2023/vnnlib/pensieve_parallel_9.vnnlib,2.346888685,timeout,33.703101961
nn4sys_2023,vnncomp2024_benchmarks/benchmarks/nn4sys_2023/onnx/pensieve_mid_simple.onnx,vnncomp2024_benchmarks/benchmarks/nn4sys_2023/vnnlib/pensieve_simple_10.vnnlib,2.385532365,unsat,3.633750804
nn4sys_2023,vnncomp2024_benchmarks/benchmarks/nn4sys_2023/onnx/pensieve_mid_simple.onnx,vnncomp2024_benchmarks/benchmarks/nn4sys_2023/vnnlib/pensieve_simple_11.vnnlib,2.409862796,unsat,3.664267186
nn4sys_2023,vnncomp2024_benchmarks/benchmarks/nn4sys_2023/onnx/pensieve_small_simple.onnx,vnncomp2024_benchmarks/benchmarks/nn4sys_2023/vnnlib/pensieve_simple_12.vnnlib,2.370157021,unsat,3.624843337
nn4sys_2023,vnncomp2024_benchmarks/benchmarks/nn4sys_2023/onnx/pensieve_small_simple.onnx,vnncomp2024_benchmarks/benchmarks/nn4sys_2023/vnnlib/pensieve_simple_13.vnnlib,2.371306715,unsat,3.598262602
nn4sys_2023,vnncomp2024_benchmarks/benchmarks/nn4sys_2023/onnx/pensieve_big_simple.onnx,vnncomp2024_benchmarks/benchmarks/nn4sys_2023/vnnlib/pensieve_simple_14.vnnlib,2.439661164,unsat,3.711968048
nn4sys_2023,vnncomp2024_benchmarks/benchmarks/nn4sys_2023/onnx/pensieve_small_parallel.onnx,vnncomp2024_benchmarks/benchmarks/nn4sys_2023/vnnlib/pensieve_parallel_15.vnnlib,2.382635288,timeout,33.625764145
nn4sys_2023,vnncomp2024_benchmarks/benchmarks/nn4sys_2023/onnx/pensieve_big_parallel.onnx,vnncomp2024_benchmarks/benchmarks/nn4sys_2023/vnnlib/pensieve_parallel_16.vnnlib,2.645623011,timeout,33.742074261
nn4sys_2023,vnncomp2024_benchmarks/benchmarks/nn4sys_2023/onnx/pensieve_big_parallel.onnx,vnncomp2024_benchmarks/benchmarks/nn4sys_2023/vnnlib/pensieve_parallel_17.vnnlib,2.517070792,timeout,33.904428327
nn4sys_2023,vnncomp2024_benchmarks/benchmarks/nn4sys_2023/onnx/pensieve_small_simple.onnx,vnncomp2024_benchmarks/benchmarks/nn4sys_2023/vnnlib/pensieve_simple_18.vnnlib,2.340335723,unsat,3.656890731
nn4sys_2023,vnncomp2024_benchmarks/benchmarks/nn4sys_2023/onnx/pensieve_small_simple.onnx,vnncomp2024_benchmarks/benchmarks/nn4sys_2023/vnnlib/pensieve_simple_19.vnnlib,2.357613094,unsat,3.704702734
nn4sys_2023,vnncomp2024_benchmarks/benchmarks/nn4sys_2023/onnx/pensieve_big_simple.onnx,vnncomp2024_benchmarks/benchmarks/nn4sys_2023/vnnlib/pensieve_simple_20.vnnlib,2.471905231,unsat,3.756988357
nn4sys_2023,vnncomp2024_benchmarks/benchmarks/nn4sys_2023/onnx/pensieve_big_parallel.onnx,vnncomp2024_benchmarks/benchmarks/nn4sys_2023/vnnlib/pensieve_parallel_21.vnnlib,2.593398780,timeout,33.775613553
nn4sys_2023,vnncomp2024_benchmarks/benchmarks/nn4sys_2023/onnx/pensieve_mid_simple.onnx,vnncomp2024_benchmarks/benchmarks/nn4sys_2023/vnnlib/pensieve_simple_22.vnnlib,2.365289676,unsat,3.728888182
nn4sys_2023,vnncomp2024_benchmarks/benchmarks/nn4sys_2023/onnx/pensieve_big_simple.onnx,vnncomp2024_benchmarks/benchmarks/nn4sys_2023/vnnlib/pensieve_simple_23.vnnlib,2.457236002,unsat,3.768140766
nn4sys_2023,vnncomp2024_benchmarks/benchmarks/nn4sys_2023/onnx/pensieve_small_simple.onnx,vnncomp2024_benchmarks/benchmarks/nn4sys_2023/vnnlib/pensieve_simple_24.vnnlib,2.305473524,unsat,3.634101461
nn4sys_2023,vnncomp2024_benchmarks/benchmarks/nn4sys_2023/onnx/pensieve_big_parallel.onnx,vnncomp2024_benchmarks/benchmarks/nn4sys_2023/vnnlib/pensieve_parallel_25.vnnlib,2.541795071,timeout,33.970190481
nn4sys_2023,vnncomp2024_benchmarks/benchmarks/nn4sys_2023/onnx/pensieve_small_parallel.onnx,vnncomp2024_benchmarks/benchmarks/nn4sys_2023/vnnlib/pensieve_parallel_26.vnnlib,2.377485261,timeout,33.657143819
nn4sys_2023,vnncomp2024_benchmarks/benchmarks/nn4sys_2023/onnx/pensieve_small_simple.onnx,vnncomp2024_benchmarks/benchmarks/nn4sys_2023/vnnlib/pensieve_simple_27.vnnlib,2.352261488,unsat,3.658969410
nn4sys_2023,vnncomp2024_benchmarks/benchmarks/nn4sys_2023/onnx/pensieve_small_simple.onnx,vnncomp2024_benchmarks/benchmarks/nn4sys_2023/vnnlib/pensieve_simple_28.vnnlib,2.357887441,unsat,3.661782116
nn4sys_2023,vnncomp2024_benchmarks/benchmarks/nn4sys_2023/onnx/pensieve_mid_simple.onnx,vnncomp2024_benchmarks/benchmarks/nn4sys_2023/vnnlib/pensieve_simple_29.vnnlib,2.366741168,unsat,3.625905292
nn4sys_2023,vnncomp2024_benchmarks/benchmarks/nn4sys_2023/onnx/pensieve_mid_simple.onnx,vnncomp2024_benchmarks/benchmarks/nn4sys_2023/vnnlib/pensieve_simple_30.vnnlib,2.328056917,unsat,3.731497456
nn4sys_2023,vnncomp2024_benchmarks/benchmarks/nn4sys_2023/onnx/pensieve_big_simple.onnx,vnncomp2024_benchmarks/benchmarks/nn4sys_2023/vnnlib/pensieve_simple_31.vnnlib,2.451826723,unsat,3.712933736
nn4sys_2023,vnncomp2024_benchmarks/benchmarks/nn4sys_2023/onnx/pensieve_small_parallel.onnx,vnncomp2024_benchmarks/benchmarks/nn4sys_2023/vnnlib/pensieve_parallel_32.vnnlib,2.396330047,timeout,33.669805710
nn4sys_2023,vnncomp2024_benchmarks/benchmarks/nn4sys_2023/onnx/pensieve_mid_simple.onnx,vnncomp2024_benchmarks/benchmarks/nn4sys_2023/vnnlib/pensieve_simple_33.vnnlib,2.419063820,unsat,3.743815870
nn4sys_2023,vnncomp2024_benchmarks/benchmarks/nn4sys_2023/onnx/pensieve_big_parallel.onnx,vnncomp2024_benchmarks/benchmarks/nn4sys_2023/vnnlib/pensieve_parallel_34.vnnlib,2.622356001,timeout,33.789097018
nn4sys_2023,vnncomp2024_benchmarks/benchmarks/nn4sys_2023/onnx/pensieve_big_parallel.onnx,vnncomp2024_benchmarks/benchmarks/nn4sys_2023/vnnlib/pensieve_parallel_35.vnnlib,2.625911602,timeout,63.826051557
nn4sys_2023,vnncomp2024_benchmarks/benchmarks/nn4sys_2023/onnx/pensieve_big_parallel.onnx,vnncomp2024_benchmarks/benchmarks/nn4sys_2023/vnnlib/pensieve_parallel_36.vnnlib,2.585483196,timeout,63.816424916
nn4sys_2023,vnncomp2024_benchmarks/benchmarks/nn4sys_2023/onnx/pensieve_big_parallel.onnx,vnncomp2024_benchmarks/benchmarks/nn4sys_2023/vnnlib/pensieve_parallel_37.vnnlib,2.555273694,timeout,63.845138047
nn4sys_2023,vnncomp2024_benchmarks/benchmarks/nn4sys_2023/onnx/pensieve_big_parallel.onnx,vnncomp2024_benchmarks/benchmarks/nn4sys_2023/vnnlib/pensieve_parallel_38.vnnlib,2.528545121,timeout,63.958502848
nn4sys_2023,vnncomp2024_benchmarks/benchmarks/nn4sys_2023/onnx/pensieve_big_parallel.onnx,vnncomp2024_benchmarks/benchmarks/nn4sys_2023/vnnlib/pensieve_parallel_39.vnnlib,2.533913999,timeout,63.864088996
nn4sys_2023,vnncomp2024_benchmarks/benchmarks/nn4sys_2023/onnx/pensieve_big_parallel.onnx,vnncomp2024_benchmarks/benchmarks/nn4sys_2023/vnnlib/pensieve_parallel_40.vnnlib,2.549815146,timeout,64.138023753
nn4sys_2023,vnncomp2024_benchmarks/benchmarks/nn4sys_2023/onnx/pensieve_big_parallel.onnx,vnncomp2024_benchmarks/benchmarks/nn4sys_2023/vnnlib/pensieve_parallel_41.vnnlib,2.565590102,timeout,63.751704584
nn4sys_2023,vnncomp2024_benchmarks/benchmarks/nn4sys_2023/onnx/pensieve_big_parallel.onnx,vnncomp2024_benchmarks/benchmarks/nn4sys_2023/vnnlib/pensieve_parallel_42.vnnlib,2.558514010,timeout,63.863781359
nn4sys_2023,vnncomp2024_benchmarks/benchmarks/nn4sys_2023/onnx/pensieve_big_parallel.onnx,vnncomp2024_benchmarks/benchmarks/nn4sys_2023/vnnlib/pensieve_parallel_43.vnnlib,2.599776327,timeout,64.217473884
nn4sys_2023,vnncomp2024_benchmarks/benchmarks/nn4sys_2023/onnx/pensieve_big_parallel.onnx,vnncomp2024_benchmarks/benchmarks/nn4sys_2023/vnnlib/pensieve_parallel_44.vnnlib,2.531738674,timeout,63.917644439
nn4sys_2023,vnncomp2024_benchmarks/benchmarks/nn4sys_2023/onnx/pensieve_big_parallel.onnx,vnncomp2024_benchmarks/benchmarks/nn4sys_2023/vnnlib/pensieve_parallel_45.vnnlib,2.610661335,timeout,63.773820467
nn4sys_2023,vnncomp2024_benchmarks/benchmarks/nn4sys_2023/onnx/pensieve_big_parallel.onnx,vnncomp2024_benchmarks/benchmarks/nn4sys_2023/vnnlib/pensieve_parallel_46.vnnlib,2.554453369,timeout,63.970029708
nn4sys_2023,vnncomp2024_benchmarks/benchmarks/nn4sys_2023/onnx/pensieve_big_parallel.onnx,vnncomp2024_benchmarks/benchmarks/nn4sys_2023/vnnlib/pensieve_parallel_47.vnnlib,2.639549153,timeout,63.895964405
nn4sys_2023,vnncomp2024_benchmarks/benchmarks/nn4sys_2023/onnx/pensieve_big_parallel.onnx,vnncomp2024_benchmarks/benchmarks/nn4sys_2023/vnnlib/pensieve_parallel_48.vnnlib,2.561189634,timeout,63.999641432
nn4sys_2023,vnncomp2024_benchmarks/benchmarks/nn4sys_2023/onnx/pensieve_big_parallel.onnx,vnncomp2024_benchmarks/benchmarks/nn4sys_2023/vnnlib/pensieve_parallel_49.vnnlib,2.548203495,timeout,64.205672047
nn4sys_2023,vnncomp2024_benchmarks/benchmarks/nn4sys_2023/onnx/pensieve_big_parallel.onnx,vnncomp2024_benchmarks/benchmarks/nn4sys_2023/vnnlib/pensieve_parallel_50.vnnlib,2.589984208,timeout,63.741507705
nn4sys_2023,vnncomp2024_benchmarks/benchmarks/nn4sys_2023/onnx/pensieve_big_parallel.onnx,vnncomp2024_benchmarks/benchmarks/nn4sys_2023/vnnlib/pensieve_parallel_51.vnnlib,2.541623553,timeout,64.174362241
nn4sys_2023,vnncomp2024_benchmarks/benchmarks/nn4sys_2023/onnx/pensieve_big_parallel.onnx,vnncomp2024_benchmarks/benchmarks/nn4sys_2023/vnnlib/pensieve_parallel_52.vnnlib,2.610710262,timeout,63.971298001
nn4sys_2023,vnncomp2024_benchmarks/benchmarks/nn4sys_2023/onnx/pensieve_big_parallel.onnx,vnncomp2024_benchmarks/benchmarks/nn4sys_2023/vnnlib/pensieve_parallel_53.vnnlib,2.550082285,timeout,64.028476372
nn4sys_2023,vnncomp2024_benchmarks/benchmarks/nn4sys_2023/onnx/pensieve_big_parallel.onnx,vnncomp2024_benchmarks/benchmarks/nn4sys_2023/vnnlib/pensieve_parallel_54.vnnlib,2.602073470,timeout,63.915037247
nn4sys_2023,vnncomp2024_benchmarks/benchmarks/nn4sys_2023/onnx/pensieve_big_parallel.onnx,vnncomp2024_benchmarks/benchmarks/nn4sys_2023/vnnlib/pensieve_parallel_55.vnnlib,2.574738373,timeout,64.122175561
nn4sys_2023,vnncomp2024_benchmarks/benchmarks/nn4sys_2023/onnx/pensieve_big_parallel.onnx,vnncomp2024_benchmarks/benchmarks/nn4sys_2023/vnnlib/pensieve_parallel_56.vnnlib,2.640105112,timeout,64.204407142
nn4sys_2023,vnncomp2024_benchmarks/benchmarks/nn4sys_2023/onnx/pensieve_big_parallel.onnx,vnncomp2024_benchmarks/benchmarks/nn4sys_2023/vnnlib/pensieve_parallel_57.vnnlib,2.547125586,timeout,63.884638448
nn4sys_2023,vnncomp2024_benchmarks/benchmarks/nn4sys_2023/onnx/pensieve_big_parallel.onnx,vnncomp2024_benchmarks/benchmarks/nn4sys_2023/vnnlib/pensieve_parallel_58.vnnlib,2.644339926,timeout,63.882247281
nn4sys_2023,vnncomp2024_benchmarks/benchmarks/nn4sys_2023/onnx/pensieve_big_parallel.onnx,vnncomp2024_benchmarks/benchmarks/nn4sys_2023/vnnlib/pensieve_parallel_59.vnnlib,2.581014246,timeout,63.886903882
nn4sys_2023,vnncomp2024_benchmarks/benchmarks/nn4sys_2023/onnx/pensieve_big_parallel.onnx,vnncomp2024_benchmarks/benchmarks/nn4sys_2023/vnnlib/pensieve_parallel_60.vnnlib,2.638120104,timeout,64.160693360
nn4sys_2023,vnncomp2024_benchmarks/benchmarks/nn4sys_2023/onnx/pensieve_big_parallel.onnx,vnncomp2024_benchmarks/benchmarks/nn4sys_2023/vnnlib/pensieve_parallel_61.vnnlib,2.559936820,timeout,63.960066608
nn4sys_2023,vnncomp2024_benchmarks/benchmarks/nn4sys_2023/onnx/pensieve_big_parallel.onnx,vnncomp2024_benchmarks/benchmarks/nn4sys_2023/vnnlib/pensieve_parallel_62.vnnlib,2.600825787,timeout,64.078146539
nn4sys_2023,vnncomp2024_benchmarks/benchmarks/nn4sys_2023/onnx/pensieve_big_parallel.onnx,vnncomp2024_benchmarks/benchmarks/nn4sys_2023/vnnlib/pensieve_parallel_63.vnnlib,2.574710001,timeout,64.263165542
nn4sys_2023,vnncomp2024_benchmarks/benchmarks/nn4sys_2023/onnx/pensieve_big_parallel.onnx,vnncomp2024_benchmarks/benchmarks/nn4sys_2023/vnnlib/pensieve_parallel_64.vnnlib,2.531378686,timeout,63.995451805
nn4sys_2023,vnncomp2024_benchmarks/benchmarks/nn4sys_2023/onnx/pensieve_big_parallel.onnx,vnncomp2024_benchmarks/benchmarks/nn4sys_2023/vnnlib/pensieve_parallel_65.vnnlib,2.551792990,timeout,63.790022320
nn4sys_2023,vnncomp2024_benchmarks/benchmarks/nn4sys_2023/onnx/pensieve_big_parallel.onnx,vnncomp2024_benchmarks/benchmarks/nn4sys_2023/vnnlib/pensieve_parallel_66.vnnlib,2.611164121,timeout,63.871958828
nn4sys_2023,vnncomp2024_benchmarks/benchmarks/nn4sys_2023/onnx/pensieve_big_parallel.onnx,vnncomp2024_benchmarks/benchmarks/nn4sys_2023/vnnlib/pensieve_parallel_67.vnnlib,2.582106657,timeout,63.862590002
nn4sys_2023,vnncomp2024_benchmarks/benchmarks/nn4sys_2023/onnx/pensieve_big_parallel.onnx,vnncomp2024_benchmarks/benchmarks/nn4sys_2023/vnnlib/pensieve_parallel_68.vnnlib,2.594325558,timeout,64.048803539
nn4sys_2023,vnncomp2024_benchmarks/benchmarks/nn4sys_2023/onnx/pensieve_big_parallel.onnx,vnncomp2024_benchmarks/benchmarks/nn4sys_2023/vnnlib/pensieve_parallel_69.vnnlib,2.634267006,timeout,63.833800350
nn4sys_2023,vnncomp2024_benchmarks/benchmarks/nn4sys_2023/onnx/pensieve_big_parallel.onnx,vnncomp2024_benchmarks/benchmarks/nn4sys_2023/vnnlib/pensieve_parallel_70.vnnlib,2.623368988,timeout,144.023832060
nn4sys_2023,vnncomp2024_benchmarks/benchmarks/nn4sys_2023/onnx/pensieve_big_parallel.onnx,vnncomp2024_benchmarks/benchmarks/nn4sys_2023/vnnlib/pensieve_parallel_71.vnnlib,2.571403649,timeout,143.920193541
nn4sys_2023,vnncomp2024_benchmarks/benchmarks/nn4sys_2023/onnx/pensieve_big_parallel.onnx,vnncomp2024_benchmarks/benchmarks/nn4sys_2023/vnnlib/pensieve_parallel_72.vnnlib,2.589059211,timeout,143.836821415
nn4sys_2023,vnncomp2024_benchmarks/benchmarks/nn4sys_2023/onnx/pensieve_big_parallel.onnx,vnncomp2024_benchmarks/benchmarks/nn4sys_2023/vnnlib/pensieve_parallel_73.vnnlib,2.581598993,timeout,143.846613291
nn4sys_2023,vnncomp2024_benchmarks/benchmarks/nn4sys_2023/onnx/pensieve_big_parallel.onnx,vnncomp2024_benchmarks/benchmarks/nn4sys_2023/vnnlib/pensieve_parallel_74.vnnlib,2.519401700,timeout,144.095456429
nn4sys_2023,vnncomp2024_benchmarks/benchmarks/nn4sys_2023/onnx/pensieve_big_parallel.onnx,vnncomp2024_benchmarks/benchmarks/nn4sys_2023/vnnlib/pensieve_parallel_75.vnnlib,2.611716193,timeout,143.894044036
nn4sys_2023,vnncomp2024_benchmarks/benchmarks/nn4sys_2023/onnx/pensieve_big_parallel.onnx,vnncomp2024_benchmarks/benchmarks/nn4sys_2023/vnnlib/pensieve_parallel_76.vnnlib,2.616482859,timeout,144.016369048
nn4sys_2023,vnncomp2024_benchmarks/benchmarks/nn4sys_2023/onnx/pensieve_big_parallel.onnx,vnncomp2024_benchmarks/benchmarks/nn4sys_2023/vnnlib/pensieve_parallel_77.vnnlib,2.607988310,timeout,144.088543362
nn4sys_2023,vnncomp2024_benchmarks/benchmarks/nn4sys_2023/onnx/pensieve_big_parallel.onnx,vnncomp2024_benchmarks/benchmarks/nn4sys_2023/vnnlib/pensieve_parallel_78.vnnlib,2.562733929,timeout,144.214857964
nn4sys_2023,vnncomp2024_benchmarks/benchmarks/nn4sys_2023/onnx/pensieve_big_parallel.onnx,vnncomp2024_benchmarks/benchmarks/nn4sys_2023/vnnlib/pensieve_parallel_79.vnnlib,2.581254798,timeout,143.845365479
nn4sys_2023,vnncomp2024_benchmarks/benchmarks/nn4sys_2023/onnx/pensieve_big_parallel.onnx,vnncomp2024_benchmarks/benchmarks/nn4sys_2023/vnnlib/pensieve_parallel_80.vnnlib,2.623363318,timeout,144.176500860
nn4sys_2023,vnncomp2024_benchmarks/benchmarks/nn4sys_2023/onnx/pensieve_big_parallel.onnx,vnncomp2024_benchmarks/benchmarks/nn4sys_2023/vnnlib/pensieve_parallel_81.vnnlib,2.599535142,timeout,144.084759219
nn4sys_2023,vnncomp2024_benchmarks/benchmarks/nn4sys_2023/onnx/pensieve_big_parallel.onnx,vnncomp2024_benchmarks/benchmarks/nn4sys_2023/vnnlib/pensieve_parallel_82.vnnlib,2.571930612,timeout,144.019960248
nn4sys_2023,vnncomp2024_benchmarks/benchmarks/nn4sys_2023/onnx/pensieve_big_parallel.onnx,vnncomp2024_benchmarks/benchmarks/nn4sys_2023/vnnlib/pensieve_parallel_83.vnnlib,2.601317618,timeout,143.941453574
nn4sys_2023,vnncomp2024_benchmarks/benchmarks/nn4sys_2023/onnx/pensieve_big_parallel.onnx,vnncomp2024_benchmarks/benchmarks/nn4sys_2023/vnnlib/pensieve_parallel_84.vnnlib,2.591629275,timeout,143.857980447
nn4sys_2023,vnncomp2024_benchmarks/benchmarks/nn4sys_2023/onnx/pensieve_big_parallel.onnx,vnncomp2024_benchmarks/benchmarks/nn4sys_2023/vnnlib/pensieve_parallel_85.vnnlib,2.580367958,timeout,143.797112547
nn4sys_2023,vnncomp2024_benchmarks/benchmarks/nn4sys_2023/onnx/pensieve_big_parallel.onnx,vnncomp2024_benchmarks/benchmarks/nn4sys_2023/vnnlib/pensieve_parallel_86.vnnlib,2.592810635,timeout,143.922920978
nn4sys_2023,vnncomp2024_benchmarks/benchmarks/nn4sys_2023/onnx/pensieve_big_parallel.onnx,vnncomp2024_benchmarks/benchmarks/nn4sys_2023/vnnlib/pensieve_parallel_87.vnnlib,2.528216561,timeout,144.098191382
nn4sys_2023,vnncomp2024_benchmarks/benchmarks/nn4sys_2023/onnx/pensieve_big_parallel.onnx,vnncomp2024_benchmarks/benchmarks/nn4sys_2023/vnnlib/pensieve_parallel_88.vnnlib,2.575391929,timeout,143.771764863
nn4sys_2023,vnncomp2024_benchmarks/benchmarks/nn4sys_2023/onnx/pensieve_big_parallel.onnx,vnncomp2024_benchmarks/benchmarks/nn4sys_2023/vnnlib/pensieve_parallel_89.vnnlib,2.562227948,timeout,144.126209200
nn4sys_2023,vnncomp2024_benchmarks/benchmarks/nn4sys_2023/onnx/pensieve_big_parallel.onnx,vnncomp2024_benchmarks/benchmarks/nn4sys_2023/vnnlib/pensieve_parallel_90.vnnlib,2.610573499,timeout,143.893237968
nn4sys_2023,vnncomp2024_benchmarks/benchmarks/nn4sys_2023/onnx/pensieve_big_parallel.onnx,vnncomp2024_benchmarks/benchmarks/nn4sys_2023/vnnlib/pensieve_parallel_91.vnnlib,2.526976106,timeout,143.876251320
nn4sys_2023,vnncomp2024_benchmarks/benchmarks/nn4sys_2023/onnx/pensieve_big_parallel.onnx,vnncomp2024_benchmarks/benchmarks/nn4sys_2023/vnnlib/pensieve_parallel_92.vnnlib,2.598777670,timeout,144.084663805
nn4sys_2023,vnncomp2024_benchmarks/benchmarks/nn4sys_2023/onnx/pensieve_big_parallel.onnx,vnncomp2024_benchmarks/benchmarks/nn4sys_2023/vnnlib/pensieve_parallel_93.vnnlib,2.559440238,timeout,144.044272781
nn4sys_2023,vnncomp2024_benchmarks/benchmarks/nn4sys_2023/onnx/pensieve_big_parallel.onnx,vnncomp2024_benchmarks/benchmarks/nn4sys_2023/vnnlib/pensieve_parallel_94.vnnlib,2.583094288,timeout,143.928369136
nn4sys_2023,vnncomp2024_benchmarks/benchmarks/nn4sys_2023/onnx/pensieve_big_parallel.onnx,vnncomp2024_benchmarks/benchmarks/nn4sys_2023/vnnlib/pensieve_parallel_95.vnnlib,2.603099337,timeout,143.783478013
nn4sys_2023,vnncomp2024_benchmarks/benchmarks/nn4sys_2023/onnx/pensieve_big_parallel.onnx,vnncomp2024_benchmarks/benchmarks/nn4sys_2023/vnnlib/pensieve_parallel_96.vnnlib,2.560730054,timeout,144.138412093
nn4sys_2023,vnncomp2024_benchmarks/benchmarks/nn4sys_2023/onnx/pensieve_big_parallel.onnx,vnncomp2024_benchmarks/benchmarks/nn4sys_2023/vnnlib/pensieve_parallel_97.vnnlib,2.595785731,timeout,144.131841224
nn4sys_2023,vnncomp2024_benchmarks/benchmarks/nn4sys_2023/onnx/pensieve_big_parallel.onnx,vnncomp2024_benchmarks/benchmarks/nn4sys_2023/vnnlib/pensieve_parallel_98.vnnlib,2.511350351,timeout,143.794849134
nn4sys_2023,vnncomp2024_benchmarks/benchmarks/nn4sys_2023/onnx/pensieve_big_parallel.onnx,vnncomp2024_benchmarks/benchmarks/nn4sys_2023/vnnlib/pensieve_parallel_99.vnnlib,2.638227318,timeout,143.940420965
nn4sys_2023,vnncomp2024_benchmarks/benchmarks/nn4sys_2023/onnx/pensieve_big_parallel.onnx,vnncomp2024_benchmarks/benchmarks/nn4sys_2023/vnnlib/pensieve_parallel_100.vnnlib,2.603911336,timeout,143.869218439
nn4sys_2023,vnncomp2024_benchmarks/benchmarks/nn4sys_2023/onnx/pensieve_big_parallel.onnx,vnncomp2024_benchmarks/benchmarks/nn4sys_2023/vnnlib/pensieve_parallel_101.vnnlib,2.679866906,timeout,143.953657709
nn4sys_2023,vnncomp2024_benchmarks/benchmarks/nn4sys_2023/onnx/pensieve_big_parallel.onnx,vnncomp2024_benchmarks/benchmarks/nn4sys_2023/vnnlib/pensieve_parallel_102.vnnlib,2.617181149,timeout,144.164649244
nn4sys_2023,vnncomp2024_benchmarks/benchmarks/nn4sys_2023/onnx/pensieve_big_parallel.onnx,vnncomp2024_benchmarks/benchmarks/nn4sys_2023/vnnlib/pensieve_parallel_103.vnnlib,2.638162957,timeout,144.062241707
nn4sys_2023,vnncomp2024_benchmarks/benchmarks/nn4sys_2023/onnx/pensieve_big_parallel.onnx,vnncomp2024_benchmarks/benchmarks/nn4sys_2023/vnnlib/pensieve_parallel_104.vnnlib,2.556170826,timeout,144.127939524
nn4sys_2023,vnncomp2024_benchmarks/benchmarks/nn4sys_2023/onnx/lindex.onnx,vnncomp2024_benchmarks/benchmarks/nn4sys_2023/vnnlib/lindex_1.vnnlib,2.212501773,unsat,3.818818183
nn4sys_2023,vnncomp2024_benchmarks/benchmarks/nn4sys_2023/onnx/lindex_deep.onnx,vnncomp2024_benchmarks/benchmarks/nn4sys_2023/vnnlib/lindex_1.vnnlib,2.245959028,unsat,3.870907248
nn4sys_2023,vnncomp2024_benchmarks/benchmarks/nn4sys_2023/onnx/lindex.onnx,vnncomp2024_benchmarks/benchmarks/nn4sys_2023/vnnlib/lindex_200.vnnlib,2.268804853,unsat,8.149007323
nn4sys_2023,vnncomp2024_benchmarks/benchmarks/nn4sys_2023/onnx/lindex_deep.onnx,vnncomp2024_benchmarks/benchmarks/nn4sys_2023/vnnlib/lindex_200.vnnlib,2.273858923,unsat,8.788629981
nn4sys_2023,vnncomp2024_benchmarks/benchmarks/nn4sys_2023/onnx/lindex.onnx,vnncomp2024_benchmarks/benchmarks/nn4sys_2023/vnnlib/lindex_400.vnnlib,2.304912590,unsat,9.475705232
nn4sys_2023,vnncomp2024_benchmarks/benchmarks/nn4sys_2023/onnx/lindex_deep.onnx,vnncomp2024_benchmarks/benchmarks/nn4sys_2023/vnnlib/lindex_400.vnnlib,2.299474612,unsat,9.925924844
nn4sys_2023,vnncomp2024_benchmarks/benchmarks/nn4sys_2023/onnx/lindex.onnx,vnncomp2024_benchmarks/benchmarks/nn4sys_2023/vnnlib/lindex_600.vnnlib,2.308098084,unsat,9.724499269
nn4sys_2023,vnncomp2024_benchmarks/benchmarks/nn4sys_2023/onnx/lindex_deep.onnx,vnncomp2024_benchmarks/benchmarks/nn4sys_2023/vnnlib/lindex_600.vnnlib,2.341489067,unsat,11.570921004
nn4sys_2023,vnncomp2024_benchmarks/benchmarks/nn4sys_2023/onnx/lindex.onnx,vnncomp2024_benchmarks/benchmarks/nn4sys_2023/vnnlib/lindex_800.vnnlib,2.374455623,unsat,10.560897560
nn4sys_2023,vnncomp2024_benchmarks/benchmarks/nn4sys_2023/onnx/lindex_deep.onnx,vnncomp2024_benchmarks/benchmarks/nn4sys_2023/vnnlib/lindex_800.vnnlib,2.436171631,unsat,11.038099879
nn4sys_2023,vnncomp2024_benchmarks/benchmarks/nn4sys_2023/onnx/lindex.onnx,vnncomp2024_benchmarks/benchmarks/nn4sys_2023/vnnlib/lindex_1000.vnnlib,2.395442351,unsat,10.104410984
nn4sys_2023,vnncomp2024_benchmarks/benchmarks/nn4sys_2023/onnx/lindex_deep.onnx,vnncomp2024_benchmarks/benchmarks/nn4sys_2023/vnnlib/lindex_1000.vnnlib,2.442898893,unsat,11.761430261
nn4sys_2023,vnncomp2024_benchmarks/benchmarks/nn4sys_2023/onnx/lindex.onnx,vnncomp2024_benchmarks/benchmarks/nn4sys_2023/vnnlib/lindex_3000.vnnlib,2.582609331,unsat,12.778995186
nn4sys_2023,vnncomp2024_benchmarks/benchmarks/nn4sys_2023/onnx/lindex_deep.onnx,vnncomp2024_benchmarks/benchmarks/nn4sys_2023/vnnlib/lindex_3000.vnnlib,2.618664661,unsat,13.435661161
nn4sys_2023,vnncomp2024_benchmarks/benchmarks/nn4sys_2023/onnx/lindex.onnx,vnncomp2024_benchmarks/benchmarks/nn4sys_2023/vnnlib/lindex_5000.vnnlib,2.860164635,unsat,14.665338573
nn4sys_2023,vnncomp2024_benchmarks/benchmarks/nn4sys_2023/onnx/lindex_deep.onnx,vnncomp2024_benchmarks/benchmarks/nn4sys_2023/vnnlib/lindex_5000.vnnlib,2.984570889,unsat,11.860806445
nn4sys_2023,vnncomp2024_benchmarks/benchmarks/nn4sys_2023/onnx/lindex.onnx,vnncomp2024_benchmarks/benchmarks/nn4sys_2023/vnnlib/lindex_7000.vnnlib,3.124424821,unsat,11.578689263
nn4sys_2023,vnncomp2024_benchmarks/benchmarks/nn4sys_2023/onnx/lindex_deep.onnx,vnncomp2024_benchmarks/benchmarks/nn4sys_2023/vnnlib/lindex_7000.vnnlib,3.279794541,unsat,18.823279803
nn4sys_2023,vnncomp2024_benchmarks/benchmarks/nn4sys_2023/onnx/lindex.onnx,vnncomp2024_benchmarks/benchmarks/nn4sys_2023/vnnlib/lindex_9000.vnnlib,3.327568381,unsat,18.734214091
nn4sys_2023,vnncomp2024_benchmarks/benchmarks/nn4sys_2023/onnx/lindex_deep.onnx,vnncomp2024_benchmarks/benchmarks/nn4sys_2023/vnnlib/lindex_9000.vnnlib,3.510704665,unsat,21.684190161
nn4sys_2023,vnncomp2024_benchmarks/benchmarks/nn4sys_2023/onnx/lindex.onnx,vnncomp2024_benchmarks/benchmarks/nn4sys_2023/vnnlib/lindex_10000.vnnlib,3.560737629,unsat,12.150647691
nn4sys_2023,vnncomp2024_benchmarks/benchmarks/nn4sys_2023/onnx/lindex_deep.onnx,vnncomp2024_benchmarks/benchmarks/nn4sys_2023/vnnlib/lindex_10000.vnnlib,3.686279748,unsat,21.128671442
nn4sys_2023,vnncomp2024_benchmarks/benchmarks/nn4sys_2023/onnx/lindex.onnx,vnncomp2024_benchmarks/benchmarks/nn4sys_2023/vnnlib/lindex_60000.vnnlib,10.384468628,unsat,71.849951039
nn4sys_2023,vnncomp2024_benchmarks/benchmarks/nn4sys_2023/onnx/lindex_deep.onnx,vnncomp2024_benchmarks/benchmarks/nn4sys_2023/vnnlib/lindex_60000.vnnlib,10.985404022,unsat,78.312920630
nn4sys_2023,vnncomp2024_benchmarks/benchmarks/nn4sys_2023/onnx/mscn_128d.onnx,vnncomp2024_benchmarks/benchmarks/nn4sys_2023/vnnlib/cardinality_0_1_128.vnnlib,2.372456272,unsat,4.092884266
nn4sys_2023,vnncomp2024_benchmarks/benchmarks/nn4sys_2023/onnx/mscn_128d.onnx,vnncomp2024_benchmarks/benchmarks/nn4sys_2023/vnnlib/cardinality_0_500_128.vnnlib,3.044284717,unsat,37.997264191
nn4sys_2023,vnncomp2024_benchmarks/benchmarks/nn4sys_2023/onnx/mscn_128d.onnx,vnncomp2024_benchmarks/benchmarks/nn4sys_2023/vnnlib/cardinality_0_750_128.vnnlib,3.443186382,unsat,57.571638625
nn4sys_2023,vnncomp2024_benchmarks/benchmarks/nn4sys_2023/onnx/mscn_128d.onnx,vnncomp2024_benchmarks/benchmarks/nn4sys_2023/vnnlib/cardinality_0_1000_128.vnnlib,3.780659345,unsat,74.519127774
nn4sys_2023,vnncomp2024_benchmarks/benchmarks/nn4sys_2023/onnx/mscn_128d.onnx,vnncomp2024_benchmarks/benchmarks/nn4sys_2023/vnnlib/cardinality_0_2120_128.vnnlib,5.315056818,run_instance_timeout,90.024095658
nn4sys_2023,vnncomp2024_benchmarks/benchmarks/nn4sys_2023/onnx/mscn_128d.onnx,vnncomp2024_benchmarks/benchmarks/nn4sys_2023/vnnlib/cardinality_0_2680_128.vnnlib,6.065773050,run_instance_timeout,100.005826015
nn4sys_2023,vnncomp2024_benchmarks/benchmarks/nn4sys_2023/onnx/mscn_128d.onnx,vnncomp2024_benchmarks/benchmarks/nn4sys_2023/vnnlib/cardinality_0_3240_128.vnnlib,6.937396578,run_instance_timeout,110.011452866
nn4sys_2023,vnncomp2024_benchmarks/benchmarks/nn4sys_2023/onnx/mscn_128d.onnx,vnncomp2024_benchmarks/benchmarks/nn4sys_2023/vnnlib/cardinality_0_3800_128.vnnlib,7.672462211,run_instance_timeout,110.003824714
nn4sys_2023,vnncomp2024_benchmarks/benchmarks/nn4sys_2023/onnx/mscn_128d_dual.onnx,vnncomp2024_benchmarks/benchmarks/nn4sys_2023/vnnlib/cardinality_1_1_128_dual.vnnlib,2.408254494,unsat,4.370318244
nn4sys_2023,vnncomp2024_benchmarks/benchmarks/nn4sys_2023/onnx/mscn_128d_dual.onnx,vnncomp2024_benchmarks/benchmarks/nn4sys_2023/vnnlib/cardinality_1_240_128_dual.vnnlib,2.747895881,run_instance_timeout,80.003889702
nn4sys_2023,vnncomp2024_benchmarks/benchmarks/nn4sys_2023/onnx/mscn_128d_dual.onnx,vnncomp2024_benchmarks/benchmarks/nn4sys_2023/vnnlib/cardinality_1_360_128_dual.vnnlib,2.942859400,run_instance_timeout,100.005359385
nn4sys_2023,vnncomp2024_benchmarks/benchmarks/nn4sys_2023/onnx/mscn_128d_dual.onnx,vnncomp2024_benchmarks/benchmarks/nn4sys_2023/vnnlib/cardinality_1_480_128_dual.vnnlib,3.077567782,run_instance_timeout,100.006030581
nn4sys_2023,vnncomp2024_benchmarks/benchmarks/nn4sys_2023/onnx/mscn_128d_dual.onnx,vnncomp2024_benchmarks/benchmarks/nn4sys_2023/vnnlib/cardinality_1_600_128_dual.vnnlib,3.195348957,run_instance_timeout,100.004540020
nn4sys_2023,vnncomp2024_benchmarks/benchmarks/nn4sys_2023/onnx/mscn_128d_dual.onnx,vnncomp2024_benchmarks/benchmarks/nn4sys_2023/vnnlib/cardinality_1_720_128_dual.vnnlib,3.408029453,run_instance_timeout,120.005832437
nn4sys_2023,vnncomp2024_benchmarks/benchmarks/nn4sys_2023/onnx/mscn_128d_dual.onnx,vnncomp2024_benchmarks/benchmarks/nn4sys_2023/vnnlib/cardinality_1_840_128_dual.vnnlib,3.530413070,run_instance_timeout,120.006988849
nn4sys_2023,vnncomp2024_benchmarks/benchmarks/nn4sys_2023/onnx/mscn_128d_dual.onnx,vnncomp2024_benchmarks/benchmarks/nn4sys_2023/vnnlib/cardinality_1_960_128_dual.vnnlib,3.686306114,run_instance_timeout,120.004968910
nn4sys_2023,vnncomp2024_benchmarks/benchmarks/nn4sys_2023/onnx/mscn_128d_dual.onnx,vnncomp2024_benchmarks/benchmarks/nn4sys_2023/vnnlib/cardinality_1_2260_128_dual.vnnlib,5.562341220,run_instance_timeout,160.005198235
nn4sys_2023,vnncomp2024_benchmarks/benchmarks/nn4sys_2023/onnx/mscn_128d_dual.onnx,vnncomp2024_benchmarks/benchmarks/nn4sys_2023/vnnlib/cardinality_1_2890_128_dual.vnnlib,6.352444383,run_instance_timeout,160.018256533
nn4sys_2023,vnncomp2024_benchmarks/benchmarks/nn4sys_2023/onnx/mscn_128d_dual.onnx,vnncomp2024_benchmarks/benchmarks/nn4sys_2023/vnnlib/cardinality_1_3520_128_dual.vnnlib,7.208618512,run_instance_timeout,180.006416776
nn4sys_2023,vnncomp2024_benchmarks/benchmarks/nn4sys_2023/onnx/mscn_128d_dual.onnx,vnncomp2024_benchmarks/benchmarks/nn4sys_2023/vnnlib/cardinality_1_4150_128_dual.vnnlib,8.069113019,run_instance_timeout,200.010500877
nn4sys_2023,vnncomp2024_benchmarks/benchmarks/nn4sys_2023/onnx/mscn_128d_dual.onnx,vnncomp2024_benchmarks/benchmarks/nn4sys_2023/vnnlib/cardinality_1_4780_128_dual.vnnlib,8.838620201,run_instance_timeout,200.004260182
nn4sys_2023,vnncomp2024_benchmarks/benchmarks/nn4sys_2023/onnx/mscn_128d_dual.onnx,vnncomp2024_benchmarks/benchmarks/nn4sys_2023/vnnlib/cardinality_1_5410_128_dual.vnnlib,9.771346243,run_instance_timeout,200.005239091
nn4sys_2023,vnncomp2024_benchmarks/benchmarks/nn4sys_2023/onnx/mscn_128d_dual.onnx,vnncomp2024_benchmarks/benchmarks/nn4sys_2023/vnnlib/cardinality_1_6040_128_dual.vnnlib,10.652505649,run_instance_timeout,220.005810196
nn4sys_2023,vnncomp2024_benchmarks/benchmarks/nn4sys_2023/onnx/mscn_128d_dual.onnx,vnncomp2024_benchmarks/benchmarks/nn4sys_2023/vnnlib/cardinality_1_6670_128_dual.vnnlib,11.467548818,run_instance_timeout,220.005499412
nn4sys_2023,vnncomp2024_benchmarks/benchmarks/nn4sys_2023/onnx/mscn_128d_dual.onnx,vnncomp2024_benchmarks/benchmarks/nn4sys_2023/vnnlib/cardinality_1_7300_128_dual.vnnlib,12.264548821,run_instance_timeout,220.007696245
nn4sys_2023,vnncomp2024_benchmarks/benchmarks/nn4sys_2023/onnx/mscn_128d_dual.onnx,vnncomp2024_benchmarks/benchmarks/nn4sys_2023/vnnlib/cardinality_1_7930_128_dual.vnnlib,13.102992566,run_instance_timeout,240.014302503
nn4sys_2023,vnncomp2024_benchmarks/benchmarks/nn4sys_2023/onnx/mscn_128d_dual.onnx,vnncomp2024_benchmarks/benchmarks/nn4sys_2023/vnnlib/cardinality_1_8560_128_dual.vnnlib,14.105646965,run_instance_timeout,240.011227000
nn4sys_2023,vnncomp2024_benchmarks/benchmarks/nn4sys_2023/onnx/mscn_128d_dual.onnx,vnncomp2024_benchmarks/benchmarks/nn4sys_2023/vnnlib/cardinality_1_9190_128_dual.vnnlib,14.874468246,run_instance_timeout,240.025760804
nn4sys_2023,vnncomp2024_benchmarks/benchmarks/nn4sys_2023/onnx/mscn_128d_dual.onnx,vnncomp2024_benchmarks/benchmarks/nn4sys_2023/vnnlib/cardinality_1_9820_128_dual.vnnlib,15.824531444,run_instance_timeout,260.006097416
nn4sys_2023,vnncomp2024_benchmarks/benchmarks/nn4sys_2023/onnx/mscn_128d_dual.onnx,vnncomp2024_benchmarks/benchmarks/nn4sys_2023/vnnlib/cardinality_1_10450_128_dual.vnnlib,16.519528066,run_instance_timeout,260.005620036
nn4sys_2023,vnncomp2024_benchmarks/benchmarks/nn4sys_2023/onnx/mscn_128d_dual.onnx,vnncomp2024_benchmarks/benchmarks/nn4sys_2023/vnnlib/cardinality_1_11080_128_dual.vnnlib,17.734123187,run_instance_timeout,460.006781747
nn4sys_2023,vnncomp2024_benchmarks/benchmarks/nn4sys_2023/onnx/mscn_2048d.onnx,vnncomp2024_benchmarks/benchmarks/nn4sys_2023/vnnlib/cardinality_0_1_2048.vnnlib,13.406479281,unsat,15.337887580
nn4sys_2023,vnncomp2024_benchmarks/benchmarks/nn4sys_2023/onnx/mscn_2048d.onnx,vnncomp2024_benchmarks/benchmarks/nn4sys_2023/vnnlib/cardinality_0_500_2048.vnnlib,14.001744026,run_instance_timeout,80.003841087
nn4sys_2023,vnncomp2024_benchmarks/benchmarks/nn4sys_2023/onnx/mscn_2048d.onnx,vnncomp2024_benchmarks/benchmarks/nn4sys_2023/vnnlib/cardinality_0_750_2048.vnnlib,14.658341257,run_instance_timeout,100.009715601
nn4sys_2023,vnncomp2024_benchmarks/benchmarks/nn4sys_2023/onnx/mscn_2048d.onnx,vnncomp2024_benchmarks/benchmarks/nn4sys_2023/vnnlib/cardinality_0_1000_2048.vnnlib,14.670735106,run_instance_timeout,100.004409604
nn4sys_2023,vnncomp2024_benchmarks/benchmarks/nn4sys_2023/onnx/mscn_2048d.onnx,vnncomp2024_benchmarks/benchmarks/nn4sys_2023/vnnlib/cardinality_0_2120_2048.vnnlib,15.646432183,run_instance_timeout,120.004216894
nn4sys_2023,vnncomp2024_benchmarks/benchmarks/nn4sys_2023/onnx/mscn_2048d.onnx,vnncomp2024_benchmarks/benchmarks/nn4sys_2023/vnnlib/cardinality_0_2680_2048.vnnlib,16.900584063,run_instance_timeout,140.019190031
nn4sys_2023,vnncomp2024_benchmarks/benchmarks/nn4sys_2023/onnx/mscn_2048d.onnx,vnncomp2024_benchmarks/benchmarks/nn4sys_2023/vnnlib/cardinality_0_3240_2048.vnnlib,17.253579121,run_instance_timeout,160.007308967
nn4sys_2023,vnncomp2024_benchmarks/benchmarks/nn4sys_2023/onnx/mscn_2048d.onnx,vnncomp2024_benchmarks/benchmarks/nn4sys_2023/vnnlib/cardinality_0_3800_2048.vnnlib,17.705536801,run_instance_timeout,160.020803962
nn4sys_2023,vnncomp2024_benchmarks/benchmarks/nn4sys_2023/onnx/mscn_2048d.onnx,vnncomp2024_benchmarks/benchmarks/nn4sys_2023/vnnlib/cardinality_0_4360_2048.vnnlib,19.184184097,run_instance_timeout,180.056820736
nn4sys_2023,vnncomp2024_benchmarks/benchmarks/nn4sys_2023/onnx/mscn_2048d.onnx,vnncomp2024_benchmarks/benchmarks/nn4sys_2023/vnnlib/cardinality_0_4920_2048.vnnlib,19.730695310,run_instance_timeout,180.004722445
nn4sys_2023,vnncomp2024_benchmarks/benchmarks/nn4sys_2023/onnx/mscn_2048d.onnx,vnncomp2024_benchmarks/benchmarks/nn4sys_2023/vnnlib/cardinality_0_5480_2048.vnnlib,20.976298028,run_instance_timeout,200.004841914
nn4sys_2023,vnncomp2024_benchmarks/benchmarks/nn4sys_2023/onnx/mscn_2048d_dual.onnx,vnncomp2024_benchmarks/benchmarks/nn4sys_2023/vnnlib/cardinality_1_1_2048_dual.vnnlib,16.097475639,unsat,13.892753109
nn4sys_2023,vnncomp2024_benchmarks/benchmarks/nn4sys_2023/onnx/mscn_2048d_dual.onnx,vnncomp2024_benchmarks/benchmarks/nn4sys_2023/vnnlib/cardinality_1_240_2048_dual.vnnlib,16.551732330,run_instance_timeout,200.003425474
nn4sys_2023,vnncomp2024_benchmarks/benchmarks/nn4sys_2023/onnx/mscn_2048d_dual.onnx,vnncomp2024_benchmarks/benchmarks/nn4sys_2023/vnnlib/cardinality_1_360_2048_dual.vnnlib,16.538983799,run_instance_timeout,220.018231573
nn4sys_2023,vnncomp2024_benchmarks/benchmarks/nn4sys_2023/onnx/mscn_2048d_dual.onnx,vnncomp2024_benchmarks/benchmarks/nn4sys_2023/vnnlib/cardinality_1_480_2048_dual.vnnlib,16.652896939,run_instance_timeout,240.021106280
nn4sys_2023,vnncomp2024_benchmarks/benchmarks/nn4sys_2023/onnx/mscn_2048d_dual.onnx,vnncomp2024_benchmarks/benchmarks/nn4sys_2023/vnnlib/cardinality_1_600_2048_dual.vnnlib,17.048421983,run_instance_timeout,240.003574672
nn4sys_2023,vnncomp2024_benchmarks/benchmarks/nn4sys_2023/onnx/mscn_2048d_dual.onnx,vnncomp2024_benchmarks/benchmarks/nn4sys_2023/vnnlib/cardinality_1_720_2048_dual.vnnlib,17.004932542,run_instance_timeout,260.007413584
nn4sys_2023,vnncomp2024_benchmarks/benchmarks/nn4sys_2023/onnx/mscn_2048d_dual.onnx,vnncomp2024_benchmarks/benchmarks/nn4sys_2023/vnnlib/cardinality_1_840_2048_dual.vnnlib,17.101066611,run_instance_timeout,260.003937699
nn4sys_2023,vnncomp2024_benchmarks/benchmarks/nn4sys_2023/onnx/mscn_2048d_dual.onnx,vnncomp2024_benchmarks/benchmarks/nn4sys_2023/vnnlib/cardinality_1_960_2048_dual.vnnlib,17.405443299,run_instance_timeout,260.004182219
nn4sys_2023,vnncomp2024_benchmarks/benchmarks/nn4sys_2023/onnx/mscn_2048d_dual.onnx,vnncomp2024_benchmarks/benchmarks/nn4sys_2023/vnnlib/cardinality_1_2260_2048_dual.vnnlib,19.113119596,run_instance_timeout,360.012940777
nn4sys_2023,vnncomp2024_benchmarks/benchmarks/nn4sys_2023/onnx/mscn_2048d_dual.onnx,vnncomp2024_benchmarks/benchmarks/nn4sys_2023/vnnlib/cardinality_1_2890_2048_dual.vnnlib,20.179984536,run_instance_timeout,400.032192467
nn4sys_2023,vnncomp2024_benchmarks/benchmarks/nn4sys_2023/onnx/mscn_2048d_dual.onnx,vnncomp2024_benchmarks/benchmarks/nn4sys_2023/vnnlib/cardinality_1_3520_2048_dual.vnnlib,19.436182146,run_instance_timeout,440.008098928
nn4sys_2023,vnncomp2024_benchmarks/benchmarks/nn4sys_2023/onnx/mscn_2048d_dual.onnx,vnncomp2024_benchmarks/benchmarks/nn4sys_2023/vnnlib/cardinality_1_4150_2048_dual.vnnlib,21.634819238,run_instance_timeout,480.003813097
nn4sys_2023,vnncomp2024_benchmarks/benchmarks/nn4sys_2023/onnx/mscn_2048d_dual.onnx,vnncomp2024_benchmarks/benchmarks/nn4sys_2023/vnnlib/cardinality_1_4780_2048_dual.vnnlib,22.178293686,run_instance_timeout,500.006084692
nn4sys_2023,vnncomp2024_benchmarks/benchmarks/nn4sys_2023/onnx/mscn_2048d_dual.onnx,vnncomp2024_benchmarks/benchmarks/nn4sys_2023/vnnlib/cardinality_1_5410_2048_dual.vnnlib,23.515868034,run_instance_timeout,520.008590314
nn4sys_2023,vnncomp2024_benchmarks/benchmarks/nn4sys_2023/onnx/mscn_2048d_dual.onnx,vnncomp2024_benchmarks/benchmarks/nn4sys_2023/vnnlib/cardinality_1_6040_2048_dual.vnnlib,24.211708140,run_instance_timeout,560.016207930
nn4sys_2023,vnncomp2024_benchmarks/benchmarks/nn4sys_2023/onnx/mscn_2048d_dual.onnx,vnncomp2024_benchmarks/benchmarks/nn4sys_2023/vnnlib/cardinality_1_6670_2048_dual.vnnlib,24.931344412,run_instance_timeout,580.006601657
nn4sys_2023,vnncomp2024_benchmarks/benchmarks/nn4sys_2023/onnx/mscn_2048d_dual.onnx,vnncomp2024_benchmarks/benchmarks/nn4sys_2023/vnnlib/cardinality_1_7300_2048_dual.vnnlib,26.382738391,run_instance_timeout,580.003912378
nn4sys_2023,vnncomp2024_benchmarks/benchmarks/nn4sys_2023/onnx/mscn_2048d_dual.onnx,vnncomp2024_benchmarks/benchmarks/nn4sys_2023/vnnlib/cardinality_1_7930_2048_dual.vnnlib,26.630941011,run_instance_timeout,600.003940552
nn4sys_2023,vnncomp2024_benchmarks/benchmarks/nn4sys_2023/onnx/mscn_2048d_dual.onnx,vnncomp2024_benchmarks/benchmarks/nn4sys_2023/vnnlib/cardinality_1_8560_2048_dual.vnnlib,27.975608058,run_instance_timeout,620.023330941
nn4sys_2023,vnncomp2024_benchmarks/benchmarks/nn4sys_2023/onnx/mscn_2048d_dual.onnx,vnncomp2024_benchmarks/benchmarks/nn4sys_2023/vnnlib/cardinality_1_9190_2048_dual.vnnlib,28.795072479,run_instance_timeout,640.006935874
nn4sys_2023,vnncomp2024_benchmarks/benchmarks/nn4sys_2023/onnx/mscn_2048d_dual.onnx,vnncomp2024_benchmarks/benchmarks/nn4sys_2023/vnnlib/cardinality_1_9820_2048_dual.vnnlib,29.589659552,run_instance_timeout,640.006134158
nn4sys_2023,vnncomp2024_benchmarks/benchmarks/nn4sys_2023/onnx/mscn_2048d_dual.onnx,vnncomp2024_benchmarks/benchmarks/nn4sys_2023/vnnlib/cardinality_1_10450_2048_dual.vnnlib,30.322749466,run_instance_timeout,660.006495746
nn4sys_2023,vnncomp2024_benchmarks/benchmarks/nn4sys_2023/onnx/mscn_2048d_dual.onnx,vnncomp2024_benchmarks/benchmarks/nn4sys_2023/vnnlib/cardinality_1_11080_2048_dual.vnnlib,31.067553931,run_instance_timeout,860.004297921
nn4sys_2023,vnncomp2024_benchmarks/benchmarks/test/test_nano.onnx,vnncomp2024_benchmarks/benchmarks/test/test_nano.vnnlib,2.283083209,unsat,3.571292336
