acasxu_2023,vnncomp2024_benchmarks/benchmarks/acasxu_2023/onnx/ACASXU_run2a_1_1_batch_2000.onnx,vnncomp2024_benchmarks/benchmarks/acasxu_2023/vnnlib/prop_1.vnnlib,2.214191493,unsat,7.865000726
acasxu_2023,vnncomp2024_benchmarks/benchmarks/acasxu_2023/onnx/ACASXU_run2a_1_2_batch_2000.onnx,vnncomp2024_benchmarks/benchmarks/acasxu_2023/vnnlib/prop_1.vnnlib,2.215745567,unsat,9.924452212
acasxu_2023,vnncomp2024_benchmarks/benchmarks/acasxu_2023/onnx/ACASXU_run2a_1_3_batch_2000.onnx,vnncomp2024_benchmarks/benchmarks/acasxu_2023/vnnlib/prop_1.vnnlib,2.270081242,unsat,11.363950077
acasxu_2023,vnncomp2024_benchmarks/benchmarks/acasxu_2023/onnx/ACASXU_run2a_1_4_batch_2000.onnx,vnncomp2024_benchmarks/benchmarks/acasxu_2023/vnnlib/prop_1.vnnlib,2.252932460,unsat,9.290224152
acasxu_2023,vnncomp2024_benchmarks/benchmarks/acasxu_2023/onnx/ACASXU_run2a_1_5_batch_2000.onnx,vnncomp2024_benchmarks/benchmarks/acasxu_2023/vnnlib/prop_1.vnnlib,2.263997767,unsat,7.245413638
acasxu_2023,vnncomp2024_benchmarks/benchmarks/acasxu_2023/onnx/ACASXU_run2a_1_6_batch_2000.onnx,vnncomp2024_benchmarks/benchmarks/acasxu_2023/vnnlib/prop_1.vnnlib,2.251494797,unsat,8.795661406
acasxu_2023,vnncomp2024_benchmarks/benchmarks/acasxu_2023/onnx/ACASXU_run2a_1_7_batch_2000.onnx,vnncomp2024_benchmarks/benchmarks/acasxu_2023/vnnlib/prop_1.vnnlib,2.222786429,unsat,6.902852532
acasxu_2023,vnncomp2024_benchmarks/benchmarks/acasxu_2023/onnx/ACASXU_run2a_1_8_batch_2000.onnx,vnncomp2024_benchmarks/benchmarks/acasxu_2023/vnnlib/prop_1.vnnlib,2.258598310,unsat,6.169190978
acasxu_2023,vnncomp2024_benchmarks/benchmarks/acasxu_2023/onnx/ACASXU_run2a_1_9_batch_2000.onnx,vnncomp2024_benchmarks/benchmarks/acasxu_2023/vnnlib/prop_1.vnnlib,2.295641960,unsat,5.245076831
acasxu_2023,vnncomp2024_benchmarks/benchmarks/acasxu_2023/onnx/ACASXU_run2a_2_1_batch_2000.onnx,vnncomp2024_benchmarks/benchmarks/acasxu_2023/vnnlib/prop_1.vnnlib,2.240114836,unsat,11.173001707
acasxu_2023,vnncomp2024_benchmarks/benchmarks/acasxu_2023/onnx/ACASXU_run2a_2_2_batch_2000.onnx,vnncomp2024_benchmarks/benchmarks/acasxu_2023/vnnlib/prop_1.vnnlib,2.231650861,unsat,14.213773134
acasxu_2023,vnncomp2024_benchmarks/benchmarks/acasxu_2023/onnx/ACASXU_run2a_2_3_batch_2000.onnx,vnncomp2024_benchmarks/benchmarks/acasxu_2023/vnnlib/prop_1.vnnlib,2.266014328,unsat,10.969537857
acasxu_2023,vnncomp2024_benchmarks/benchmarks/acasxu_2023/onnx/ACASXU_run2a_2_4_batch_2000.onnx,vnncomp2024_benchmarks/benchmarks/acasxu_2023/vnnlib/prop_1.vnnlib,2.230502023,unsat,9.440587457
acasxu_2023,vnncomp2024_benchmarks/benchmarks/acasxu_2023/onnx/ACASXU_run2a_2_5_batch_2000.onnx,vnncomp2024_benchmarks/benchmarks/acasxu_2023/vnnlib/prop_1.vnnlib,2.241126272,unsat,17.593349544
acasxu_2023,vnncomp2024_benchmarks/benchmarks/acasxu_2023/onnx/ACASXU_run2a_2_6_batch_2000.onnx,vnncomp2024_benchmarks/benchmarks/acasxu_2023/vnnlib/prop_1.vnnlib,2.233070573,unsat,17.180802104
acasxu_2023,vnncomp2024_benchmarks/benchmarks/acasxu_2023/onnx/ACASXU_run2a_2_7_batch_2000.onnx,vnncomp2024_benchmarks/benchmarks/acasxu_2023/vnnlib/prop_1.vnnlib,2.259373562,unsat,35.487740052
acasxu_2023,vnncomp2024_benchmarks/benchmarks/acasxu_2023/onnx/ACASXU_run2a_2_8_batch_2000.onnx,vnncomp2024_benchmarks/benchmarks/acasxu_2023/vnnlib/prop_1.vnnlib,2.225645025,unsat,34.958310532
acasxu_2023,vnncomp2024_benchmarks/benchmarks/acasxu_2023/onnx/ACASXU_run2a_2_9_batch_2000.onnx,vnncomp2024_benchmarks/benchmarks/acasxu_2023/vnnlib/prop_1.vnnlib,2.267784315,unsat,37.257867653
acasxu_2023,vnncomp2024_benchmarks/benchmarks/acasxu_2023/onnx/ACASXU_run2a_3_1_batch_2000.onnx,vnncomp2024_benchmarks/benchmarks/acasxu_2023/vnnlib/prop_1.vnnlib,2.253786502,unsat,12.776184748
acasxu_2023,vnncomp2024_benchmarks/benchmarks/acasxu_2023/onnx/ACASXU_run2a_3_2_batch_2000.onnx,vnncomp2024_benchmarks/benchmarks/acasxu_2023/vnnlib/prop_1.vnnlib,2.243770693,unsat,11.137050764
acasxu_2023,vnncomp2024_benchmarks/benchmarks/acasxu_2023/onnx/ACASXU_run2a_3_3_batch_2000.onnx,vnncomp2024_benchmarks/benchmarks/acasxu_2023/vnnlib/prop_1.vnnlib,2.276251281,unsat,11.437294776
acasxu_2023,vnncomp2024_benchmarks/benchmarks/acasxu_2023/onnx/ACASXU_run2a_3_4_batch_2000.onnx,vnncomp2024_benchmarks/benchmarks/acasxu_2023/vnnlib/prop_1.vnnlib,2.261030039,unsat,8.808357938
acasxu_2023,vnncomp2024_benchmarks/benchmarks/acasxu_2023/onnx/ACASXU_run2a_3_5_batch_2000.onnx,vnncomp2024_benchmarks/benchmarks/acasxu_2023/vnnlib/prop_1.vnnlib,2.298721189,unsat,14.250915816
acasxu_2023,vnncomp2024_benchmarks/benchmarks/acasxu_2023/onnx/ACASXU_run2a_3_6_batch_2000.onnx,vnncomp2024_benchmarks/benchmarks/acasxu_2023/vnnlib/prop_1.vnnlib,2.261018368,unsat,25.712191372
acasxu_2023,vnncomp2024_benchmarks/benchmarks/acasxu_2023/onnx/ACASXU_run2a_3_7_batch_2000.onnx,vnncomp2024_benchmarks/benchmarks/acasxu_2023/vnnlib/prop_1.vnnlib,2.240972699,unsat,29.212430325
acasxu_2023,vnncomp2024_benchmarks/benchmarks/acasxu_2023/onnx/ACASXU_run2a_3_8_batch_2000.onnx,vnncomp2024_benchmarks/benchmarks/acasxu_2023/vnnlib/prop_1.vnnlib,2.254421453,unsat,26.637467995
acasxu_2023,vnncomp2024_benchmarks/benchmarks/acasxu_2023/onnx/ACASXU_run2a_3_9_batch_2000.onnx,vnncomp2024_benchmarks/benchmarks/acasxu_2023/vnnlib/prop_1.vnnlib,2.260145056,unsat,26.609723227
acasxu_2023,vnncomp2024_benchmarks/benchmarks/acasxu_2023/onnx/ACASXU_run2a_4_1_batch_2000.onnx,vnncomp2024_benchmarks/benchmarks/acasxu_2023/vnnlib/prop_1.vnnlib,2.258959217,unsat,14.121097066
acasxu_2023,vnncomp2024_benchmarks/benchmarks/acasxu_2023/onnx/ACASXU_run2a_4_2_batch_2000.onnx,vnncomp2024_benchmarks/benchmarks/acasxu_2023/vnnlib/prop_1.vnnlib,2.252403443,unsat,12.977096926
acasxu_2023,vnncomp2024_benchmarks/benchmarks/acasxu_2023/onnx/ACASXU_run2a_4_3_batch_2000.onnx,vnncomp2024_benchmarks/benchmarks/acasxu_2023/vnnlib/prop_1.vnnlib,2.259383265,unsat,11.147311296
acasxu_2023,vnncomp2024_benchmarks/benchmarks/acasxu_2023/onnx/ACASXU_run2a_4_4_batch_2000.onnx,vnncomp2024_benchmarks/benchmarks/acasxu_2023/vnnlib/prop_1.vnnlib,2.249895463,unsat,9.592101784
acasxu_2023,vnncomp2024_benchmarks/benchmarks/acasxu_2023/onnx/ACASXU_run2a_4_5_batch_2000.onnx,vnncomp2024_benchmarks/benchmarks/acasxu_2023/vnnlib/prop_1.vnnlib,2.249706830,unsat,17.634422653
acasxu_2023,vnncomp2024_benchmarks/benchmarks/acasxu_2023/onnx/ACASXU_run2a_4_6_batch_2000.onnx,vnncomp2024_benchmarks/benchmarks/acasxu_2023/vnnlib/prop_1.vnnlib,2.239329795,unsat,33.253840203
acasxu_2023,vnncomp2024_benchmarks/benchmarks/acasxu_2023/onnx/ACASXU_run2a_4_7_batch_2000.onnx,vnncomp2024_benchmarks/benchmarks/acasxu_2023/vnnlib/prop_1.vnnlib,2.247913151,unsat,55.613464074
acasxu_2023,vnncomp2024_benchmarks/benchmarks/acasxu_2023/onnx/ACASXU_run2a_4_8_batch_2000.onnx,vnncomp2024_benchmarks/benchmarks/acasxu_2023/vnnlib/prop_1.vnnlib,2.262679617,unsat,25.888054628
acasxu_2023,vnncomp2024_benchmarks/benchmarks/acasxu_2023/onnx/ACASXU_run2a_4_9_batch_2000.onnx,vnncomp2024_benchmarks/benchmarks/acasxu_2023/vnnlib/prop_1.vnnlib,2.239752552,unsat,51.723333624
acasxu_2023,vnncomp2024_benchmarks/benchmarks/acasxu_2023/onnx/ACASXU_run2a_5_1_batch_2000.onnx,vnncomp2024_benchmarks/benchmarks/acasxu_2023/vnnlib/prop_1.vnnlib,2.238048144,unsat,11.138123341
acasxu_2023,vnncomp2024_benchmarks/benchmarks/acasxu_2023/onnx/ACASXU_run2a_5_2_batch_2000.onnx,vnncomp2024_benchmarks/benchmarks/acasxu_2023/vnnlib/prop_1.vnnlib,2.285002863,unsat,10.786583349
acasxu_2023,vnncomp2024_benchmarks/benchmarks/acasxu_2023/onnx/ACASXU_run2a_5_3_batch_2000.onnx,vnncomp2024_benchmarks/benchmarks/acasxu_2023/vnnlib/prop_1.vnnlib,2.226810595,unsat,9.884078237
acasxu_2023,vnncomp2024_benchmarks/benchmarks/acasxu_2023/onnx/ACASXU_run2a_5_4_batch_2000.onnx,vnncomp2024_benchmarks/benchmarks/acasxu_2023/vnnlib/prop_1.vnnlib,2.277912469,unsat,8.722406835
acasxu_2023,vnncomp2024_benchmarks/benchmarks/acasxu_2023/onnx/ACASXU_run2a_5_5_batch_2000.onnx,vnncomp2024_benchmarks/benchmarks/acasxu_2023/vnnlib/prop_1.vnnlib,2.245496724,unsat,13.454691827
acasxu_2023,vnncomp2024_benchmarks/benchmarks/acasxu_2023/onnx/ACASXU_run2a_5_6_batch_2000.onnx,vnncomp2024_benchmarks/benchmarks/acasxu_2023/vnnlib/prop_1.vnnlib,2.260766416,unsat,22.925211442
acasxu_2023,vnncomp2024_benchmarks/benchmarks/acasxu_2023/onnx/ACASXU_run2a_5_7_batch_2000.onnx,vnncomp2024_benchmarks/benchmarks/acasxu_2023/vnnlib/prop_1.vnnlib,2.245013506,unsat,21.130787049
acasxu_2023,vnncomp2024_benchmarks/benchmarks/acasxu_2023/onnx/ACASXU_run2a_5_8_batch_2000.onnx,vnncomp2024_benchmarks/benchmarks/acasxu_2023/vnnlib/prop_1.vnnlib,2.269649638,unsat,39.052894114
acasxu_2023,vnncomp2024_benchmarks/benchmarks/acasxu_2023/onnx/ACASXU_run2a_5_9_batch_2000.onnx,vnncomp2024_benchmarks/benchmarks/acasxu_2023/vnnlib/prop_1.vnnlib,2.285119105,unsat,29.699762297
acasxu_2023,vnncomp2024_benchmarks/benchmarks/acasxu_2023/onnx/ACASXU_run2a_1_1_batch_2000.onnx,vnncomp2024_benchmarks/benchmarks/acasxu_2023/vnnlib/prop_2.vnnlib,2.270003084,unsat,10.741566041
acasxu_2023,vnncomp2024_benchmarks/benchmarks/acasxu_2023/onnx/ACASXU_run2a_1_2_batch_2000.onnx,vnncomp2024_benchmarks/benchmarks/acasxu_2023/vnnlib/prop_2.vnnlib,2.279859370,sat,11.297313247
acasxu_2023,vnncomp2024_benchmarks/benchmarks/acasxu_2023/onnx/ACASXU_run2a_1_3_batch_2000.onnx,vnncomp2024_benchmarks/benchmarks/acasxu_2023/vnnlib/prop_2.vnnlib,2.241261545,sat,30.835232118
acasxu_2023,vnncomp2024_benchmarks/benchmarks/acasxu_2023/onnx/ACASXU_run2a_1_4_batch_2000.onnx,vnncomp2024_benchmarks/benchmarks/acasxu_2023/vnnlib/prop_2.vnnlib,2.239060188,sat,7.515164342
acasxu_2023,vnncomp2024_benchmarks/benchmarks/acasxu_2023/onnx/ACASXU_run2a_1_5_batch_2000.onnx,vnncomp2024_benchmarks/benchmarks/acasxu_2023/vnnlib/prop_2.vnnlib,2.252362240,sat,44.528174502
acasxu_2023,vnncomp2024_benchmarks/benchmarks/acasxu_2023/onnx/ACASXU_run2a_1_6_batch_2000.onnx,vnncomp2024_benchmarks/benchmarks/acasxu_2023/vnnlib/prop_2.vnnlib,2.222386241,sat,17.574319832
acasxu_2023,vnncomp2024_benchmarks/benchmarks/acasxu_2023/onnx/ACASXU_run2a_1_7_batch_2000.onnx,vnncomp2024_benchmarks/benchmarks/acasxu_2023/vnnlib/prop_2.vnnlib,2.235951679,unsat,12.605486642
acasxu_2023,vnncomp2024_benchmarks/benchmarks/acasxu_2023/onnx/ACASXU_run2a_1_8_batch_2000.onnx,vnncomp2024_benchmarks/benchmarks/acasxu_2023/vnnlib/prop_2.vnnlib,2.222256749,unsat,12.894775171
acasxu_2023,vnncomp2024_benchmarks/benchmarks/acasxu_2023/onnx/ACASXU_run2a_1_9_batch_2000.onnx,vnncomp2024_benchmarks/benchmarks/acasxu_2023/vnnlib/prop_2.vnnlib,2.239037657,unsat,13.088979752
acasxu_2023,vnncomp2024_benchmarks/benchmarks/acasxu_2023/onnx/ACASXU_run2a_2_1_batch_2000.onnx,vnncomp2024_benchmarks/benchmarks/acasxu_2023/vnnlib/prop_2.vnnlib,2.253045341,sat,4.437438966
acasxu_2023,vnncomp2024_benchmarks/benchmarks/acasxu_2023/onnx/ACASXU_run2a_2_2_batch_2000.onnx,vnncomp2024_benchmarks/benchmarks/acasxu_2023/vnnlib/prop_2.vnnlib,2.234612706,sat,3.568987790
acasxu_2023,vnncomp2024_benchmarks/benchmarks/acasxu_2023/onnx/ACASXU_run2a_2_3_batch_2000.onnx,vnncomp2024_benchmarks/benchmarks/acasxu_2023/vnnlib/prop_2.vnnlib,2.240461310,sat,3.650518972
acasxu_2023,vnncomp2024_benchmarks/benchmarks/acasxu_2023/onnx/ACASXU_run2a_2_4_batch_2000.onnx,vnncomp2024_benchmarks/benchmarks/acasxu_2023/vnnlib/prop_2.vnnlib,2.283260513,sat,4.407859914
acasxu_2023,vnncomp2024_benchmarks/benchmarks/acasxu_2023/onnx/ACASXU_run2a_2_5_batch_2000.onnx,vnncomp2024_benchmarks/benchmarks/acasxu_2023/vnnlib/prop_2.vnnlib,2.273998246,sat,5.373360568
acasxu_2023,vnncomp2024_benchmarks/benchmarks/acasxu_2023/onnx/ACASXU_run2a_2_6_batch_2000.onnx,vnncomp2024_benchmarks/benchmarks/acasxu_2023/vnnlib/prop_2.vnnlib,2.254570835,sat,4.388290010
acasxu_2023,vnncomp2024_benchmarks/benchmarks/acasxu_2023/onnx/ACASXU_run2a_2_7_batch_2000.onnx,vnncomp2024_benchmarks/benchmarks/acasxu_2023/vnnlib/prop_2.vnnlib,2.282933580,sat,4.043824332
acasxu_2023,vnncomp2024_benchmarks/benchmarks/acasxu_2023/onnx/ACASXU_run2a_2_8_batch_2000.onnx,vnncomp2024_benchmarks/benchmarks/acasxu_2023/vnnlib/prop_2.vnnlib,2.256194831,sat,4.375459787
acasxu_2023,vnncomp2024_benchmarks/benchmarks/acasxu_2023/onnx/ACASXU_run2a_2_9_batch_2000.onnx,vnncomp2024_benchmarks/benchmarks/acasxu_2023/vnnlib/prop_2.vnnlib,2.249177289,sat,11.697036098
acasxu_2023,vnncomp2024_benchmarks/benchmarks/acasxu_2023/onnx/ACASXU_run2a_3_1_batch_2000.onnx,vnncomp2024_benchmarks/benchmarks/acasxu_2023/vnnlib/prop_2.vnnlib,2.247190428,sat,3.979421313
acasxu_2023,vnncomp2024_benchmarks/benchmarks/acasxu_2023/onnx/ACASXU_run2a_3_2_batch_2000.onnx,vnncomp2024_benchmarks/benchmarks/acasxu_2023/vnnlib/prop_2.vnnlib,2.230920428,sat,10.353382826
acasxu_2023,vnncomp2024_benchmarks/benchmarks/acasxu_2023/onnx/ACASXU_run2a_3_3_batch_2000.onnx,vnncomp2024_benchmarks/benchmarks/acasxu_2023/vnnlib/prop_2.vnnlib,2.261372993,timeout,120.051914362
acasxu_2023,vnncomp2024_benchmarks/benchmarks/acasxu_2023/onnx/ACASXU_run2a_3_4_batch_2000.onnx,vnncomp2024_benchmarks/benchmarks/acasxu_2023/vnnlib/prop_2.vnnlib,2.232659675,sat,5.200363716
acasxu_2023,vnncomp2024_benchmarks/benchmarks/acasxu_2023/onnx/ACASXU_run2a_3_5_batch_2000.onnx,vnncomp2024_benchmarks/benchmarks/acasxu_2023/vnnlib/prop_2.vnnlib,2.232270429,sat,5.225909634
acasxu_2023,vnncomp2024_benchmarks/benchmarks/acasxu_2023/onnx/ACASXU_run2a_3_6_batch_2000.onnx,vnncomp2024_benchmarks/benchmarks/acasxu_2023/vnnlib/prop_2.vnnlib,2.233408588,sat,3.647469863
acasxu_2023,vnncomp2024_benchmarks/benchmarks/acasxu_2023/onnx/ACASXU_run2a_3_7_batch_2000.onnx,vnncomp2024_benchmarks/benchmarks/acasxu_2023/vnnlib/prop_2.vnnlib,2.230746305,sat,11.760117946
acasxu_2023,vnncomp2024_benchmarks/benchmarks/acasxu_2023/onnx/ACASXU_run2a_3_8_batch_2000.onnx,vnncomp2024_benchmarks/benchmarks/acasxu_2023/vnnlib/prop_2.vnnlib,2.274756817,sat,3.990012122
acasxu_2023,vnncomp2024_benchmarks/benchmarks/acasxu_2023/onnx/ACASXU_run2a_3_9_batch_2000.onnx,vnncomp2024_benchmarks/benchmarks/acasxu_2023/vnnlib/prop_2.vnnlib,2.258171573,sat,4.016289701
acasxu_2023,vnncomp2024_benchmarks/benchmarks/acasxu_2023/onnx/ACASXU_run2a_4_1_batch_2000.onnx,vnncomp2024_benchmarks/benchmarks/acasxu_2023/vnnlib/prop_2.vnnlib,2.216708551,sat,3.918797866
acasxu_2023,vnncomp2024_benchmarks/benchmarks/acasxu_2023/onnx/ACASXU_run2a_4_2_batch_2000.onnx,vnncomp2024_benchmarks/benchmarks/acasxu_2023/vnnlib/prop_2.vnnlib,2.256400545,unsat,78.281317305
acasxu_2023,vnncomp2024_benchmarks/benchmarks/acasxu_2023/onnx/ACASXU_run2a_4_3_batch_2000.onnx,vnncomp2024_benchmarks/benchmarks/acasxu_2023/vnnlib/prop_2.vnnlib,2.224093318,sat,4.336914542
acasxu_2023,vnncomp2024_benchmarks/benchmarks/acasxu_2023/onnx/ACASXU_run2a_4_4_batch_2000.onnx,vnncomp2024_benchmarks/benchmarks/acasxu_2023/vnnlib/prop_2.vnnlib,2.269939510,sat,7.592869844
acasxu_2023,vnncomp2024_benchmarks/benchmarks/acasxu_2023/onnx/ACASXU_run2a_4_5_batch_2000.onnx,vnncomp2024_benchmarks/benchmarks/acasxu_2023/vnnlib/prop_2.vnnlib,2.263670889,sat,3.916774162
acasxu_2023,vnncomp2024_benchmarks/benchmarks/acasxu_2023/onnx/ACASXU_run2a_4_6_batch_2000.onnx,vnncomp2024_benchmarks/benchmarks/acasxu_2023/vnnlib/prop_2.vnnlib,2.233037553,sat,5.582054448
acasxu_2023,vnncomp2024_benchmarks/benchmarks/acasxu_2023/onnx/ACASXU_run2a_4_7_batch_2000.onnx,vnncomp2024_benchmarks/benchmarks/acasxu_2023/vnnlib/prop_2.vnnlib,2.230115406,sat,4.398747029
acasxu_2023,vnncomp2024_benchmarks/benchmarks/acasxu_2023/onnx/ACASXU_run2a_4_8_batch_2000.onnx,vnncomp2024_benchmarks/benchmarks/acasxu_2023/vnnlib/prop_2.vnnlib,2.249769411,sat,3.992915640
acasxu_2023,vnncomp2024_benchmarks/benchmarks/acasxu_2023/onnx/ACASXU_run2a_4_9_batch_2000.onnx,vnncomp2024_benchmarks/benchmarks/acasxu_2023/vnnlib/prop_2.vnnlib,2.288242555,sat,7.348859966
acasxu_2023,vnncomp2024_benchmarks/benchmarks/acasxu_2023/onnx/ACASXU_run2a_5_1_batch_2000.onnx,vnncomp2024_benchmarks/benchmarks/acasxu_2023/vnnlib/prop_2.vnnlib,2.252017696,sat,5.389053652
acasxu_2023,vnncomp2024_benchmarks/benchmarks/acasxu_2023/onnx/ACASXU_run2a_5_2_batch_2000.onnx,vnncomp2024_benchmarks/benchmarks/acasxu_2023/vnnlib/prop_2.vnnlib,2.258993558,sat,5.329546540
acasxu_2023,vnncomp2024_benchmarks/benchmarks/acasxu_2023/onnx/ACASXU_run2a_5_3_batch_2000.onnx,vnncomp2024_benchmarks/benchmarks/acasxu_2023/vnnlib/prop_2.vnnlib,2.226567559,sat,102.604033881
acasxu_2023,vnncomp2024_benchmarks/benchmarks/acasxu_2023/onnx/ACASXU_run2a_5_4_batch_2000.onnx,vnncomp2024_benchmarks/benchmarks/acasxu_2023/vnnlib/prop_2.vnnlib,2.212584255,sat,5.172030852
acasxu_2023,vnncomp2024_benchmarks/benchmarks/acasxu_2023/onnx/ACASXU_run2a_5_5_batch_2000.onnx,vnncomp2024_benchmarks/benchmarks/acasxu_2023/vnnlib/prop_2.vnnlib,2.237832619,sat,4.027558334
acasxu_2023,vnncomp2024_benchmarks/benchmarks/acasxu_2023/onnx/ACASXU_run2a_5_6_batch_2000.onnx,vnncomp2024_benchmarks/benchmarks/acasxu_2023/vnnlib/prop_2.vnnlib,2.251106332,sat,11.174590993
acasxu_2023,vnncomp2024_benchmarks/benchmarks/acasxu_2023/onnx/ACASXU_run2a_5_7_batch_2000.onnx,vnncomp2024_benchmarks/benchmarks/acasxu_2023/vnnlib/prop_2.vnnlib,2.261863344,sat,5.001780020
acasxu_2023,vnncomp2024_benchmarks/benchmarks/acasxu_2023/onnx/ACASXU_run2a_5_8_batch_2000.onnx,vnncomp2024_benchmarks/benchmarks/acasxu_2023/vnnlib/prop_2.vnnlib,2.247639627,sat,3.565554457
acasxu_2023,vnncomp2024_benchmarks/benchmarks/acasxu_2023/onnx/ACASXU_run2a_5_9_batch_2000.onnx,vnncomp2024_benchmarks/benchmarks/acasxu_2023/vnnlib/prop_2.vnnlib,2.239653598,sat,3.589284167
acasxu_2023,vnncomp2024_benchmarks/benchmarks/acasxu_2023/onnx/ACASXU_run2a_1_1_batch_2000.onnx,vnncomp2024_benchmarks/benchmarks/acasxu_2023/vnnlib/prop_3.vnnlib,2.275639483,unsat,79.746656970
acasxu_2023,vnncomp2024_benchmarks/benchmarks/acasxu_2023/onnx/ACASXU_run2a_1_2_batch_2000.onnx,vnncomp2024_benchmarks/benchmarks/acasxu_2023/vnnlib/prop_3.vnnlib,2.258613511,unsat,6.494502096
acasxu_2023,vnncomp2024_benchmarks/benchmarks/acasxu_2023/onnx/ACASXU_run2a_1_3_batch_2000.onnx,vnncomp2024_benchmarks/benchmarks/acasxu_2023/vnnlib/prop_3.vnnlib,2.274328253,unsat,6.737347199
acasxu_2023,vnncomp2024_benchmarks/benchmarks/acasxu_2023/onnx/ACASXU_run2a_1_4_batch_2000.onnx,vnncomp2024_benchmarks/benchmarks/acasxu_2023/vnnlib/prop_3.vnnlib,2.220510392,unsat,3.726756835
acasxu_2023,vnncomp2024_benchmarks/benchmarks/acasxu_2023/onnx/ACASXU_run2a_1_5_batch_2000.onnx,vnncomp2024_benchmarks/benchmarks/acasxu_2023/vnnlib/prop_3.vnnlib,2.238209706,unsat,3.771186485
acasxu_2023,vnncomp2024_benchmarks/benchmarks/acasxu_2023/onnx/ACASXU_run2a_1_6_batch_2000.onnx,vnncomp2024_benchmarks/benchmarks/acasxu_2023/vnnlib/prop_3.vnnlib,2.240016294,unsat,3.730672567
acasxu_2023,vnncomp2024_benchmarks/benchmarks/acasxu_2023/onnx/ACASXU_run2a_1_7_batch_2000.onnx,vnncomp2024_benchmarks/benchmarks/acasxu_2023/vnnlib/prop_3.vnnlib,2.263050923,sat,3.600319163
acasxu_2023,vnncomp2024_benchmarks/benchmarks/acasxu_2023/onnx/ACASXU_run2a_1_8_batch_2000.onnx,vnncomp2024_benchmarks/benchmarks/acasxu_2023/vnnlib/prop_3.vnnlib,2.283091403,sat,3.574537631
acasxu_2023,vnncomp2024_benchmarks/benchmarks/acasxu_2023/onnx/ACASXU_run2a_1_9_batch_2000.onnx,vnncomp2024_benchmarks/benchmarks/acasxu_2023/vnnlib/prop_3.vnnlib,2.234049178,sat,3.612758082
acasxu_2023,vnncomp2024_benchmarks/benchmarks/acasxu_2023/onnx/ACASXU_run2a_2_1_batch_2000.onnx,vnncomp2024_benchmarks/benchmarks/acasxu_2023/vnnlib/prop_3.vnnlib,2.249679809,unsat,4.730938710
acasxu_2023,vnncomp2024_benchmarks/benchmarks/acasxu_2023/onnx/ACASXU_run2a_2_2_batch_2000.onnx,vnncomp2024_benchmarks/benchmarks/acasxu_2023/vnnlib/prop_3.vnnlib,2.264225041,unsat,5.053812832
acasxu_2023,vnncomp2024_benchmarks/benchmarks/acasxu_2023/onnx/ACASXU_run2a_2_3_batch_2000.onnx,vnncomp2024_benchmarks/benchmarks/acasxu_2023/vnnlib/prop_3.vnnlib,2.261515078,unsat,5.244010502
acasxu_2023,vnncomp2024_benchmarks/benchmarks/acasxu_2023/onnx/ACASXU_run2a_2_4_batch_2000.onnx,vnncomp2024_benchmarks/benchmarks/acasxu_2023/vnnlib/prop_3.vnnlib,2.233813635,unsat,3.742805192
acasxu_2023,vnncomp2024_benchmarks/benchmarks/acasxu_2023/onnx/ACASXU_run2a_2_5_batch_2000.onnx,vnncomp2024_benchmarks/benchmarks/acasxu_2023/vnnlib/prop_3.vnnlib,2.213857166,unsat,3.707815372
acasxu_2023,vnncomp2024_benchmarks/benchmarks/acasxu_2023/onnx/ACASXU_run2a_2_6_batch_2000.onnx,vnncomp2024_benchmarks/benchmarks/acasxu_2023/vnnlib/prop_3.vnnlib,2.235268618,unsat,3.706343558
acasxu_2023,vnncomp2024_benchmarks/benchmarks/acasxu_2023/onnx/ACASXU_run2a_2_7_batch_2000.onnx,vnncomp2024_benchmarks/benchmarks/acasxu_2023/vnnlib/prop_3.vnnlib,2.255720985,unsat,3.700776420
acasxu_2023,vnncomp2024_benchmarks/benchmarks/acasxu_2023/onnx/ACASXU_run2a_2_8_batch_2000.onnx,vnncomp2024_benchmarks/benchmarks/acasxu_2023/vnnlib/prop_3.vnnlib,2.225723925,unsat,3.641523262
acasxu_2023,vnncomp2024_benchmarks/benchmarks/acasxu_2023/onnx/ACASXU_run2a_2_9_batch_2000.onnx,vnncomp2024_benchmarks/benchmarks/acasxu_2023/vnnlib/prop_3.vnnlib,2.220956949,unsat,3.713739086
acasxu_2023,vnncomp2024_benchmarks/benchmarks/acasxu_2023/onnx/ACASXU_run2a_3_1_batch_2000.onnx,vnncomp2024_benchmarks/benchmarks/acasxu_2023/vnnlib/prop_3.vnnlib,2.254295153,unsat,4.486078296
acasxu_2023,vnncomp2024_benchmarks/benchmarks/acasxu_2023/onnx/ACASXU_run2a_3_2_batch_2000.onnx,vnncomp2024_benchmarks/benchmarks/acasxu_2023/vnnlib/prop_3.vnnlib,2.236586929,unsat,5.224487331
acasxu_2023,vnncomp2024_benchmarks/benchmarks/acasxu_2023/onnx/ACASXU_run2a_3_3_batch_2000.onnx,vnncomp2024_benchmarks/benchmarks/acasxu_2023/vnnlib/prop_3.vnnlib,2.248771814,unsat,3.690132159
acasxu_2023,vnncomp2024_benchmarks/benchmarks/acasxu_2023/onnx/ACASXU_run2a_3_4_batch_2000.onnx,vnncomp2024_benchmarks/benchmarks/acasxu_2023/vnnlib/prop_3.vnnlib,2.295786945,unsat,4.095685783
acasxu_2023,vnncomp2024_benchmarks/benchmarks/acasxu_2023/onnx/ACASXU_run2a_3_5_batch_2000.onnx,vnncomp2024_benchmarks/benchmarks/acasxu_2023/vnnlib/prop_3.vnnlib,2.220774577,unsat,3.682748311
acasxu_2023,vnncomp2024_benchmarks/benchmarks/acasxu_2023/onnx/ACASXU_run2a_3_6_batch_2000.onnx,vnncomp2024_benchmarks/benchmarks/acasxu_2023/vnnlib/prop_3.vnnlib,2.232996821,unsat,4.097651705
acasxu_2023,vnncomp2024_benchmarks/benchmarks/acasxu_2023/onnx/ACASXU_run2a_3_7_batch_2000.onnx,vnncomp2024_benchmarks/benchmarks/acasxu_2023/vnnlib/prop_3.vnnlib,2.253684043,unsat,3.704080362
acasxu_2023,vnncomp2024_benchmarks/benchmarks/acasxu_2023/onnx/ACASXU_run2a_3_8_batch_2000.onnx,vnncomp2024_benchmarks/benchmarks/acasxu_2023/vnnlib/prop_3.vnnlib,2.273652122,unsat,4.058498328
acasxu_2023,vnncomp2024_benchmarks/benchmarks/acasxu_2023/onnx/ACASXU_run2a_3_9_batch_2000.onnx,vnncomp2024_benchmarks/benchmarks/acasxu_2023/vnnlib/prop_3.vnnlib,2.290381329,unsat,3.688942530
acasxu_2023,vnncomp2024_benchmarks/benchmarks/acasxu_2023/onnx/ACASXU_run2a_4_1_batch_2000.onnx,vnncomp2024_benchmarks/benchmarks/acasxu_2023/vnnlib/prop_3.vnnlib,2.249424704,unsat,5.134745187
acasxu_2023,vnncomp2024_benchmarks/benchmarks/acasxu_2023/onnx/ACASXU_run2a_4_2_batch_2000.onnx,vnncomp2024_benchmarks/benchmarks/acasxu_2023/vnnlib/prop_3.vnnlib,2.248943997,unsat,5.634001128
acasxu_2023,vnncomp2024_benchmarks/benchmarks/acasxu_2023/onnx/ACASXU_run2a_4_3_batch_2000.onnx,vnncomp2024_benchmarks/benchmarks/acasxu_2023/vnnlib/prop_3.vnnlib,2.234264972,unsat,5.238169051
acasxu_2023,vnncomp2024_benchmarks/benchmarks/acasxu_2023/onnx/ACASXU_run2a_4_4_batch_2000.onnx,vnncomp2024_benchmarks/benchmarks/acasxu_2023/vnnlib/prop_3.vnnlib,2.243102504,unsat,3.652612830
acasxu_2023,vnncomp2024_benchmarks/benchmarks/acasxu_2023/onnx/ACASXU_run2a_4_5_batch_2000.onnx,vnncomp2024_benchmarks/benchmarks/acasxu_2023/vnnlib/prop_3.vnnlib,2.208885907,unsat,3.718117467
acasxu_2023,vnncomp2024_benchmarks/benchmarks/acasxu_2023/onnx/ACASXU_run2a_4_6_batch_2000.onnx,vnncomp2024_benchmarks/benchmarks/acasxu_2023/vnnlib/prop_3.vnnlib,2.233440079,unsat,4.073119792
acasxu_2023,vnncomp2024_benchmarks/benchmarks/acasxu_2023/onnx/ACASXU_run2a_4_7_batch_2000.onnx,vnncomp2024_benchmarks/benchmarks/acasxu_2023/vnnlib/prop_3.vnnlib,2.261943825,unsat,3.677036080
acasxu_2023,vnncomp2024_benchmarks/benchmarks/acasxu_2023/onnx/ACASXU_run2a_4_8_batch_2000.onnx,vnncomp2024_benchmarks/benchmarks/acasxu_2023/vnnlib/prop_3.vnnlib,2.246035471,unsat,3.687600679
acasxu_2023,vnncomp2024_benchmarks/benchmarks/acasxu_2023/onnx/ACASXU_run2a_4_9_batch_2000.onnx,vnncomp2024_benchmarks/benchmarks/acasxu_2023/vnnlib/prop_3.vnnlib,2.218257296,unsat,3.706023873
acasxu_2023,vnncomp2024_benchmarks/benchmarks/acasxu_2023/onnx/ACASXU_run2a_5_1_batch_2000.onnx,vnncomp2024_benchmarks/benchmarks/acasxu_2023/vnnlib/prop_3.vnnlib,2.302658276,unsat,7.624641466
acasxu_2023,vnncomp2024_benchmarks/benchmarks/acasxu_2023/onnx/ACASXU_run2a_5_2_batch_2000.onnx,vnncomp2024_benchmarks/benchmarks/acasxu_2023/vnnlib/prop_3.vnnlib,2.251242103,unsat,4.034976453
acasxu_2023,vnncomp2024_benchmarks/benchmarks/acasxu_2023/onnx/ACASXU_run2a_5_3_batch_2000.onnx,vnncomp2024_benchmarks/benchmarks/acasxu_2023/vnnlib/prop_3.vnnlib,2.273188634,unsat,4.127823617
acasxu_2023,vnncomp2024_benchmarks/benchmarks/acasxu_2023/onnx/ACASXU_run2a_5_4_batch_2000.onnx,vnncomp2024_benchmarks/benchmarks/acasxu_2023/vnnlib/prop_3.vnnlib,2.241747732,unsat,3.723061515
acasxu_2023,vnncomp2024_benchmarks/benchmarks/acasxu_2023/onnx/ACASXU_run2a_5_5_batch_2000.onnx,vnncomp2024_benchmarks/benchmarks/acasxu_2023/vnnlib/prop_3.vnnlib,2.279139630,unsat,3.734805912
acasxu_2023,vnncomp2024_benchmarks/benchmarks/acasxu_2023/onnx/ACASXU_run2a_5_6_batch_2000.onnx,vnncomp2024_benchmarks/benchmarks/acasxu_2023/vnnlib/prop_3.vnnlib,2.242153398,unsat,3.714983576
acasxu_2023,vnncomp2024_benchmarks/benchmarks/acasxu_2023/onnx/ACASXU_run2a_5_7_batch_2000.onnx,vnncomp2024_benchmarks/benchmarks/acasxu_2023/vnnlib/prop_3.vnnlib,2.248645801,unsat,3.687461217
acasxu_2023,vnncomp2024_benchmarks/benchmarks/acasxu_2023/onnx/ACASXU_run2a_5_8_batch_2000.onnx,vnncomp2024_benchmarks/benchmarks/acasxu_2023/vnnlib/prop_3.vnnlib,2.223775035,unsat,3.739785674
acasxu_2023,vnncomp2024_benchmarks/benchmarks/acasxu_2023/onnx/ACASXU_run2a_5_9_batch_2000.onnx,vnncomp2024_benchmarks/benchmarks/acasxu_2023/vnnlib/prop_3.vnnlib,2.282567615,unsat,3.682881014
acasxu_2023,vnncomp2024_benchmarks/benchmarks/acasxu_2023/onnx/ACASXU_run2a_1_1_batch_2000.onnx,vnncomp2024_benchmarks/benchmarks/acasxu_2023/vnnlib/prop_4.vnnlib,2.229227712,unsat,12.651223532
acasxu_2023,vnncomp2024_benchmarks/benchmarks/acasxu_2023/onnx/ACASXU_run2a_1_2_batch_2000.onnx,vnncomp2024_benchmarks/benchmarks/acasxu_2023/vnnlib/prop_4.vnnlib,2.244432235,unsat,6.490149415
acasxu_2023,vnncomp2024_benchmarks/benchmarks/acasxu_2023/onnx/ACASXU_run2a_1_3_batch_2000.onnx,vnncomp2024_benchmarks/benchmarks/acasxu_2023/vnnlib/prop_4.vnnlib,2.234545976,unsat,7.155286662
acasxu_2023,vnncomp2024_benchmarks/benchmarks/acasxu_2023/onnx/ACASXU_run2a_1_4_batch_2000.onnx,vnncomp2024_benchmarks/benchmarks/acasxu_2023/vnnlib/prop_4.vnnlib,2.255635533,unsat,4.692013198
acasxu_2023,vnncomp2024_benchmarks/benchmarks/acasxu_2023/onnx/ACASXU_run2a_1_5_batch_2000.onnx,vnncomp2024_benchmarks/benchmarks/acasxu_2023/vnnlib/prop_4.vnnlib,2.234320864,unsat,4.102451001
acasxu_2023,vnncomp2024_benchmarks/benchmarks/acasxu_2023/onnx/ACASXU_run2a_1_6_batch_2000.onnx,vnncomp2024_benchmarks/benchmarks/acasxu_2023/vnnlib/prop_4.vnnlib,2.251526978,unsat,4.354132465
acasxu_2023,vnncomp2024_benchmarks/benchmarks/acasxu_2023/onnx/ACASXU_run2a_1_7_batch_2000.onnx,vnncomp2024_benchmarks/benchmarks/acasxu_2023/vnnlib/prop_4.vnnlib,2.235601294,sat,3.590997873
acasxu_2023,vnncomp2024_benchmarks/benchmarks/acasxu_2023/onnx/ACASXU_run2a_1_8_batch_2000.onnx,vnncomp2024_benchmarks/benchmarks/acasxu_2023/vnnlib/prop_4.vnnlib,2.228573631,sat,3.632399046
acasxu_2023,vnncomp2024_benchmarks/benchmarks/acasxu_2023/onnx/ACASXU_run2a_1_9_batch_2000.onnx,vnncomp2024_benchmarks/benchmarks/acasxu_2023/vnnlib/prop_4.vnnlib,2.216162323,sat,3.601550973
acasxu_2023,vnncomp2024_benchmarks/benchmarks/acasxu_2023/onnx/ACASXU_run2a_2_1_batch_2000.onnx,vnncomp2024_benchmarks/benchmarks/acasxu_2023/vnnlib/prop_4.vnnlib,2.270524902,unsat,4.671459719
acasxu_2023,vnncomp2024_benchmarks/benchmarks/acasxu_2023/onnx/ACASXU_run2a_2_2_batch_2000.onnx,vnncomp2024_benchmarks/benchmarks/acasxu_2023/vnnlib/prop_4.vnnlib,2.283955057,unsat,4.585044057
acasxu_2023,vnncomp2024_benchmarks/benchmarks/acasxu_2023/onnx/ACASXU_run2a_2_3_batch_2000.onnx,vnncomp2024_benchmarks/benchmarks/acasxu_2023/vnnlib/prop_4.vnnlib,2.258172935,unsat,4.044547125
acasxu_2023,vnncomp2024_benchmarks/benchmarks/acasxu_2023/onnx/ACASXU_run2a_2_4_batch_2000.onnx,vnncomp2024_benchmarks/benchmarks/acasxu_2023/vnnlib/prop_4.vnnlib,2.249121590,unsat,3.710571156
acasxu_2023,vnncomp2024_benchmarks/benchmarks/acasxu_2023/onnx/ACASXU_run2a_2_5_batch_2000.onnx,vnncomp2024_benchmarks/benchmarks/acasxu_2023/vnnlib/prop_4.vnnlib,2.248417538,unsat,4.053683132
acasxu_2023,vnncomp2024_benchmarks/benchmarks/acasxu_2023/onnx/ACASXU_run2a_2_6_batch_2000.onnx,vnncomp2024_benchmarks/benchmarks/acasxu_2023/vnnlib/prop_4.vnnlib,2.224246062,unsat,3.736870966
acasxu_2023,vnncomp2024_benchmarks/benchmarks/acasxu_2023/onnx/ACASXU_run2a_2_7_batch_2000.onnx,vnncomp2024_benchmarks/benchmarks/acasxu_2023/vnnlib/prop_4.vnnlib,2.227120678,unsat,3.732705590
acasxu_2023,vnncomp2024_benchmarks/benchmarks/acasxu_2023/onnx/ACASXU_run2a_2_8_batch_2000.onnx,vnncomp2024_benchmarks/benchmarks/acasxu_2023/vnnlib/prop_4.vnnlib,2.247779828,unsat,4.136155091
acasxu_2023,vnncomp2024_benchmarks/benchmarks/acasxu_2023/onnx/ACASXU_run2a_2_9_batch_2000.onnx,vnncomp2024_benchmarks/benchmarks/acasxu_2023/vnnlib/prop_4.vnnlib,2.232832130,unsat,3.674857235
acasxu_2023,vnncomp2024_benchmarks/benchmarks/acasxu_2023/onnx/ACASXU_run2a_3_1_batch_2000.onnx,vnncomp2024_benchmarks/benchmarks/acasxu_2023/vnnlib/prop_4.vnnlib,2.255594673,unsat,4.130629242
acasxu_2023,vnncomp2024_benchmarks/benchmarks/acasxu_2023/onnx/ACASXU_run2a_3_2_batch_2000.onnx,vnncomp2024_benchmarks/benchmarks/acasxu_2023/vnnlib/prop_4.vnnlib,2.250394790,unsat,4.084486404
acasxu_2023,vnncomp2024_benchmarks/benchmarks/acasxu_2023/onnx/ACASXU_run2a_3_3_batch_2000.onnx,vnncomp2024_benchmarks/benchmarks/acasxu_2023/vnnlib/prop_4.vnnlib,2.239476575,unsat,3.667878323
acasxu_2023,vnncomp2024_benchmarks/benchmarks/acasxu_2023/onnx/ACASXU_run2a_3_4_batch_2000.onnx,vnncomp2024_benchmarks/benchmarks/acasxu_2023/vnnlib/prop_4.vnnlib,2.252040817,unsat,3.693410831
acasxu_2023,vnncomp2024_benchmarks/benchmarks/acasxu_2023/onnx/ACASXU_run2a_3_5_batch_2000.onnx,vnncomp2024_benchmarks/benchmarks/acasxu_2023/vnnlib/prop_4.vnnlib,2.280632993,unsat,4.050124415
acasxu_2023,vnncomp2024_benchmarks/benchmarks/acasxu_2023/onnx/ACASXU_run2a_3_6_batch_2000.onnx,vnncomp2024_benchmarks/benchmarks/acasxu_2023/vnnlib/prop_4.vnnlib,2.214847362,unsat,3.709730842
acasxu_2023,vnncomp2024_benchmarks/benchmarks/acasxu_2023/onnx/ACASXU_run2a_3_7_batch_2000.onnx,vnncomp2024_benchmarks/benchmarks/acasxu_2023/vnnlib/prop_4.vnnlib,2.257484463,unsat,3.672461276
acasxu_2023,vnncomp2024_benchmarks/benchmarks/acasxu_2023/onnx/ACASXU_run2a_3_8_batch_2000.onnx,vnncomp2024_benchmarks/benchmarks/acasxu_2023/vnnlib/prop_4.vnnlib,2.231330535,unsat,4.302786675
acasxu_2023,vnncomp2024_benchmarks/benchmarks/acasxu_2023/onnx/ACASXU_run2a_3_9_batch_2000.onnx,vnncomp2024_benchmarks/benchmarks/acasxu_2023/vnnlib/prop_4.vnnlib,2.245389600,unsat,4.057108867
acasxu_2023,vnncomp2024_benchmarks/benchmarks/acasxu_2023/onnx/ACASXU_run2a_4_1_batch_2000.onnx,vnncomp2024_benchmarks/benchmarks/acasxu_2023/vnnlib/prop_4.vnnlib,2.274401664,unsat,3.714042921
acasxu_2023,vnncomp2024_benchmarks/benchmarks/acasxu_2023/onnx/ACASXU_run2a_4_2_batch_2000.onnx,vnncomp2024_benchmarks/benchmarks/acasxu_2023/vnnlib/prop_4.vnnlib,2.249090739,unsat,4.101297273
acasxu_2023,vnncomp2024_benchmarks/benchmarks/acasxu_2023/onnx/ACASXU_run2a_4_3_batch_2000.onnx,vnncomp2024_benchmarks/benchmarks/acasxu_2023/vnnlib/prop_4.vnnlib,2.239010978,unsat,4.415427726
acasxu_2023,vnncomp2024_benchmarks/benchmarks/acasxu_2023/onnx/ACASXU_run2a_4_4_batch_2000.onnx,vnncomp2024_benchmarks/benchmarks/acasxu_2023/vnnlib/prop_4.vnnlib,2.272662706,unsat,4.067675435
acasxu_2023,vnncomp2024_benchmarks/benchmarks/acasxu_2023/onnx/ACASXU_run2a_4_5_batch_2000.onnx,vnncomp2024_benchmarks/benchmarks/acasxu_2023/vnnlib/prop_4.vnnlib,2.229808170,unsat,3.755985071
acasxu_2023,vnncomp2024_benchmarks/benchmarks/acasxu_2023/onnx/ACASXU_run2a_4_6_batch_2000.onnx,vnncomp2024_benchmarks/benchmarks/acasxu_2023/vnnlib/prop_4.vnnlib,2.238160974,unsat,3.682316341
acasxu_2023,vnncomp2024_benchmarks/benchmarks/acasxu_2023/onnx/ACASXU_run2a_4_7_batch_2000.onnx,vnncomp2024_benchmarks/benchmarks/acasxu_2023/vnnlib/prop_4.vnnlib,2.235101057,unsat,3.718945800
acasxu_2023,vnncomp2024_benchmarks/benchmarks/acasxu_2023/onnx/ACASXU_run2a_4_8_batch_2000.onnx,vnncomp2024_benchmarks/benchmarks/acasxu_2023/vnnlib/prop_4.vnnlib,2.259217151,unsat,3.760405472
acasxu_2023,vnncomp2024_benchmarks/benchmarks/acasxu_2023/onnx/ACASXU_run2a_4_9_batch_2000.onnx,vnncomp2024_benchmarks/benchmarks/acasxu_2023/vnnlib/prop_4.vnnlib,2.266741282,unsat,3.707541748
acasxu_2023,vnncomp2024_benchmarks/benchmarks/acasxu_2023/onnx/ACASXU_run2a_5_1_batch_2000.onnx,vnncomp2024_benchmarks/benchmarks/acasxu_2023/vnnlib/prop_4.vnnlib,2.259990063,unsat,3.706287287
acasxu_2023,vnncomp2024_benchmarks/benchmarks/acasxu_2023/onnx/ACASXU_run2a_5_2_batch_2000.onnx,vnncomp2024_benchmarks/benchmarks/acasxu_2023/vnnlib/prop_4.vnnlib,2.245252138,unsat,3.692435926
acasxu_2023,vnncomp2024_benchmarks/benchmarks/acasxu_2023/onnx/ACASXU_run2a_5_3_batch_2000.onnx,vnncomp2024_benchmarks/benchmarks/acasxu_2023/vnnlib/prop_4.vnnlib,2.231041151,unsat,3.713420411
acasxu_2023,vnncomp2024_benchmarks/benchmarks/acasxu_2023/onnx/ACASXU_run2a_5_4_batch_2000.onnx,vnncomp2024_benchmarks/benchmarks/acasxu_2023/vnnlib/prop_4.vnnlib,2.221408016,unsat,3.728955580
acasxu_2023,vnncomp2024_benchmarks/benchmarks/acasxu_2023/onnx/ACASXU_run2a_5_5_batch_2000.onnx,vnncomp2024_benchmarks/benchmarks/acasxu_2023/vnnlib/prop_4.vnnlib,2.241880144,unsat,3.679177254
acasxu_2023,vnncomp2024_benchmarks/benchmarks/acasxu_2023/onnx/ACASXU_run2a_5_6_batch_2000.onnx,vnncomp2024_benchmarks/benchmarks/acasxu_2023/vnnlib/prop_4.vnnlib,2.246635110,unsat,3.699311327
acasxu_2023,vnncomp2024_benchmarks/benchmarks/acasxu_2023/onnx/ACASXU_run2a_5_7_batch_2000.onnx,vnncomp2024_benchmarks/benchmarks/acasxu_2023/vnnlib/prop_4.vnnlib,2.205544223,unsat,3.715723088
acasxu_2023,vnncomp2024_benchmarks/benchmarks/acasxu_2023/onnx/ACASXU_run2a_5_8_batch_2000.onnx,vnncomp2024_benchmarks/benchmarks/acasxu_2023/vnnlib/prop_4.vnnlib,2.263967827,unsat,3.718112297
acasxu_2023,vnncomp2024_benchmarks/benchmarks/acasxu_2023/onnx/ACASXU_run2a_5_9_batch_2000.onnx,vnncomp2024_benchmarks/benchmarks/acasxu_2023/vnnlib/prop_4.vnnlib,2.224108980,unsat,3.709682842
acasxu_2023,vnncomp2024_benchmarks/benchmarks/acasxu_2023/onnx/ACASXU_run2a_1_1_batch_2000.onnx,vnncomp2024_benchmarks/benchmarks/acasxu_2023/vnnlib/prop_5.vnnlib,2.214526626,timeout,119.959273154
acasxu_2023,vnncomp2024_benchmarks/benchmarks/acasxu_2023/onnx/ACASXU_run2a_1_1_batch_2000.onnx,vnncomp2024_benchmarks/benchmarks/acasxu_2023/vnnlib/prop_6.vnnlib,2.287774458,unsat,61.416963187
acasxu_2023,vnncomp2024_benchmarks/benchmarks/acasxu_2023/onnx/ACASXU_run2a_1_9_batch_2000.onnx,vnncomp2024_benchmarks/benchmarks/acasxu_2023/vnnlib/prop_7.vnnlib,2.226640706,sat,13.658479075
acasxu_2023,vnncomp2024_benchmarks/benchmarks/acasxu_2023/onnx/ACASXU_run2a_2_9_batch_2000.onnx,vnncomp2024_benchmarks/benchmarks/acasxu_2023/vnnlib/prop_8.vnnlib,2.261392601,sat,9.389510298
acasxu_2023,vnncomp2024_benchmarks/benchmarks/acasxu_2023/onnx/ACASXU_run2a_3_3_batch_2000.onnx,vnncomp2024_benchmarks/benchmarks/acasxu_2023/vnnlib/prop_9.vnnlib,2.247462229,unsat,25.934178177
acasxu_2023,vnncomp2024_benchmarks/benchmarks/acasxu_2023/onnx/ACASXU_run2a_4_5_batch_2000.onnx,vnncomp2024_benchmarks/benchmarks/acasxu_2023/vnnlib/prop_10.vnnlib,2.277909564,unsat,8.806359737
acasxu_2023,vnncomp2024_benchmarks/benchmarks/test/test_nano.onnx,vnncomp2024_benchmarks/benchmarks/test/test_nano.vnnlib,2.228573896,unsat,3.638790458
