cora,vnncomp2024_benchmarks/benchmarks/cora/./onnx/mnist-point.onnx,vnncomp2024_benchmarks/benchmarks/cora/vnnlib/mnist-img0.vnnlib,2.368203159,sat,7.011578568
cora,vnncomp2024_benchmarks/benchmarks/cora/./onnx/mnist-trades.onnx,vnncomp2024_benchmarks/benchmarks/cora/vnnlib/mnist-img0.vnnlib,2.370709579,unknown,39.508083149
cora,vnncomp2024_benchmarks/benchmarks/cora/./onnx/mnist-set.onnx,vnncomp2024_benchmarks/benchmarks/cora/vnnlib/mnist-img0.vnnlib,2.359420819,unsat,10.025558032
cora,vnncomp2024_benchmarks/benchmarks/cora/./onnx/mnist-point.onnx,vnncomp2024_benchmarks/benchmarks/cora/vnnlib/mnist-img1.vnnlib,2.355209606,sat,6.064847983
cora,vnncomp2024_benchmarks/benchmarks/cora/./onnx/mnist-trades.onnx,vnncomp2024_benchmarks/benchmarks/cora/vnnlib/mnist-img1.vnnlib,2.349361352,unknown,40.192197171
cora,vnncomp2024_benchmarks/benchmarks/cora/./onnx/mnist-set.onnx,vnncomp2024_benchmarks/benchmarks/cora/vnnlib/mnist-img1.vnnlib,2.370259812,unsat,10.006908417
cora,vnncomp2024_benchmarks/benchmarks/cora/./onnx/mnist-point.onnx,vnncomp2024_benchmarks/benchmarks/cora/vnnlib/mnist-img2.vnnlib,2.403520933,sat,6.121934649
cora,vnncomp2024_benchmarks/benchmarks/cora/./onnx/mnist-trades.onnx,vnncomp2024_benchmarks/benchmarks/cora/vnnlib/mnist-img2.vnnlib,2.344949426,unknown,40.011491653
cora,vnncomp2024_benchmarks/benchmarks/cora/./onnx/mnist-set.onnx,vnncomp2024_benchmarks/benchmarks/cora/vnnlib/mnist-img2.vnnlib,2.380296968,unsat,9.735925354
cora,vnncomp2024_benchmarks/benchmarks/cora/./onnx/mnist-point.onnx,vnncomp2024_benchmarks/benchmarks/cora/vnnlib/mnist-img3.vnnlib,2.366961897,sat,6.190206006
cora,vnncomp2024_benchmarks/benchmarks/cora/./onnx/mnist-trades.onnx,vnncomp2024_benchmarks/benchmarks/cora/vnnlib/mnist-img3.vnnlib,2.341664331,unknown,38.766783142
cora,vnncomp2024_benchmarks/benchmarks/cora/./onnx/mnist-set.onnx,vnncomp2024_benchmarks/benchmarks/cora/vnnlib/mnist-img3.vnnlib,2.389389826,unsat,9.988671121
cora,vnncomp2024_benchmarks/benchmarks/cora/./onnx/mnist-point.onnx,vnncomp2024_benchmarks/benchmarks/cora/vnnlib/mnist-img4.vnnlib,2.402110895,unknown,40.287179940
cora,vnncomp2024_benchmarks/benchmarks/cora/./onnx/mnist-trades.onnx,vnncomp2024_benchmarks/benchmarks/cora/vnnlib/mnist-img4.vnnlib,2.377373275,unknown,39.200084493
cora,vnncomp2024_benchmarks/benchmarks/cora/./onnx/mnist-set.onnx,vnncomp2024_benchmarks/benchmarks/cora/vnnlib/mnist-img4.vnnlib,2.356222702,unsat,9.673307012
cora,vnncomp2024_benchmarks/benchmarks/cora/./onnx/mnist-point.onnx,vnncomp2024_benchmarks/benchmarks/cora/vnnlib/mnist-img6.vnnlib,2.369636174,sat,6.137127973
cora,vnncomp2024_benchmarks/benchmarks/cora/./onnx/mnist-trades.onnx,vnncomp2024_benchmarks/benchmarks/cora/vnnlib/mnist-img6.vnnlib,2.367865949,unknown,39.733876282
cora,vnncomp2024_benchmarks/benchmarks/cora/./onnx/mnist-set.onnx,vnncomp2024_benchmarks/benchmarks/cora/vnnlib/mnist-img6.vnnlib,2.383786480,unsat,9.761483645
cora,vnncomp2024_benchmarks/benchmarks/cora/./onnx/mnist-point.onnx,vnncomp2024_benchmarks/benchmarks/cora/vnnlib/mnist-img7.vnnlib,2.327708424,sat,6.138663033
cora,vnncomp2024_benchmarks/benchmarks/cora/./onnx/mnist-trades.onnx,vnncomp2024_benchmarks/benchmarks/cora/vnnlib/mnist-img7.vnnlib,2.351226275,unknown,39.823390222
cora,vnncomp2024_benchmarks/benchmarks/cora/./onnx/mnist-set.onnx,vnncomp2024_benchmarks/benchmarks/cora/vnnlib/mnist-img7.vnnlib,2.358442475,unsat,9.646696922
cora,vnncomp2024_benchmarks/benchmarks/cora/./onnx/mnist-point.onnx,vnncomp2024_benchmarks/benchmarks/cora/vnnlib/mnist-img8.vnnlib,2.409043615,sat,6.109874581
cora,vnncomp2024_benchmarks/benchmarks/cora/./onnx/mnist-trades.onnx,vnncomp2024_benchmarks/benchmarks/cora/vnnlib/mnist-img8.vnnlib,2.365584895,unknown,38.920889906
cora,vnncomp2024_benchmarks/benchmarks/cora/./onnx/mnist-set.onnx,vnncomp2024_benchmarks/benchmarks/cora/vnnlib/mnist-img8.vnnlib,2.368908340,unsat,9.988439349
cora,vnncomp2024_benchmarks/benchmarks/cora/./onnx/mnist-point.onnx,vnncomp2024_benchmarks/benchmarks/cora/vnnlib/mnist-img9.vnnlib,2.334523988,sat,6.082331692
cora,vnncomp2024_benchmarks/benchmarks/cora/./onnx/mnist-trades.onnx,vnncomp2024_benchmarks/benchmarks/cora/vnnlib/mnist-img9.vnnlib,2.395063281,unknown,39.553572799
cora,vnncomp2024_benchmarks/benchmarks/cora/./onnx/mnist-set.onnx,vnncomp2024_benchmarks/benchmarks/cora/vnnlib/mnist-img9.vnnlib,2.369577062,unsat,9.507311719
cora,vnncomp2024_benchmarks/benchmarks/cora/./onnx/mnist-point.onnx,vnncomp2024_benchmarks/benchmarks/cora/vnnlib/mnist-img10.vnnlib,2.367827879,sat,6.104935714
cora,vnncomp2024_benchmarks/benchmarks/cora/./onnx/mnist-trades.onnx,vnncomp2024_benchmarks/benchmarks/cora/vnnlib/mnist-img10.vnnlib,2.403210070,unknown,39.525735156
cora,vnncomp2024_benchmarks/benchmarks/cora/./onnx/mnist-set.onnx,vnncomp2024_benchmarks/benchmarks/cora/vnnlib/mnist-img10.vnnlib,2.328047032,sat,10.180925641
cora,vnncomp2024_benchmarks/benchmarks/cora/./onnx/mnist-point.onnx,vnncomp2024_benchmarks/benchmarks/cora/vnnlib/mnist-img11.vnnlib,2.355553699,sat,6.101722210
cora,vnncomp2024_benchmarks/benchmarks/cora/./onnx/mnist-trades.onnx,vnncomp2024_benchmarks/benchmarks/cora/vnnlib/mnist-img11.vnnlib,2.360386573,unknown,38.937245726
cora,vnncomp2024_benchmarks/benchmarks/cora/./onnx/mnist-set.onnx,vnncomp2024_benchmarks/benchmarks/cora/vnnlib/mnist-img11.vnnlib,2.335801903,unsat,10.038192162
cora,vnncomp2024_benchmarks/benchmarks/cora/./onnx/mnist-point.onnx,vnncomp2024_benchmarks/benchmarks/cora/vnnlib/mnist-img12.vnnlib,2.385128826,sat,22.856305734
cora,vnncomp2024_benchmarks/benchmarks/cora/./onnx/mnist-trades.onnx,vnncomp2024_benchmarks/benchmarks/cora/vnnlib/mnist-img12.vnnlib,2.381998076,unknown,39.821357823
cora,vnncomp2024_benchmarks/benchmarks/cora/./onnx/mnist-set.onnx,vnncomp2024_benchmarks/benchmarks/cora/vnnlib/mnist-img12.vnnlib,2.366023573,unsat,9.667653611
cora,vnncomp2024_benchmarks/benchmarks/cora/./onnx/mnist-point.onnx,vnncomp2024_benchmarks/benchmarks/cora/vnnlib/mnist-img13.vnnlib,2.338307582,unknown,40.243158146
cora,vnncomp2024_benchmarks/benchmarks/cora/./onnx/mnist-trades.onnx,vnncomp2024_benchmarks/benchmarks/cora/vnnlib/mnist-img13.vnnlib,2.385916741,unknown,38.847260888
cora,vnncomp2024_benchmarks/benchmarks/cora/./onnx/mnist-set.onnx,vnncomp2024_benchmarks/benchmarks/cora/vnnlib/mnist-img13.vnnlib,2.344360314,unsat,10.081653965
cora,vnncomp2024_benchmarks/benchmarks/cora/./onnx/mnist-point.onnx,vnncomp2024_benchmarks/benchmarks/cora/vnnlib/mnist-img14.vnnlib,2.344331563,sat,6.076438185
cora,vnncomp2024_benchmarks/benchmarks/cora/./onnx/mnist-trades.onnx,vnncomp2024_benchmarks/benchmarks/cora/vnnlib/mnist-img14.vnnlib,2.374292042,unknown,39.878330800
cora,vnncomp2024_benchmarks/benchmarks/cora/./onnx/mnist-set.onnx,vnncomp2024_benchmarks/benchmarks/cora/vnnlib/mnist-img14.vnnlib,2.396731334,unsat,9.409083372
cora,vnncomp2024_benchmarks/benchmarks/cora/./onnx/mnist-point.onnx,vnncomp2024_benchmarks/benchmarks/cora/vnnlib/mnist-img15.vnnlib,2.360958100,sat,6.055831899
cora,vnncomp2024_benchmarks/benchmarks/cora/./onnx/mnist-trades.onnx,vnncomp2024_benchmarks/benchmarks/cora/vnnlib/mnist-img15.vnnlib,2.369440778,unknown,39.567661593
cora,vnncomp2024_benchmarks/benchmarks/cora/./onnx/mnist-set.onnx,vnncomp2024_benchmarks/benchmarks/cora/vnnlib/mnist-img15.vnnlib,2.350150438,unsat,10.018495805
cora,vnncomp2024_benchmarks/benchmarks/cora/./onnx/mnist-point.onnx,vnncomp2024_benchmarks/benchmarks/cora/vnnlib/mnist-img16.vnnlib,2.415570853,sat,6.101741811
cora,vnncomp2024_benchmarks/benchmarks/cora/./onnx/mnist-trades.onnx,vnncomp2024_benchmarks/benchmarks/cora/vnnlib/mnist-img16.vnnlib,2.404468726,unknown,39.107306802
cora,vnncomp2024_benchmarks/benchmarks/cora/./onnx/mnist-set.onnx,vnncomp2024_benchmarks/benchmarks/cora/vnnlib/mnist-img16.vnnlib,2.374057957,sat,6.065355996
cora,vnncomp2024_benchmarks/benchmarks/cora/./onnx/mnist-point.onnx,vnncomp2024_benchmarks/benchmarks/cora/vnnlib/mnist-img17.vnnlib,2.346594459,sat,6.055179206
cora,vnncomp2024_benchmarks/benchmarks/cora/./onnx/mnist-trades.onnx,vnncomp2024_benchmarks/benchmarks/cora/vnnlib/mnist-img17.vnnlib,2.380835301,unknown,39.134549697
cora,vnncomp2024_benchmarks/benchmarks/cora/./onnx/mnist-set.onnx,vnncomp2024_benchmarks/benchmarks/cora/vnnlib/mnist-img17.vnnlib,2.369194782,unsat,10.103368209
cora,vnncomp2024_benchmarks/benchmarks/cora/./onnx/mnist-point.onnx,vnncomp2024_benchmarks/benchmarks/cora/vnnlib/mnist-img18.vnnlib,2.355646606,sat,6.045093569
cora,vnncomp2024_benchmarks/benchmarks/cora/./onnx/mnist-trades.onnx,vnncomp2024_benchmarks/benchmarks/cora/vnnlib/mnist-img18.vnnlib,2.337414309,unknown,39.846556637
cora,vnncomp2024_benchmarks/benchmarks/cora/./onnx/mnist-set.onnx,vnncomp2024_benchmarks/benchmarks/cora/vnnlib/mnist-img18.vnnlib,2.365294576,unsat,9.556554156
cora,vnncomp2024_benchmarks/benchmarks/cora/./onnx/mnist-point.onnx,vnncomp2024_benchmarks/benchmarks/cora/vnnlib/mnist-img19.vnnlib,2.355442623,sat,6.076923973
cora,vnncomp2024_benchmarks/benchmarks/cora/./onnx/mnist-trades.onnx,vnncomp2024_benchmarks/benchmarks/cora/vnnlib/mnist-img19.vnnlib,2.340790886,unknown,39.487631779
cora,vnncomp2024_benchmarks/benchmarks/cora/./onnx/mnist-set.onnx,vnncomp2024_benchmarks/benchmarks/cora/vnnlib/mnist-img19.vnnlib,2.391689574,unsat,9.578220972
cora,vnncomp2024_benchmarks/benchmarks/cora/./onnx/mnist-point.onnx,vnncomp2024_benchmarks/benchmarks/cora/vnnlib/mnist-img20.vnnlib,2.405178119,sat,6.039707413
cora,vnncomp2024_benchmarks/benchmarks/cora/./onnx/mnist-trades.onnx,vnncomp2024_benchmarks/benchmarks/cora/vnnlib/mnist-img20.vnnlib,2.380092067,unknown,40.019737885
cora,vnncomp2024_benchmarks/benchmarks/cora/./onnx/mnist-set.onnx,vnncomp2024_benchmarks/benchmarks/cora/vnnlib/mnist-img20.vnnlib,2.391169964,unsat,9.837340483
cora,vnncomp2024_benchmarks/benchmarks/cora/./onnx/svhn-point.onnx,vnncomp2024_benchmarks/benchmarks/cora/vnnlib/svhn-img84.vnnlib,2.529639411,sat,6.171987247
cora,vnncomp2024_benchmarks/benchmarks/cora/./onnx/svhn-trades.onnx,vnncomp2024_benchmarks/benchmarks/cora/vnnlib/svhn-img84.vnnlib,2.533162139,sat,6.197951125
cora,vnncomp2024_benchmarks/benchmarks/cora/./onnx/svhn-set.onnx,vnncomp2024_benchmarks/benchmarks/cora/vnnlib/svhn-img84.vnnlib,2.530607349,sat,6.233664649
cora,vnncomp2024_benchmarks/benchmarks/cora/./onnx/svhn-point.onnx,vnncomp2024_benchmarks/benchmarks/cora/vnnlib/svhn-img98.vnnlib,2.522815307,sat,6.167092260
cora,vnncomp2024_benchmarks/benchmarks/cora/./onnx/svhn-trades.onnx,vnncomp2024_benchmarks/benchmarks/cora/vnnlib/svhn-img98.vnnlib,2.525081071,sat,6.162162094
cora,vnncomp2024_benchmarks/benchmarks/cora/./onnx/svhn-set.onnx,vnncomp2024_benchmarks/benchmarks/cora/vnnlib/svhn-img98.vnnlib,2.569881711,sat,6.163710834
cora,vnncomp2024_benchmarks/benchmarks/cora/./onnx/svhn-point.onnx,vnncomp2024_benchmarks/benchmarks/cora/vnnlib/svhn-img187.vnnlib,2.499744043,sat,6.208870211
cora,vnncomp2024_benchmarks/benchmarks/cora/./onnx/svhn-trades.onnx,vnncomp2024_benchmarks/benchmarks/cora/vnnlib/svhn-img187.vnnlib,2.550890439,sat,6.168724033
cora,vnncomp2024_benchmarks/benchmarks/cora/./onnx/svhn-set.onnx,vnncomp2024_benchmarks/benchmarks/cora/vnnlib/svhn-img187.vnnlib,2.508795711,sat,6.239448922
cora,vnncomp2024_benchmarks/benchmarks/cora/./onnx/svhn-point.onnx,vnncomp2024_benchmarks/benchmarks/cora/vnnlib/svhn-img273.vnnlib,2.560164820,sat,6.214951221
cora,vnncomp2024_benchmarks/benchmarks/cora/./onnx/svhn-trades.onnx,vnncomp2024_benchmarks/benchmarks/cora/vnnlib/svhn-img273.vnnlib,2.523729215,sat,6.249651573
cora,vnncomp2024_benchmarks/benchmarks/cora/./onnx/svhn-set.onnx,vnncomp2024_benchmarks/benchmarks/cora/vnnlib/svhn-img273.vnnlib,2.507434394,sat,6.199759143
cora,vnncomp2024_benchmarks/benchmarks/cora/./onnx/svhn-point.onnx,vnncomp2024_benchmarks/benchmarks/cora/vnnlib/svhn-img310.vnnlib,2.559195482,sat,6.212054125
cora,vnncomp2024_benchmarks/benchmarks/cora/./onnx/svhn-trades.onnx,vnncomp2024_benchmarks/benchmarks/cora/vnnlib/svhn-img310.vnnlib,2.505409584,sat,6.203623919
cora,vnncomp2024_benchmarks/benchmarks/cora/./onnx/svhn-set.onnx,vnncomp2024_benchmarks/benchmarks/cora/vnnlib/svhn-img310.vnnlib,2.575241667,sat,6.202209231
cora,vnncomp2024_benchmarks/benchmarks/cora/./onnx/svhn-point.onnx,vnncomp2024_benchmarks/benchmarks/cora/vnnlib/svhn-img410.vnnlib,2.542251268,sat,6.189534162
cora,vnncomp2024_benchmarks/benchmarks/cora/./onnx/svhn-trades.onnx,vnncomp2024_benchmarks/benchmarks/cora/vnnlib/svhn-img410.vnnlib,2.534602128,sat,6.187868199
cora,vnncomp2024_benchmarks/benchmarks/cora/./onnx/svhn-set.onnx,vnncomp2024_benchmarks/benchmarks/cora/vnnlib/svhn-img410.vnnlib,2.515887320,sat,6.198956908
cora,vnncomp2024_benchmarks/benchmarks/cora/./onnx/svhn-point.onnx,vnncomp2024_benchmarks/benchmarks/cora/vnnlib/svhn-img414.vnnlib,2.519307167,sat,6.221660352
cora,vnncomp2024_benchmarks/benchmarks/cora/./onnx/svhn-trades.onnx,vnncomp2024_benchmarks/benchmarks/cora/vnnlib/svhn-img414.vnnlib,2.527065530,sat,6.174011647
cora,vnncomp2024_benchmarks/benchmarks/cora/./onnx/svhn-set.onnx,vnncomp2024_benchmarks/benchmarks/cora/vnnlib/svhn-img414.vnnlib,2.502959796,sat,6.169776354
cora,vnncomp2024_benchmarks/benchmarks/cora/./onnx/svhn-point.onnx,vnncomp2024_benchmarks/benchmarks/cora/vnnlib/svhn-img489.vnnlib,2.583369966,sat,6.249599212
cora,vnncomp2024_benchmarks/benchmarks/cora/./onnx/svhn-trades.onnx,vnncomp2024_benchmarks/benchmarks/cora/vnnlib/svhn-img489.vnnlib,2.555110141,sat,6.119483086
cora,vnncomp2024_benchmarks/benchmarks/cora/./onnx/svhn-set.onnx,vnncomp2024_benchmarks/benchmarks/cora/vnnlib/svhn-img489.vnnlib,2.533971625,sat,6.176952394
cora,vnncomp2024_benchmarks/benchmarks/cora/./onnx/svhn-point.onnx,vnncomp2024_benchmarks/benchmarks/cora/vnnlib/svhn-img678.vnnlib,2.588076946,sat,6.248896868
cora,vnncomp2024_benchmarks/benchmarks/cora/./onnx/svhn-trades.onnx,vnncomp2024_benchmarks/benchmarks/cora/vnnlib/svhn-img678.vnnlib,2.562169039,sat,6.153247959
cora,vnncomp2024_benchmarks/benchmarks/cora/./onnx/svhn-set.onnx,vnncomp2024_benchmarks/benchmarks/cora/vnnlib/svhn-img678.vnnlib,2.510407132,sat,6.193258335
cora,vnncomp2024_benchmarks/benchmarks/cora/./onnx/svhn-point.onnx,vnncomp2024_benchmarks/benchmarks/cora/vnnlib/svhn-img737.vnnlib,2.503084309,sat,6.161952929
cora,vnncomp2024_benchmarks/benchmarks/cora/./onnx/svhn-trades.onnx,vnncomp2024_benchmarks/benchmarks/cora/vnnlib/svhn-img737.vnnlib,2.526505699,sat,6.221670593
cora,vnncomp2024_benchmarks/benchmarks/cora/./onnx/svhn-set.onnx,vnncomp2024_benchmarks/benchmarks/cora/vnnlib/svhn-img737.vnnlib,2.502185661,sat,6.227500348
cora,vnncomp2024_benchmarks/benchmarks/cora/./onnx/svhn-point.onnx,vnncomp2024_benchmarks/benchmarks/cora/vnnlib/svhn-img746.vnnlib,2.538060356,sat,6.171128410
cora,vnncomp2024_benchmarks/benchmarks/cora/./onnx/svhn-trades.onnx,vnncomp2024_benchmarks/benchmarks/cora/vnnlib/svhn-img746.vnnlib,2.560410945,sat,6.135529730
cora,vnncomp2024_benchmarks/benchmarks/cora/./onnx/svhn-set.onnx,vnncomp2024_benchmarks/benchmarks/cora/vnnlib/svhn-img746.vnnlib,2.489685325,sat,6.170764553
cora,vnncomp2024_benchmarks/benchmarks/cora/./onnx/svhn-point.onnx,vnncomp2024_benchmarks/benchmarks/cora/vnnlib/svhn-img748.vnnlib,2.529078120,sat,6.159819338
cora,vnncomp2024_benchmarks/benchmarks/cora/./onnx/svhn-trades.onnx,vnncomp2024_benchmarks/benchmarks/cora/vnnlib/svhn-img748.vnnlib,2.543418991,sat,6.180813070
cora,vnncomp2024_benchmarks/benchmarks/cora/./onnx/svhn-set.onnx,vnncomp2024_benchmarks/benchmarks/cora/vnnlib/svhn-img748.vnnlib,2.525625462,sat,6.222146692
cora,vnncomp2024_benchmarks/benchmarks/cora/./onnx/svhn-point.onnx,vnncomp2024_benchmarks/benchmarks/cora/vnnlib/svhn-img784.vnnlib,2.538828762,sat,6.197274094
cora,vnncomp2024_benchmarks/benchmarks/cora/./onnx/svhn-trades.onnx,vnncomp2024_benchmarks/benchmarks/cora/vnnlib/svhn-img784.vnnlib,2.522852787,sat,6.250006810
cora,vnncomp2024_benchmarks/benchmarks/cora/./onnx/svhn-set.onnx,vnncomp2024_benchmarks/benchmarks/cora/vnnlib/svhn-img784.vnnlib,2.567806800,sat,6.151001944
cora,vnncomp2024_benchmarks/benchmarks/cora/./onnx/svhn-point.onnx,vnncomp2024_benchmarks/benchmarks/cora/vnnlib/svhn-img836.vnnlib,2.533885293,sat,6.179073266
cora,vnncomp2024_benchmarks/benchmarks/cora/./onnx/svhn-trades.onnx,vnncomp2024_benchmarks/benchmarks/cora/vnnlib/svhn-img836.vnnlib,2.565024706,sat,6.161435340
cora,vnncomp2024_benchmarks/benchmarks/cora/./onnx/svhn-set.onnx,vnncomp2024_benchmarks/benchmarks/cora/vnnlib/svhn-img836.vnnlib,2.559471927,sat,6.131665285
cora,vnncomp2024_benchmarks/benchmarks/cora/./onnx/svhn-point.onnx,vnncomp2024_benchmarks/benchmarks/cora/vnnlib/svhn-img842.vnnlib,2.557284273,sat,6.182396191
cora,vnncomp2024_benchmarks/benchmarks/cora/./onnx/svhn-trades.onnx,vnncomp2024_benchmarks/benchmarks/cora/vnnlib/svhn-img842.vnnlib,2.522818567,sat,6.218507212
cora,vnncomp2024_benchmarks/benchmarks/cora/./onnx/svhn-set.onnx,vnncomp2024_benchmarks/benchmarks/cora/vnnlib/svhn-img842.vnnlib,2.489690426,sat,6.135051141
cora,vnncomp2024_benchmarks/benchmarks/cora/./onnx/svhn-point.onnx,vnncomp2024_benchmarks/benchmarks/cora/vnnlib/svhn-img1055.vnnlib,2.536931933,sat,6.179242940
cora,vnncomp2024_benchmarks/benchmarks/cora/./onnx/svhn-trades.onnx,vnncomp2024_benchmarks/benchmarks/cora/vnnlib/svhn-img1055.vnnlib,2.590386384,sat,6.204631638
cora,vnncomp2024_benchmarks/benchmarks/cora/./onnx/svhn-set.onnx,vnncomp2024_benchmarks/benchmarks/cora/vnnlib/svhn-img1055.vnnlib,2.556051229,sat,6.178626155
cora,vnncomp2024_benchmarks/benchmarks/cora/./onnx/svhn-point.onnx,vnncomp2024_benchmarks/benchmarks/cora/vnnlib/svhn-img1111.vnnlib,2.528360515,sat,6.215473371
cora,vnncomp2024_benchmarks/benchmarks/cora/./onnx/svhn-trades.onnx,vnncomp2024_benchmarks/benchmarks/cora/vnnlib/svhn-img1111.vnnlib,2.574320788,sat,6.183698817
cora,vnncomp2024_benchmarks/benchmarks/cora/./onnx/svhn-set.onnx,vnncomp2024_benchmarks/benchmarks/cora/vnnlib/svhn-img1111.vnnlib,2.559553367,sat,6.180698419
cora,vnncomp2024_benchmarks/benchmarks/cora/./onnx/svhn-point.onnx,vnncomp2024_benchmarks/benchmarks/cora/vnnlib/svhn-img1184.vnnlib,2.541191687,sat,6.215663905
cora,vnncomp2024_benchmarks/benchmarks/cora/./onnx/svhn-trades.onnx,vnncomp2024_benchmarks/benchmarks/cora/vnnlib/svhn-img1184.vnnlib,2.558605010,sat,6.182349600
cora,vnncomp2024_benchmarks/benchmarks/cora/./onnx/svhn-set.onnx,vnncomp2024_benchmarks/benchmarks/cora/vnnlib/svhn-img1184.vnnlib,2.531005447,sat,6.184618555
cora,vnncomp2024_benchmarks/benchmarks/cora/./onnx/svhn-point.onnx,vnncomp2024_benchmarks/benchmarks/cora/vnnlib/svhn-img1282.vnnlib,2.595253439,sat,6.157674666
cora,vnncomp2024_benchmarks/benchmarks/cora/./onnx/svhn-trades.onnx,vnncomp2024_benchmarks/benchmarks/cora/vnnlib/svhn-img1282.vnnlib,2.580941119,sat,6.186872699
cora,vnncomp2024_benchmarks/benchmarks/cora/./onnx/svhn-set.onnx,vnncomp2024_benchmarks/benchmarks/cora/vnnlib/svhn-img1282.vnnlib,2.585150331,sat,6.164181964
cora,vnncomp2024_benchmarks/benchmarks/cora/./onnx/svhn-point.onnx,vnncomp2024_benchmarks/benchmarks/cora/vnnlib/svhn-img1290.vnnlib,2.486876919,sat,6.164351417
cora,vnncomp2024_benchmarks/benchmarks/cora/./onnx/svhn-trades.onnx,vnncomp2024_benchmarks/benchmarks/cora/vnnlib/svhn-img1290.vnnlib,2.554666576,sat,6.226692996
cora,vnncomp2024_benchmarks/benchmarks/cora/./onnx/svhn-set.onnx,vnncomp2024_benchmarks/benchmarks/cora/vnnlib/svhn-img1290.vnnlib,2.564974610,sat,6.197438621
cora,vnncomp2024_benchmarks/benchmarks/cora/./onnx/cifar10-point.onnx,vnncomp2024_benchmarks/benchmarks/cora/vnnlib/cifar10-img13.vnnlib,2.537172283,sat,6.121693225
cora,vnncomp2024_benchmarks/benchmarks/cora/./onnx/cifar10-trades.onnx,vnncomp2024_benchmarks/benchmarks/cora/vnnlib/cifar10-img13.vnnlib,2.494745201,sat,6.223683967
cora,vnncomp2024_benchmarks/benchmarks/cora/./onnx/cifar10-set.onnx,vnncomp2024_benchmarks/benchmarks/cora/vnnlib/cifar10-img13.vnnlib,2.538370107,sat,6.200218217
cora,vnncomp2024_benchmarks/benchmarks/cora/./onnx/cifar10-point.onnx,vnncomp2024_benchmarks/benchmarks/cora/vnnlib/cifar10-img83.vnnlib,2.524824681,sat,6.196530744
cora,vnncomp2024_benchmarks/benchmarks/cora/./onnx/cifar10-trades.onnx,vnncomp2024_benchmarks/benchmarks/cora/vnnlib/cifar10-img83.vnnlib,2.531951001,sat,6.164839601
cora,vnncomp2024_benchmarks/benchmarks/cora/./onnx/cifar10-set.onnx,vnncomp2024_benchmarks/benchmarks/cora/vnnlib/cifar10-img83.vnnlib,2.568860606,sat,6.193375262
cora,vnncomp2024_benchmarks/benchmarks/cora/./onnx/cifar10-point.onnx,vnncomp2024_benchmarks/benchmarks/cora/vnnlib/cifar10-img104.vnnlib,2.509155963,sat,6.196846730
cora,vnncomp2024_benchmarks/benchmarks/cora/./onnx/cifar10-trades.onnx,vnncomp2024_benchmarks/benchmarks/cora/vnnlib/cifar10-img104.vnnlib,2.583283279,sat,6.192256030
cora,vnncomp2024_benchmarks/benchmarks/cora/./onnx/cifar10-set.onnx,vnncomp2024_benchmarks/benchmarks/cora/vnnlib/cifar10-img104.vnnlib,2.496956224,sat,6.161338853
cora,vnncomp2024_benchmarks/benchmarks/cora/./onnx/cifar10-point.onnx,vnncomp2024_benchmarks/benchmarks/cora/vnnlib/cifar10-img121.vnnlib,2.569559089,sat,6.208323066
cora,vnncomp2024_benchmarks/benchmarks/cora/./onnx/cifar10-trades.onnx,vnncomp2024_benchmarks/benchmarks/cora/vnnlib/cifar10-img121.vnnlib,2.573484477,sat,6.203002251
cora,vnncomp2024_benchmarks/benchmarks/cora/./onnx/cifar10-set.onnx,vnncomp2024_benchmarks/benchmarks/cora/vnnlib/cifar10-img121.vnnlib,2.547410816,sat,6.199092334
cora,vnncomp2024_benchmarks/benchmarks/cora/./onnx/cifar10-point.onnx,vnncomp2024_benchmarks/benchmarks/cora/vnnlib/cifar10-img132.vnnlib,2.539889307,sat,6.169925952
cora,vnncomp2024_benchmarks/benchmarks/cora/./onnx/cifar10-trades.onnx,vnncomp2024_benchmarks/benchmarks/cora/vnnlib/cifar10-img132.vnnlib,2.575206660,sat,6.218400464
cora,vnncomp2024_benchmarks/benchmarks/cora/./onnx/cifar10-set.onnx,vnncomp2024_benchmarks/benchmarks/cora/vnnlib/cifar10-img132.vnnlib,2.561756008,unknown,39.855536811
cora,vnncomp2024_benchmarks/benchmarks/cora/./onnx/cifar10-point.onnx,vnncomp2024_benchmarks/benchmarks/cora/vnnlib/cifar10-img155.vnnlib,2.564498150,sat,6.173761407
cora,vnncomp2024_benchmarks/benchmarks/cora/./onnx/cifar10-trades.onnx,vnncomp2024_benchmarks/benchmarks/cora/vnnlib/cifar10-img155.vnnlib,2.546423526,sat,6.166389633
cora,vnncomp2024_benchmarks/benchmarks/cora/./onnx/cifar10-set.onnx,vnncomp2024_benchmarks/benchmarks/cora/vnnlib/cifar10-img155.vnnlib,2.583435582,unsat,22.299540686
cora,vnncomp2024_benchmarks/benchmarks/cora/./onnx/cifar10-point.onnx,vnncomp2024_benchmarks/benchmarks/cora/vnnlib/cifar10-img172.vnnlib,2.548410454,sat,6.201758526
cora,vnncomp2024_benchmarks/benchmarks/cora/./onnx/cifar10-trades.onnx,vnncomp2024_benchmarks/benchmarks/cora/vnnlib/cifar10-img172.vnnlib,2.514439168,sat,6.198331170
cora,vnncomp2024_benchmarks/benchmarks/cora/./onnx/cifar10-set.onnx,vnncomp2024_benchmarks/benchmarks/cora/vnnlib/cifar10-img172.vnnlib,2.509057331,sat,6.163780691
cora,vnncomp2024_benchmarks/benchmarks/cora/./onnx/cifar10-point.onnx,vnncomp2024_benchmarks/benchmarks/cora/vnnlib/cifar10-img189.vnnlib,2.513353165,sat,6.179250295
cora,vnncomp2024_benchmarks/benchmarks/cora/./onnx/cifar10-trades.onnx,vnncomp2024_benchmarks/benchmarks/cora/vnnlib/cifar10-img189.vnnlib,2.569657711,unknown,40.026162903
cora,vnncomp2024_benchmarks/benchmarks/cora/./onnx/cifar10-set.onnx,vnncomp2024_benchmarks/benchmarks/cora/vnnlib/cifar10-img189.vnnlib,2.528689717,sat,6.182972688
cora,vnncomp2024_benchmarks/benchmarks/cora/./onnx/cifar10-point.onnx,vnncomp2024_benchmarks/benchmarks/cora/vnnlib/cifar10-img195.vnnlib,2.534747640,sat,6.134878973
cora,vnncomp2024_benchmarks/benchmarks/cora/./onnx/cifar10-trades.onnx,vnncomp2024_benchmarks/benchmarks/cora/vnnlib/cifar10-img195.vnnlib,2.549863693,unknown,40.363854461
cora,vnncomp2024_benchmarks/benchmarks/cora/./onnx/cifar10-set.onnx,vnncomp2024_benchmarks/benchmarks/cora/vnnlib/cifar10-img195.vnnlib,2.602878404,sat,6.113152336
cora,vnncomp2024_benchmarks/benchmarks/cora/./onnx/cifar10-point.onnx,vnncomp2024_benchmarks/benchmarks/cora/vnnlib/cifar10-img213.vnnlib,2.560865789,sat,6.154155542
cora,vnncomp2024_benchmarks/benchmarks/cora/./onnx/cifar10-trades.onnx,vnncomp2024_benchmarks/benchmarks/cora/vnnlib/cifar10-img213.vnnlib,2.532951331,sat,6.154667683
cora,vnncomp2024_benchmarks/benchmarks/cora/./onnx/cifar10-set.onnx,vnncomp2024_benchmarks/benchmarks/cora/vnnlib/cifar10-img213.vnnlib,2.523162369,sat,6.147641574
cora,vnncomp2024_benchmarks/benchmarks/cora/./onnx/cifar10-point.onnx,vnncomp2024_benchmarks/benchmarks/cora/vnnlib/cifar10-img244.vnnlib,2.537529951,unknown,40.083805060
cora,vnncomp2024_benchmarks/benchmarks/cora/./onnx/cifar10-trades.onnx,vnncomp2024_benchmarks/benchmarks/cora/vnnlib/cifar10-img244.vnnlib,2.537163824,sat,6.188176200
cora,vnncomp2024_benchmarks/benchmarks/cora/./onnx/cifar10-set.onnx,vnncomp2024_benchmarks/benchmarks/cora/vnnlib/cifar10-img244.vnnlib,2.539149833,unsat,10.244594478
cora,vnncomp2024_benchmarks/benchmarks/cora/./onnx/cifar10-point.onnx,vnncomp2024_benchmarks/benchmarks/cora/vnnlib/cifar10-img245.vnnlib,2.524279960,sat,6.139272740
cora,vnncomp2024_benchmarks/benchmarks/cora/./onnx/cifar10-trades.onnx,vnncomp2024_benchmarks/benchmarks/cora/vnnlib/cifar10-img245.vnnlib,2.524888883,sat,6.140150117
cora,vnncomp2024_benchmarks/benchmarks/cora/./onnx/cifar10-set.onnx,vnncomp2024_benchmarks/benchmarks/cora/vnnlib/cifar10-img245.vnnlib,2.501423522,sat,6.114777429
cora,vnncomp2024_benchmarks/benchmarks/cora/./onnx/cifar10-point.onnx,vnncomp2024_benchmarks/benchmarks/cora/vnnlib/cifar10-img285.vnnlib,2.554312540,sat,6.169122326
cora,vnncomp2024_benchmarks/benchmarks/cora/./onnx/cifar10-trades.onnx,vnncomp2024_benchmarks/benchmarks/cora/vnnlib/cifar10-img285.vnnlib,2.523905653,sat,6.160561248
cora,vnncomp2024_benchmarks/benchmarks/cora/./onnx/cifar10-set.onnx,vnncomp2024_benchmarks/benchmarks/cora/vnnlib/cifar10-img285.vnnlib,2.532366388,sat,6.167012854
cora,vnncomp2024_benchmarks/benchmarks/cora/./onnx/cifar10-point.onnx,vnncomp2024_benchmarks/benchmarks/cora/vnnlib/cifar10-img294.vnnlib,2.555163077,sat,6.187760637
cora,vnncomp2024_benchmarks/benchmarks/cora/./onnx/cifar10-trades.onnx,vnncomp2024_benchmarks/benchmarks/cora/vnnlib/cifar10-img294.vnnlib,2.520133529,sat,6.220151289
cora,vnncomp2024_benchmarks/benchmarks/cora/./onnx/cifar10-set.onnx,vnncomp2024_benchmarks/benchmarks/cora/vnnlib/cifar10-img294.vnnlib,2.537870568,unknown,41.165770179
cora,vnncomp2024_benchmarks/benchmarks/cora/./onnx/cifar10-point.onnx,vnncomp2024_benchmarks/benchmarks/cora/vnnlib/cifar10-img319.vnnlib,2.588951131,sat,6.152009849
cora,vnncomp2024_benchmarks/benchmarks/cora/./onnx/cifar10-trades.onnx,vnncomp2024_benchmarks/benchmarks/cora/vnnlib/cifar10-img319.vnnlib,2.539729334,sat,6.168050534
cora,vnncomp2024_benchmarks/benchmarks/cora/./onnx/cifar10-set.onnx,vnncomp2024_benchmarks/benchmarks/cora/vnnlib/cifar10-img319.vnnlib,2.501688987,unknown,39.717220664
cora,vnncomp2024_benchmarks/benchmarks/cora/./onnx/cifar10-point.onnx,vnncomp2024_benchmarks/benchmarks/cora/vnnlib/cifar10-img326.vnnlib,2.567857326,sat,6.168622865
cora,vnncomp2024_benchmarks/benchmarks/cora/./onnx/cifar10-trades.onnx,vnncomp2024_benchmarks/benchmarks/cora/vnnlib/cifar10-img326.vnnlib,2.547525466,sat,6.169610775
cora,vnncomp2024_benchmarks/benchmarks/cora/./onnx/cifar10-set.onnx,vnncomp2024_benchmarks/benchmarks/cora/vnnlib/cifar10-img326.vnnlib,2.562538952,sat,6.155296724
cora,vnncomp2024_benchmarks/benchmarks/cora/./onnx/cifar10-point.onnx,vnncomp2024_benchmarks/benchmarks/cora/vnnlib/cifar10-img336.vnnlib,2.519035108,sat,6.184456457
cora,vnncomp2024_benchmarks/benchmarks/cora/./onnx/cifar10-trades.onnx,vnncomp2024_benchmarks/benchmarks/cora/vnnlib/cifar10-img336.vnnlib,2.547462236,sat,6.132496797
cora,vnncomp2024_benchmarks/benchmarks/cora/./onnx/cifar10-set.onnx,vnncomp2024_benchmarks/benchmarks/cora/vnnlib/cifar10-img336.vnnlib,2.534797638,sat,6.269472246
cora,vnncomp2024_benchmarks/benchmarks/cora/./onnx/cifar10-point.onnx,vnncomp2024_benchmarks/benchmarks/cora/vnnlib/cifar10-img361.vnnlib,2.549537926,unknown,39.641068753
cora,vnncomp2024_benchmarks/benchmarks/cora/./onnx/cifar10-trades.onnx,vnncomp2024_benchmarks/benchmarks/cora/vnnlib/cifar10-img361.vnnlib,2.522338902,unknown,40.547312685
cora,vnncomp2024_benchmarks/benchmarks/cora/./onnx/cifar10-set.onnx,vnncomp2024_benchmarks/benchmarks/cora/vnnlib/cifar10-img361.vnnlib,2.535574622,unsat,10.281901571
cora,vnncomp2024_benchmarks/benchmarks/cora/./onnx/cifar10-point.onnx,vnncomp2024_benchmarks/benchmarks/cora/vnnlib/cifar10-img418.vnnlib,2.513007739,sat,6.187506567
cora,vnncomp2024_benchmarks/benchmarks/cora/./onnx/cifar10-trades.onnx,vnncomp2024_benchmarks/benchmarks/cora/vnnlib/cifar10-img418.vnnlib,2.547760801,sat,6.140109426
cora,vnncomp2024_benchmarks/benchmarks/cora/./onnx/cifar10-set.onnx,vnncomp2024_benchmarks/benchmarks/cora/vnnlib/cifar10-img418.vnnlib,2.559328929,unsat,10.178451789
cora,vnncomp2024_benchmarks/benchmarks/cora/./onnx/cifar10-point.onnx,vnncomp2024_benchmarks/benchmarks/cora/vnnlib/cifar10-img423.vnnlib,2.570340756,sat,6.183421587
cora,vnncomp2024_benchmarks/benchmarks/cora/./onnx/cifar10-trades.onnx,vnncomp2024_benchmarks/benchmarks/cora/vnnlib/cifar10-img423.vnnlib,2.525433813,sat,6.185668841
cora,vnncomp2024_benchmarks/benchmarks/cora/./onnx/cifar10-set.onnx,vnncomp2024_benchmarks/benchmarks/cora/vnnlib/cifar10-img423.vnnlib,2.547779832,sat,6.116497312
cora,vnncomp2024_benchmarks/benchmarks/test/test_nano.onnx,vnncomp2024_benchmarks/benchmarks/test/test_nano.vnnlib,2.206547701,unsat,8.956209577
