acasxu_2023,vnncomp2024_benchmarks/benchmarks/acasxu_2023/onnx/ACASXU_run2a_1_1_batch_2000.onnx,vnncomp2024_benchmarks/benchmarks/acasxu_2023/vnnlib/prop_1.vnnlib,17.529044058,unsat,12.054398409
acasxu_2023,vnncomp2024_benchmarks/benchmarks/acasxu_2023/onnx/ACASXU_run2a_1_2_batch_2000.onnx,vnncomp2024_benchmarks/benchmarks/acasxu_2023/vnnlib/prop_1.vnnlib,16.831040717,unsat,11.098096313
acasxu_2023,vnncomp2024_benchmarks/benchmarks/acasxu_2023/onnx/ACASXU_run2a_1_3_batch_2000.onnx,vnncomp2024_benchmarks/benchmarks/acasxu_2023/vnnlib/prop_1.vnnlib,16.771304640,unsat,11.124628063
acasxu_2023,vnncomp2024_benchmarks/benchmarks/acasxu_2023/onnx/ACASXU_run2a_1_4_batch_2000.onnx,vnncomp2024_benchmarks/benchmarks/acasxu_2023/vnnlib/prop_1.vnnlib,19.231758590,unsat,12.471738190
acasxu_2023,vnncomp2024_benchmarks/benchmarks/acasxu_2023/onnx/ACASXU_run2a_1_5_batch_2000.onnx,vnncomp2024_benchmarks/benchmarks/acasxu_2023/vnnlib/prop_1.vnnlib,18.973401990,unsat,11.550813326
acasxu_2023,vnncomp2024_benchmarks/benchmarks/acasxu_2023/onnx/ACASXU_run2a_1_6_batch_2000.onnx,vnncomp2024_benchmarks/benchmarks/acasxu_2023/vnnlib/prop_1.vnnlib,19.237416019,unsat,12.542784017
acasxu_2023,vnncomp2024_benchmarks/benchmarks/acasxu_2023/onnx/ACASXU_run2a_1_7_batch_2000.onnx,vnncomp2024_benchmarks/benchmarks/acasxu_2023/vnnlib/prop_1.vnnlib,19.325921582,unsat,11.294788876
acasxu_2023,vnncomp2024_benchmarks/benchmarks/acasxu_2023/onnx/ACASXU_run2a_1_8_batch_2000.onnx,vnncomp2024_benchmarks/benchmarks/acasxu_2023/vnnlib/prop_1.vnnlib,19.259426475,unsat,12.392911186
acasxu_2023,vnncomp2024_benchmarks/benchmarks/acasxu_2023/onnx/ACASXU_run2a_1_9_batch_2000.onnx,vnncomp2024_benchmarks/benchmarks/acasxu_2023/vnnlib/prop_1.vnnlib,19.008636075,unsat,12.483239611
acasxu_2023,vnncomp2024_benchmarks/benchmarks/acasxu_2023/onnx/ACASXU_run2a_2_1_batch_2000.onnx,vnncomp2024_benchmarks/benchmarks/acasxu_2023/vnnlib/prop_1.vnnlib,19.211498062,unsat,13.490940527
acasxu_2023,vnncomp2024_benchmarks/benchmarks/acasxu_2023/onnx/ACASXU_run2a_2_2_batch_2000.onnx,vnncomp2024_benchmarks/benchmarks/acasxu_2023/vnnlib/prop_1.vnnlib,19.311790157,unsat,11.511124044
acasxu_2023,vnncomp2024_benchmarks/benchmarks/acasxu_2023/onnx/ACASXU_run2a_2_3_batch_2000.onnx,vnncomp2024_benchmarks/benchmarks/acasxu_2023/vnnlib/prop_1.vnnlib,19.041779928,unsat,12.625081439
acasxu_2023,vnncomp2024_benchmarks/benchmarks/acasxu_2023/onnx/ACASXU_run2a_2_4_batch_2000.onnx,vnncomp2024_benchmarks/benchmarks/acasxu_2023/vnnlib/prop_1.vnnlib,21.768834494,unsat,12.533940958
acasxu_2023,vnncomp2024_benchmarks/benchmarks/acasxu_2023/onnx/ACASXU_run2a_2_5_batch_2000.onnx,vnncomp2024_benchmarks/benchmarks/acasxu_2023/vnnlib/prop_1.vnnlib,19.159210376,unsat,13.491547206
acasxu_2023,vnncomp2024_benchmarks/benchmarks/acasxu_2023/onnx/ACASXU_run2a_2_6_batch_2000.onnx,vnncomp2024_benchmarks/benchmarks/acasxu_2023/vnnlib/prop_1.vnnlib,19.115071154,unsat,12.679395158
acasxu_2023,vnncomp2024_benchmarks/benchmarks/acasxu_2023/onnx/ACASXU_run2a_2_7_batch_2000.onnx,vnncomp2024_benchmarks/benchmarks/acasxu_2023/vnnlib/prop_1.vnnlib,19.713206438,unsat,11.794707933
acasxu_2023,vnncomp2024_benchmarks/benchmarks/acasxu_2023/onnx/ACASXU_run2a_2_8_batch_2000.onnx,vnncomp2024_benchmarks/benchmarks/acasxu_2023/vnnlib/prop_1.vnnlib,19.257859672,unsat,11.766715346
acasxu_2023,vnncomp2024_benchmarks/benchmarks/acasxu_2023/onnx/ACASXU_run2a_2_9_batch_2000.onnx,vnncomp2024_benchmarks/benchmarks/acasxu_2023/vnnlib/prop_1.vnnlib,19.225062965,unsat,12.522377209
acasxu_2023,vnncomp2024_benchmarks/benchmarks/acasxu_2023/onnx/ACASXU_run2a_3_1_batch_2000.onnx,vnncomp2024_benchmarks/benchmarks/acasxu_2023/vnnlib/prop_1.vnnlib,19.011611166,unsat,11.560096254
acasxu_2023,vnncomp2024_benchmarks/benchmarks/acasxu_2023/onnx/ACASXU_run2a_3_2_batch_2000.onnx,vnncomp2024_benchmarks/benchmarks/acasxu_2023/vnnlib/prop_1.vnnlib,18.881230514,unsat,12.466899326
acasxu_2023,vnncomp2024_benchmarks/benchmarks/acasxu_2023/onnx/ACASXU_run2a_3_3_batch_2000.onnx,vnncomp2024_benchmarks/benchmarks/acasxu_2023/vnnlib/prop_1.vnnlib,19.067862594,unsat,12.467418451
acasxu_2023,vnncomp2024_benchmarks/benchmarks/acasxu_2023/onnx/ACASXU_run2a_3_4_batch_2000.onnx,vnncomp2024_benchmarks/benchmarks/acasxu_2023/vnnlib/prop_1.vnnlib,21.970022238,unsat,12.278289765
acasxu_2023,vnncomp2024_benchmarks/benchmarks/acasxu_2023/onnx/ACASXU_run2a_3_5_batch_2000.onnx,vnncomp2024_benchmarks/benchmarks/acasxu_2023/vnnlib/prop_1.vnnlib,21.488862327,unsat,12.526558797
acasxu_2023,vnncomp2024_benchmarks/benchmarks/acasxu_2023/onnx/ACASXU_run2a_3_6_batch_2000.onnx,vnncomp2024_benchmarks/benchmarks/acasxu_2023/vnnlib/prop_1.vnnlib,19.565532597,unsat,12.444806297
acasxu_2023,vnncomp2024_benchmarks/benchmarks/acasxu_2023/onnx/ACASXU_run2a_3_7_batch_2000.onnx,vnncomp2024_benchmarks/benchmarks/acasxu_2023/vnnlib/prop_1.vnnlib,22.372219319,unsat,12.513930644
acasxu_2023,vnncomp2024_benchmarks/benchmarks/acasxu_2023/onnx/ACASXU_run2a_3_8_batch_2000.onnx,vnncomp2024_benchmarks/benchmarks/acasxu_2023/vnnlib/prop_1.vnnlib,19.425761309,unsat,12.569247190
acasxu_2023,vnncomp2024_benchmarks/benchmarks/acasxu_2023/onnx/ACASXU_run2a_3_9_batch_2000.onnx,vnncomp2024_benchmarks/benchmarks/acasxu_2023/vnnlib/prop_1.vnnlib,19.310749201,unsat,11.543264541
acasxu_2023,vnncomp2024_benchmarks/benchmarks/acasxu_2023/onnx/ACASXU_run2a_4_1_batch_2000.onnx,vnncomp2024_benchmarks/benchmarks/acasxu_2023/vnnlib/prop_1.vnnlib,19.426905206,unsat,13.990944835
acasxu_2023,vnncomp2024_benchmarks/benchmarks/acasxu_2023/onnx/ACASXU_run2a_4_2_batch_2000.onnx,vnncomp2024_benchmarks/benchmarks/acasxu_2023/vnnlib/prop_1.vnnlib,19.259369896,unsat,12.667984055
acasxu_2023,vnncomp2024_benchmarks/benchmarks/acasxu_2023/onnx/ACASXU_run2a_4_3_batch_2000.onnx,vnncomp2024_benchmarks/benchmarks/acasxu_2023/vnnlib/prop_1.vnnlib,21.956376250,unsat,12.437157938
acasxu_2023,vnncomp2024_benchmarks/benchmarks/acasxu_2023/onnx/ACASXU_run2a_4_4_batch_2000.onnx,vnncomp2024_benchmarks/benchmarks/acasxu_2023/vnnlib/prop_1.vnnlib,18.925666482,unsat,13.688752543
acasxu_2023,vnncomp2024_benchmarks/benchmarks/acasxu_2023/onnx/ACASXU_run2a_4_5_batch_2000.onnx,vnncomp2024_benchmarks/benchmarks/acasxu_2023/vnnlib/prop_1.vnnlib,19.018741300,unsat,12.230084015
acasxu_2023,vnncomp2024_benchmarks/benchmarks/acasxu_2023/onnx/ACASXU_run2a_4_6_batch_2000.onnx,vnncomp2024_benchmarks/benchmarks/acasxu_2023/vnnlib/prop_1.vnnlib,18.951678032,unsat,12.420753760
acasxu_2023,vnncomp2024_benchmarks/benchmarks/acasxu_2023/onnx/ACASXU_run2a_4_7_batch_2000.onnx,vnncomp2024_benchmarks/benchmarks/acasxu_2023/vnnlib/prop_1.vnnlib,19.164837476,unsat,12.477421090
acasxu_2023,vnncomp2024_benchmarks/benchmarks/acasxu_2023/onnx/ACASXU_run2a_4_8_batch_2000.onnx,vnncomp2024_benchmarks/benchmarks/acasxu_2023/vnnlib/prop_1.vnnlib,18.856472956,unsat,12.740169750
acasxu_2023,vnncomp2024_benchmarks/benchmarks/acasxu_2023/onnx/ACASXU_run2a_4_9_batch_2000.onnx,vnncomp2024_benchmarks/benchmarks/acasxu_2023/vnnlib/prop_1.vnnlib,21.907471749,unsat,12.753754222
acasxu_2023,vnncomp2024_benchmarks/benchmarks/acasxu_2023/onnx/ACASXU_run2a_5_1_batch_2000.onnx,vnncomp2024_benchmarks/benchmarks/acasxu_2023/vnnlib/prop_1.vnnlib,19.176857838,unsat,13.637543369
acasxu_2023,vnncomp2024_benchmarks/benchmarks/acasxu_2023/onnx/ACASXU_run2a_5_2_batch_2000.onnx,vnncomp2024_benchmarks/benchmarks/acasxu_2023/vnnlib/prop_1.vnnlib,19.426362448,unsat,12.526370076
acasxu_2023,vnncomp2024_benchmarks/benchmarks/acasxu_2023/onnx/ACASXU_run2a_5_3_batch_2000.onnx,vnncomp2024_benchmarks/benchmarks/acasxu_2023/vnnlib/prop_1.vnnlib,19.262791688,unsat,13.602417132
acasxu_2023,vnncomp2024_benchmarks/benchmarks/acasxu_2023/onnx/ACASXU_run2a_5_4_batch_2000.onnx,vnncomp2024_benchmarks/benchmarks/acasxu_2023/vnnlib/prop_1.vnnlib,19.289524863,unsat,12.807048243
acasxu_2023,vnncomp2024_benchmarks/benchmarks/acasxu_2023/onnx/ACASXU_run2a_5_5_batch_2000.onnx,vnncomp2024_benchmarks/benchmarks/acasxu_2023/vnnlib/prop_1.vnnlib,22.405722122,unsat,12.398603640
acasxu_2023,vnncomp2024_benchmarks/benchmarks/acasxu_2023/onnx/ACASXU_run2a_5_6_batch_2000.onnx,vnncomp2024_benchmarks/benchmarks/acasxu_2023/vnnlib/prop_1.vnnlib,19.138041672,unsat,14.007611068
acasxu_2023,vnncomp2024_benchmarks/benchmarks/acasxu_2023/onnx/ACASXU_run2a_5_7_batch_2000.onnx,vnncomp2024_benchmarks/benchmarks/acasxu_2023/vnnlib/prop_1.vnnlib,22.560151466,unsat,12.358161399
acasxu_2023,vnncomp2024_benchmarks/benchmarks/acasxu_2023/onnx/ACASXU_run2a_5_8_batch_2000.onnx,vnncomp2024_benchmarks/benchmarks/acasxu_2023/vnnlib/prop_1.vnnlib,19.089354677,unsat,12.579067913
acasxu_2023,vnncomp2024_benchmarks/benchmarks/acasxu_2023/onnx/ACASXU_run2a_5_9_batch_2000.onnx,vnncomp2024_benchmarks/benchmarks/acasxu_2023/vnnlib/prop_1.vnnlib,18.841435479,unsat,12.822624558
acasxu_2023,vnncomp2024_benchmarks/benchmarks/acasxu_2023/onnx/ACASXU_run2a_1_1_batch_2000.onnx,vnncomp2024_benchmarks/benchmarks/acasxu_2023/vnnlib/prop_2.vnnlib,22.682153756,unsat,14.594318684
acasxu_2023,vnncomp2024_benchmarks/benchmarks/acasxu_2023/onnx/ACASXU_run2a_1_2_batch_2000.onnx,vnncomp2024_benchmarks/benchmarks/acasxu_2023/vnnlib/prop_2.vnnlib,19.056507891,sat,14.218171495
acasxu_2023,vnncomp2024_benchmarks/benchmarks/acasxu_2023/onnx/ACASXU_run2a_1_3_batch_2000.onnx,vnncomp2024_benchmarks/benchmarks/acasxu_2023/vnnlib/prop_2.vnnlib,19.380391393,sat,11.479196391
acasxu_2023,vnncomp2024_benchmarks/benchmarks/acasxu_2023/onnx/ACASXU_run2a_1_4_batch_2000.onnx,vnncomp2024_benchmarks/benchmarks/acasxu_2023/vnnlib/prop_2.vnnlib,19.173360793,sat,13.692042526
acasxu_2023,vnncomp2024_benchmarks/benchmarks/acasxu_2023/onnx/ACASXU_run2a_1_5_batch_2000.onnx,vnncomp2024_benchmarks/benchmarks/acasxu_2023/vnnlib/prop_2.vnnlib,21.974993661,sat,12.886550766
acasxu_2023,vnncomp2024_benchmarks/benchmarks/acasxu_2023/onnx/ACASXU_run2a_1_6_batch_2000.onnx,vnncomp2024_benchmarks/benchmarks/acasxu_2023/vnnlib/prop_2.vnnlib,21.648688130,sat,11.511886449
acasxu_2023,vnncomp2024_benchmarks/benchmarks/acasxu_2023/onnx/ACASXU_run2a_1_7_batch_2000.onnx,vnncomp2024_benchmarks/benchmarks/acasxu_2023/vnnlib/prop_2.vnnlib,21.838266859,unsat,31.421016561
acasxu_2023,vnncomp2024_benchmarks/benchmarks/acasxu_2023/onnx/ACASXU_run2a_1_8_batch_2000.onnx,vnncomp2024_benchmarks/benchmarks/acasxu_2023/vnnlib/prop_2.vnnlib,18.949796548,unsat,15.946704012
acasxu_2023,vnncomp2024_benchmarks/benchmarks/acasxu_2023/onnx/ACASXU_run2a_1_9_batch_2000.onnx,vnncomp2024_benchmarks/benchmarks/acasxu_2023/vnnlib/prop_2.vnnlib,18.805125374,unsat,24.482616349
acasxu_2023,vnncomp2024_benchmarks/benchmarks/acasxu_2023/onnx/ACASXU_run2a_2_1_batch_2000.onnx,vnncomp2024_benchmarks/benchmarks/acasxu_2023/vnnlib/prop_2.vnnlib,18.949415304,sat,11.407309569
acasxu_2023,vnncomp2024_benchmarks/benchmarks/acasxu_2023/onnx/ACASXU_run2a_2_2_batch_2000.onnx,vnncomp2024_benchmarks/benchmarks/acasxu_2023/vnnlib/prop_2.vnnlib,19.061420144,sat,12.617420126
acasxu_2023,vnncomp2024_benchmarks/benchmarks/acasxu_2023/onnx/ACASXU_run2a_2_3_batch_2000.onnx,vnncomp2024_benchmarks/benchmarks/acasxu_2023/vnnlib/prop_2.vnnlib,19.302321595,sat,12.424478194
acasxu_2023,vnncomp2024_benchmarks/benchmarks/acasxu_2023/onnx/ACASXU_run2a_2_4_batch_2000.onnx,vnncomp2024_benchmarks/benchmarks/acasxu_2023/vnnlib/prop_2.vnnlib,18.812099518,sat,11.544676913
acasxu_2023,vnncomp2024_benchmarks/benchmarks/acasxu_2023/onnx/ACASXU_run2a_2_5_batch_2000.onnx,vnncomp2024_benchmarks/benchmarks/acasxu_2023/vnnlib/prop_2.vnnlib,18.871182986,sat,12.524703384
acasxu_2023,vnncomp2024_benchmarks/benchmarks/acasxu_2023/onnx/ACASXU_run2a_2_6_batch_2000.onnx,vnncomp2024_benchmarks/benchmarks/acasxu_2023/vnnlib/prop_2.vnnlib,19.123449904,run_instance_timeout,176.004401193
acasxu_2023,vnncomp2024_benchmarks/benchmarks/acasxu_2023/onnx/ACASXU_run2a_2_7_batch_2000.onnx,vnncomp2024_benchmarks/benchmarks/acasxu_2023/vnnlib/prop_2.vnnlib,17.960393641,sat,11.919721786
acasxu_2023,vnncomp2024_benchmarks/benchmarks/acasxu_2023/onnx/ACASXU_run2a_2_8_batch_2000.onnx,vnncomp2024_benchmarks/benchmarks/acasxu_2023/vnnlib/prop_2.vnnlib,19.160063210,sat,11.260652202
acasxu_2023,vnncomp2024_benchmarks/benchmarks/acasxu_2023/onnx/ACASXU_run2a_2_9_batch_2000.onnx,vnncomp2024_benchmarks/benchmarks/acasxu_2023/vnnlib/prop_2.vnnlib,22.293543169,sat,12.355913350
acasxu_2023,vnncomp2024_benchmarks/benchmarks/acasxu_2023/onnx/ACASXU_run2a_3_1_batch_2000.onnx,vnncomp2024_benchmarks/benchmarks/acasxu_2023/vnnlib/prop_2.vnnlib,21.174104002,sat,12.431323444
acasxu_2023,vnncomp2024_benchmarks/benchmarks/acasxu_2023/onnx/ACASXU_run2a_3_2_batch_2000.onnx,vnncomp2024_benchmarks/benchmarks/acasxu_2023/vnnlib/prop_2.vnnlib,19.089731916,sat,12.440459105
acasxu_2023,vnncomp2024_benchmarks/benchmarks/acasxu_2023/onnx/ACASXU_run2a_3_3_batch_2000.onnx,vnncomp2024_benchmarks/benchmarks/acasxu_2023/vnnlib/prop_2.vnnlib,19.227598959,unknown,127.546903130
acasxu_2023,vnncomp2024_benchmarks/benchmarks/acasxu_2023/onnx/ACASXU_run2a_3_4_batch_2000.onnx,vnncomp2024_benchmarks/benchmarks/acasxu_2023/vnnlib/prop_2.vnnlib,18.621099511,sat,12.286665411
acasxu_2023,vnncomp2024_benchmarks/benchmarks/acasxu_2023/onnx/ACASXU_run2a_3_5_batch_2000.onnx,vnncomp2024_benchmarks/benchmarks/acasxu_2023/vnnlib/prop_2.vnnlib,18.852641650,sat,12.358957886
acasxu_2023,vnncomp2024_benchmarks/benchmarks/acasxu_2023/onnx/ACASXU_run2a_3_6_batch_2000.onnx,vnncomp2024_benchmarks/benchmarks/acasxu_2023/vnnlib/prop_2.vnnlib,18.933217320,sat,12.407676437
acasxu_2023,vnncomp2024_benchmarks/benchmarks/acasxu_2023/onnx/ACASXU_run2a_3_7_batch_2000.onnx,vnncomp2024_benchmarks/benchmarks/acasxu_2023/vnnlib/prop_2.vnnlib,19.106764132,sat,11.107555179
acasxu_2023,vnncomp2024_benchmarks/benchmarks/acasxu_2023/onnx/ACASXU_run2a_3_8_batch_2000.onnx,vnncomp2024_benchmarks/benchmarks/acasxu_2023/vnnlib/prop_2.vnnlib,19.124877074,sat,12.436528790
acasxu_2023,vnncomp2024_benchmarks/benchmarks/acasxu_2023/onnx/ACASXU_run2a_3_9_batch_2000.onnx,vnncomp2024_benchmarks/benchmarks/acasxu_2023/vnnlib/prop_2.vnnlib,21.988795424,sat,13.603175444
acasxu_2023,vnncomp2024_benchmarks/benchmarks/acasxu_2023/onnx/ACASXU_run2a_4_1_batch_2000.onnx,vnncomp2024_benchmarks/benchmarks/acasxu_2023/vnnlib/prop_2.vnnlib,19.128881510,sat,11.435680828
acasxu_2023,vnncomp2024_benchmarks/benchmarks/acasxu_2023/onnx/ACASXU_run2a_4_2_batch_2000.onnx,vnncomp2024_benchmarks/benchmarks/acasxu_2023/vnnlib/prop_2.vnnlib,18.840883418,unknown,126.859651975
acasxu_2023,vnncomp2024_benchmarks/benchmarks/acasxu_2023/onnx/ACASXU_run2a_4_3_batch_2000.onnx,vnncomp2024_benchmarks/benchmarks/acasxu_2023/vnnlib/prop_2.vnnlib,18.675142906,sat,12.329010825
acasxu_2023,vnncomp2024_benchmarks/benchmarks/acasxu_2023/onnx/ACASXU_run2a_4_4_batch_2000.onnx,vnncomp2024_benchmarks/benchmarks/acasxu_2023/vnnlib/prop_2.vnnlib,19.230283562,sat,12.693445277
acasxu_2023,vnncomp2024_benchmarks/benchmarks/acasxu_2023/onnx/ACASXU_run2a_4_5_batch_2000.onnx,vnncomp2024_benchmarks/benchmarks/acasxu_2023/vnnlib/prop_2.vnnlib,19.374247251,sat,13.603271205
acasxu_2023,vnncomp2024_benchmarks/benchmarks/acasxu_2023/onnx/ACASXU_run2a_4_6_batch_2000.onnx,vnncomp2024_benchmarks/benchmarks/acasxu_2023/vnnlib/prop_2.vnnlib,22.138469084,sat,12.206441227
acasxu_2023,vnncomp2024_benchmarks/benchmarks/acasxu_2023/onnx/ACASXU_run2a_4_7_batch_2000.onnx,vnncomp2024_benchmarks/benchmarks/acasxu_2023/vnnlib/prop_2.vnnlib,19.436022461,sat,13.659191324
acasxu_2023,vnncomp2024_benchmarks/benchmarks/acasxu_2023/onnx/ACASXU_run2a_4_8_batch_2000.onnx,vnncomp2024_benchmarks/benchmarks/acasxu_2023/vnnlib/prop_2.vnnlib,19.136565333,sat,13.643681870
acasxu_2023,vnncomp2024_benchmarks/benchmarks/acasxu_2023/onnx/ACASXU_run2a_4_9_batch_2000.onnx,vnncomp2024_benchmarks/benchmarks/acasxu_2023/vnnlib/prop_2.vnnlib,21.531015418,sat,12.357445713
acasxu_2023,vnncomp2024_benchmarks/benchmarks/acasxu_2023/onnx/ACASXU_run2a_5_1_batch_2000.onnx,vnncomp2024_benchmarks/benchmarks/acasxu_2023/vnnlib/prop_2.vnnlib,19.433025325,sat,11.454557103
acasxu_2023,vnncomp2024_benchmarks/benchmarks/acasxu_2023/onnx/ACASXU_run2a_5_2_batch_2000.onnx,vnncomp2024_benchmarks/benchmarks/acasxu_2023/vnnlib/prop_2.vnnlib,19.184905921,sat,13.518680026
acasxu_2023,vnncomp2024_benchmarks/benchmarks/acasxu_2023/onnx/ACASXU_run2a_5_3_batch_2000.onnx,vnncomp2024_benchmarks/benchmarks/acasxu_2023/vnnlib/prop_2.vnnlib,21.516054982,unknown,127.639816517
acasxu_2023,vnncomp2024_benchmarks/benchmarks/acasxu_2023/onnx/ACASXU_run2a_5_4_batch_2000.onnx,vnncomp2024_benchmarks/benchmarks/acasxu_2023/vnnlib/prop_2.vnnlib,18.350537844,sat,11.336110544
acasxu_2023,vnncomp2024_benchmarks/benchmarks/acasxu_2023/onnx/ACASXU_run2a_5_5_batch_2000.onnx,vnncomp2024_benchmarks/benchmarks/acasxu_2023/vnnlib/prop_2.vnnlib,19.190995516,sat,11.546388660
acasxu_2023,vnncomp2024_benchmarks/benchmarks/acasxu_2023/onnx/ACASXU_run2a_5_6_batch_2000.onnx,vnncomp2024_benchmarks/benchmarks/acasxu_2023/vnnlib/prop_2.vnnlib,21.937156282,sat,12.498563730
acasxu_2023,vnncomp2024_benchmarks/benchmarks/acasxu_2023/onnx/ACASXU_run2a_5_7_batch_2000.onnx,vnncomp2024_benchmarks/benchmarks/acasxu_2023/vnnlib/prop_2.vnnlib,19.450034176,sat,12.322868175
acasxu_2023,vnncomp2024_benchmarks/benchmarks/acasxu_2023/onnx/ACASXU_run2a_5_8_batch_2000.onnx,vnncomp2024_benchmarks/benchmarks/acasxu_2023/vnnlib/prop_2.vnnlib,19.080653127,sat,13.450735227
acasxu_2023,vnncomp2024_benchmarks/benchmarks/acasxu_2023/onnx/ACASXU_run2a_5_9_batch_2000.onnx,vnncomp2024_benchmarks/benchmarks/acasxu_2023/vnnlib/prop_2.vnnlib,19.177493358,sat,12.364023081
acasxu_2023,vnncomp2024_benchmarks/benchmarks/acasxu_2023/onnx/ACASXU_run2a_1_1_batch_2000.onnx,vnncomp2024_benchmarks/benchmarks/acasxu_2023/vnnlib/prop_3.vnnlib,18.896059226,unsat,12.990407793
acasxu_2023,vnncomp2024_benchmarks/benchmarks/acasxu_2023/onnx/ACASXU_run2a_1_2_batch_2000.onnx,vnncomp2024_benchmarks/benchmarks/acasxu_2023/vnnlib/prop_3.vnnlib,19.364694697,unsat,12.189553644
acasxu_2023,vnncomp2024_benchmarks/benchmarks/acasxu_2023/onnx/ACASXU_run2a_1_3_batch_2000.onnx,vnncomp2024_benchmarks/benchmarks/acasxu_2023/vnnlib/prop_3.vnnlib,19.163093711,unknown,126.825827646
acasxu_2023,vnncomp2024_benchmarks/benchmarks/acasxu_2023/onnx/ACASXU_run2a_1_4_batch_2000.onnx,vnncomp2024_benchmarks/benchmarks/acasxu_2023/vnnlib/prop_3.vnnlib,18.701411818,unsat,12.543890861
acasxu_2023,vnncomp2024_benchmarks/benchmarks/acasxu_2023/onnx/ACASXU_run2a_1_5_batch_2000.onnx,vnncomp2024_benchmarks/benchmarks/acasxu_2023/vnnlib/prop_3.vnnlib,18.943382115,unsat,11.216459870
acasxu_2023,vnncomp2024_benchmarks/benchmarks/acasxu_2023/onnx/ACASXU_run2a_1_6_batch_2000.onnx,vnncomp2024_benchmarks/benchmarks/acasxu_2023/vnnlib/prop_3.vnnlib,18.863432804,unsat,12.178512592
acasxu_2023,vnncomp2024_benchmarks/benchmarks/acasxu_2023/onnx/ACASXU_run2a_1_7_batch_2000.onnx,vnncomp2024_benchmarks/benchmarks/acasxu_2023/vnnlib/prop_3.vnnlib,22.164679343,sat,11.990868938
acasxu_2023,vnncomp2024_benchmarks/benchmarks/acasxu_2023/onnx/ACASXU_run2a_1_8_batch_2000.onnx,vnncomp2024_benchmarks/benchmarks/acasxu_2023/vnnlib/prop_3.vnnlib,18.900230394,sat,11.836982140
acasxu_2023,vnncomp2024_benchmarks/benchmarks/acasxu_2023/onnx/ACASXU_run2a_1_9_batch_2000.onnx,vnncomp2024_benchmarks/benchmarks/acasxu_2023/vnnlib/prop_3.vnnlib,22.149880726,sat,11.903404806
acasxu_2023,vnncomp2024_benchmarks/benchmarks/acasxu_2023/onnx/ACASXU_run2a_2_1_batch_2000.onnx,vnncomp2024_benchmarks/benchmarks/acasxu_2023/vnnlib/prop_3.vnnlib,21.203714267,unsat,11.192070316
acasxu_2023,vnncomp2024_benchmarks/benchmarks/acasxu_2023/onnx/ACASXU_run2a_2_2_batch_2000.onnx,vnncomp2024_benchmarks/benchmarks/acasxu_2023/vnnlib/prop_3.vnnlib,19.110090408,unsat,11.451636509
acasxu_2023,vnncomp2024_benchmarks/benchmarks/acasxu_2023/onnx/ACASXU_run2a_2_3_batch_2000.onnx,vnncomp2024_benchmarks/benchmarks/acasxu_2023/vnnlib/prop_3.vnnlib,19.242399790,unsat,14.264317352
acasxu_2023,vnncomp2024_benchmarks/benchmarks/acasxu_2023/onnx/ACASXU_run2a_2_4_batch_2000.onnx,vnncomp2024_benchmarks/benchmarks/acasxu_2023/vnnlib/prop_3.vnnlib,19.225450625,unsat,13.461070957
acasxu_2023,vnncomp2024_benchmarks/benchmarks/acasxu_2023/onnx/ACASXU_run2a_2_5_batch_2000.onnx,vnncomp2024_benchmarks/benchmarks/acasxu_2023/vnnlib/prop_3.vnnlib,18.920205992,unsat,13.647965752
acasxu_2023,vnncomp2024_benchmarks/benchmarks/acasxu_2023/onnx/ACASXU_run2a_2_6_batch_2000.onnx,vnncomp2024_benchmarks/benchmarks/acasxu_2023/vnnlib/prop_3.vnnlib,22.137839365,unsat,13.766644332
acasxu_2023,vnncomp2024_benchmarks/benchmarks/acasxu_2023/onnx/ACASXU_run2a_2_7_batch_2000.onnx,vnncomp2024_benchmarks/benchmarks/acasxu_2023/vnnlib/prop_3.vnnlib,19.105653023,unsat,13.514844245
acasxu_2023,vnncomp2024_benchmarks/benchmarks/acasxu_2023/onnx/ACASXU_run2a_2_8_batch_2000.onnx,vnncomp2024_benchmarks/benchmarks/acasxu_2023/vnnlib/prop_3.vnnlib,22.107259612,unsat,11.101369871
acasxu_2023,vnncomp2024_benchmarks/benchmarks/acasxu_2023/onnx/ACASXU_run2a_2_9_batch_2000.onnx,vnncomp2024_benchmarks/benchmarks/acasxu_2023/vnnlib/prop_3.vnnlib,18.772231907,unsat,12.165944827
acasxu_2023,vnncomp2024_benchmarks/benchmarks/acasxu_2023/onnx/ACASXU_run2a_3_1_batch_2000.onnx,vnncomp2024_benchmarks/benchmarks/acasxu_2023/vnnlib/prop_3.vnnlib,22.134911232,unsat,12.812277211
acasxu_2023,vnncomp2024_benchmarks/benchmarks/acasxu_2023/onnx/ACASXU_run2a_3_2_batch_2000.onnx,vnncomp2024_benchmarks/benchmarks/acasxu_2023/vnnlib/prop_3.vnnlib,18.885454709,unsat,13.753915239
acasxu_2023,vnncomp2024_benchmarks/benchmarks/acasxu_2023/onnx/ACASXU_run2a_3_3_batch_2000.onnx,vnncomp2024_benchmarks/benchmarks/acasxu_2023/vnnlib/prop_3.vnnlib,22.198683329,unsat,14.146529212
acasxu_2023,vnncomp2024_benchmarks/benchmarks/acasxu_2023/onnx/ACASXU_run2a_3_4_batch_2000.onnx,vnncomp2024_benchmarks/benchmarks/acasxu_2023/vnnlib/prop_3.vnnlib,18.924842035,unsat,12.531996448
acasxu_2023,vnncomp2024_benchmarks/benchmarks/acasxu_2023/onnx/ACASXU_run2a_3_5_batch_2000.onnx,vnncomp2024_benchmarks/benchmarks/acasxu_2023/vnnlib/prop_3.vnnlib,21.585025199,unsat,11.385836156
acasxu_2023,vnncomp2024_benchmarks/benchmarks/acasxu_2023/onnx/ACASXU_run2a_3_6_batch_2000.onnx,vnncomp2024_benchmarks/benchmarks/acasxu_2023/vnnlib/prop_3.vnnlib,19.051336249,unsat,13.609584072
acasxu_2023,vnncomp2024_benchmarks/benchmarks/acasxu_2023/onnx/ACASXU_run2a_3_7_batch_2000.onnx,vnncomp2024_benchmarks/benchmarks/acasxu_2023/vnnlib/prop_3.vnnlib,18.863711037,unsat,12.462802887
acasxu_2023,vnncomp2024_benchmarks/benchmarks/acasxu_2023/onnx/ACASXU_run2a_3_8_batch_2000.onnx,vnncomp2024_benchmarks/benchmarks/acasxu_2023/vnnlib/prop_3.vnnlib,19.162624883,unsat,12.623330867
acasxu_2023,vnncomp2024_benchmarks/benchmarks/acasxu_2023/onnx/ACASXU_run2a_3_9_batch_2000.onnx,vnncomp2024_benchmarks/benchmarks/acasxu_2023/vnnlib/prop_3.vnnlib,18.790323094,unsat,12.366102427
acasxu_2023,vnncomp2024_benchmarks/benchmarks/acasxu_2023/onnx/ACASXU_run2a_4_1_batch_2000.onnx,vnncomp2024_benchmarks/benchmarks/acasxu_2023/vnnlib/prop_3.vnnlib,19.115898205,unsat,12.406350987
acasxu_2023,vnncomp2024_benchmarks/benchmarks/acasxu_2023/onnx/ACASXU_run2a_4_2_batch_2000.onnx,vnncomp2024_benchmarks/benchmarks/acasxu_2023/vnnlib/prop_3.vnnlib,19.182237914,unsat,12.761418805
acasxu_2023,vnncomp2024_benchmarks/benchmarks/acasxu_2023/onnx/ACASXU_run2a_4_3_batch_2000.onnx,vnncomp2024_benchmarks/benchmarks/acasxu_2023/vnnlib/prop_3.vnnlib,19.416387879,unsat,13.009002350
acasxu_2023,vnncomp2024_benchmarks/benchmarks/acasxu_2023/onnx/ACASXU_run2a_4_4_batch_2000.onnx,vnncomp2024_benchmarks/benchmarks/acasxu_2023/vnnlib/prop_3.vnnlib,19.113563316,unsat,12.406657730
acasxu_2023,vnncomp2024_benchmarks/benchmarks/acasxu_2023/onnx/ACASXU_run2a_4_5_batch_2000.onnx,vnncomp2024_benchmarks/benchmarks/acasxu_2023/vnnlib/prop_3.vnnlib,19.230292493,unsat,12.600417934
acasxu_2023,vnncomp2024_benchmarks/benchmarks/acasxu_2023/onnx/ACASXU_run2a_4_6_batch_2000.onnx,vnncomp2024_benchmarks/benchmarks/acasxu_2023/vnnlib/prop_3.vnnlib,22.222891655,unsat,12.592022874
acasxu_2023,vnncomp2024_benchmarks/benchmarks/acasxu_2023/onnx/ACASXU_run2a_4_7_batch_2000.onnx,vnncomp2024_benchmarks/benchmarks/acasxu_2023/vnnlib/prop_3.vnnlib,21.493803028,unsat,12.178179939
acasxu_2023,vnncomp2024_benchmarks/benchmarks/acasxu_2023/onnx/ACASXU_run2a_4_8_batch_2000.onnx,vnncomp2024_benchmarks/benchmarks/acasxu_2023/vnnlib/prop_3.vnnlib,22.215431577,unsat,12.074620621
acasxu_2023,vnncomp2024_benchmarks/benchmarks/acasxu_2023/onnx/ACASXU_run2a_4_9_batch_2000.onnx,vnncomp2024_benchmarks/benchmarks/acasxu_2023/vnnlib/prop_3.vnnlib,19.109280265,unsat,13.139273195
acasxu_2023,vnncomp2024_benchmarks/benchmarks/acasxu_2023/onnx/ACASXU_run2a_5_1_batch_2000.onnx,vnncomp2024_benchmarks/benchmarks/acasxu_2023/vnnlib/prop_3.vnnlib,22.149105693,unsat,12.621742961
acasxu_2023,vnncomp2024_benchmarks/benchmarks/acasxu_2023/onnx/ACASXU_run2a_5_2_batch_2000.onnx,vnncomp2024_benchmarks/benchmarks/acasxu_2023/vnnlib/prop_3.vnnlib,21.951632863,unsat,11.447943170
acasxu_2023,vnncomp2024_benchmarks/benchmarks/acasxu_2023/onnx/ACASXU_run2a_5_3_batch_2000.onnx,vnncomp2024_benchmarks/benchmarks/acasxu_2023/vnnlib/prop_3.vnnlib,19.114095294,unsat,13.880604635
acasxu_2023,vnncomp2024_benchmarks/benchmarks/acasxu_2023/onnx/ACASXU_run2a_5_4_batch_2000.onnx,vnncomp2024_benchmarks/benchmarks/acasxu_2023/vnnlib/prop_3.vnnlib,19.181302876,unsat,12.445417638
acasxu_2023,vnncomp2024_benchmarks/benchmarks/acasxu_2023/onnx/ACASXU_run2a_5_5_batch_2000.onnx,vnncomp2024_benchmarks/benchmarks/acasxu_2023/vnnlib/prop_3.vnnlib,18.890030127,unsat,11.223634675
acasxu_2023,vnncomp2024_benchmarks/benchmarks/acasxu_2023/onnx/ACASXU_run2a_5_6_batch_2000.onnx,vnncomp2024_benchmarks/benchmarks/acasxu_2023/vnnlib/prop_3.vnnlib,18.842015645,unsat,11.359172116
acasxu_2023,vnncomp2024_benchmarks/benchmarks/acasxu_2023/onnx/ACASXU_run2a_5_7_batch_2000.onnx,vnncomp2024_benchmarks/benchmarks/acasxu_2023/vnnlib/prop_3.vnnlib,19.178956028,unsat,12.458277500
acasxu_2023,vnncomp2024_benchmarks/benchmarks/acasxu_2023/onnx/ACASXU_run2a_5_8_batch_2000.onnx,vnncomp2024_benchmarks/benchmarks/acasxu_2023/vnnlib/prop_3.vnnlib,19.177700418,unsat,12.497458410
acasxu_2023,vnncomp2024_benchmarks/benchmarks/acasxu_2023/onnx/ACASXU_run2a_5_9_batch_2000.onnx,vnncomp2024_benchmarks/benchmarks/acasxu_2023/vnnlib/prop_3.vnnlib,18.983183405,unsat,13.638972074
acasxu_2023,vnncomp2024_benchmarks/benchmarks/acasxu_2023/onnx/ACASXU_run2a_1_1_batch_2000.onnx,vnncomp2024_benchmarks/benchmarks/acasxu_2023/vnnlib/prop_4.vnnlib,19.379555262,unsat,19.537112137
acasxu_2023,vnncomp2024_benchmarks/benchmarks/acasxu_2023/onnx/ACASXU_run2a_1_2_batch_2000.onnx,vnncomp2024_benchmarks/benchmarks/acasxu_2023/vnnlib/prop_4.vnnlib,18.983252471,unsat,13.135452058
acasxu_2023,vnncomp2024_benchmarks/benchmarks/acasxu_2023/onnx/ACASXU_run2a_1_3_batch_2000.onnx,vnncomp2024_benchmarks/benchmarks/acasxu_2023/vnnlib/prop_4.vnnlib,21.327981628,unsat,13.182217907
acasxu_2023,vnncomp2024_benchmarks/benchmarks/acasxu_2023/onnx/ACASXU_run2a_1_4_batch_2000.onnx,vnncomp2024_benchmarks/benchmarks/acasxu_2023/vnnlib/prop_4.vnnlib,21.822408569,unsat,11.508762577
acasxu_2023,vnncomp2024_benchmarks/benchmarks/acasxu_2023/onnx/ACASXU_run2a_1_5_batch_2000.onnx,vnncomp2024_benchmarks/benchmarks/acasxu_2023/vnnlib/prop_4.vnnlib,19.130465488,unsat,12.467132453
acasxu_2023,vnncomp2024_benchmarks/benchmarks/acasxu_2023/onnx/ACASXU_run2a_1_6_batch_2000.onnx,vnncomp2024_benchmarks/benchmarks/acasxu_2023/vnnlib/prop_4.vnnlib,22.238323989,unsat,12.514499055
acasxu_2023,vnncomp2024_benchmarks/benchmarks/acasxu_2023/onnx/ACASXU_run2a_1_7_batch_2000.onnx,vnncomp2024_benchmarks/benchmarks/acasxu_2023/vnnlib/prop_4.vnnlib,22.245146674,sat,13.096234769
acasxu_2023,vnncomp2024_benchmarks/benchmarks/acasxu_2023/onnx/ACASXU_run2a_1_8_batch_2000.onnx,vnncomp2024_benchmarks/benchmarks/acasxu_2023/vnnlib/prop_4.vnnlib,18.953104865,sat,11.842117102
acasxu_2023,vnncomp2024_benchmarks/benchmarks/acasxu_2023/onnx/ACASXU_run2a_1_9_batch_2000.onnx,vnncomp2024_benchmarks/benchmarks/acasxu_2023/vnnlib/prop_4.vnnlib,19.153510354,sat,13.114874834
acasxu_2023,vnncomp2024_benchmarks/benchmarks/acasxu_2023/onnx/ACASXU_run2a_2_1_batch_2000.onnx,vnncomp2024_benchmarks/benchmarks/acasxu_2023/vnnlib/prop_4.vnnlib,19.119962758,unsat,11.450368348
acasxu_2023,vnncomp2024_benchmarks/benchmarks/acasxu_2023/onnx/ACASXU_run2a_2_2_batch_2000.onnx,vnncomp2024_benchmarks/benchmarks/acasxu_2023/vnnlib/prop_4.vnnlib,18.849576781,unsat,11.417577514
acasxu_2023,vnncomp2024_benchmarks/benchmarks/acasxu_2023/onnx/ACASXU_run2a_2_3_batch_2000.onnx,vnncomp2024_benchmarks/benchmarks/acasxu_2023/vnnlib/prop_4.vnnlib,19.142313863,unsat,12.419170424
acasxu_2023,vnncomp2024_benchmarks/benchmarks/acasxu_2023/onnx/ACASXU_run2a_2_4_batch_2000.onnx,vnncomp2024_benchmarks/benchmarks/acasxu_2023/vnnlib/prop_4.vnnlib,19.191237222,unsat,12.430631369
acasxu_2023,vnncomp2024_benchmarks/benchmarks/acasxu_2023/onnx/ACASXU_run2a_2_5_batch_2000.onnx,vnncomp2024_benchmarks/benchmarks/acasxu_2023/vnnlib/prop_4.vnnlib,22.381543856,unsat,13.200448375
acasxu_2023,vnncomp2024_benchmarks/benchmarks/acasxu_2023/onnx/ACASXU_run2a_2_6_batch_2000.onnx,vnncomp2024_benchmarks/benchmarks/acasxu_2023/vnnlib/prop_4.vnnlib,19.394312826,unsat,12.749564544
acasxu_2023,vnncomp2024_benchmarks/benchmarks/acasxu_2023/onnx/ACASXU_run2a_2_7_batch_2000.onnx,vnncomp2024_benchmarks/benchmarks/acasxu_2023/vnnlib/prop_4.vnnlib,19.131862652,unsat,12.303078132
acasxu_2023,vnncomp2024_benchmarks/benchmarks/acasxu_2023/onnx/ACASXU_run2a_2_8_batch_2000.onnx,vnncomp2024_benchmarks/benchmarks/acasxu_2023/vnnlib/prop_4.vnnlib,22.342910011,unsat,12.368940624
acasxu_2023,vnncomp2024_benchmarks/benchmarks/acasxu_2023/onnx/ACASXU_run2a_2_9_batch_2000.onnx,vnncomp2024_benchmarks/benchmarks/acasxu_2023/vnnlib/prop_4.vnnlib,21.260370875,unsat,12.340560936
acasxu_2023,vnncomp2024_benchmarks/benchmarks/acasxu_2023/onnx/ACASXU_run2a_3_1_batch_2000.onnx,vnncomp2024_benchmarks/benchmarks/acasxu_2023/vnnlib/prop_4.vnnlib,21.772851721,unsat,13.072105601
acasxu_2023,vnncomp2024_benchmarks/benchmarks/acasxu_2023/onnx/ACASXU_run2a_3_2_batch_2000.onnx,vnncomp2024_benchmarks/benchmarks/acasxu_2023/vnnlib/prop_4.vnnlib,19.240934432,unsat,12.165800282
acasxu_2023,vnncomp2024_benchmarks/benchmarks/acasxu_2023/onnx/ACASXU_run2a_3_3_batch_2000.onnx,vnncomp2024_benchmarks/benchmarks/acasxu_2023/vnnlib/prop_4.vnnlib,19.132191806,unsat,12.373059700
acasxu_2023,vnncomp2024_benchmarks/benchmarks/acasxu_2023/onnx/ACASXU_run2a_3_4_batch_2000.onnx,vnncomp2024_benchmarks/benchmarks/acasxu_2023/vnnlib/prop_4.vnnlib,19.174689005,unsat,12.189662406
acasxu_2023,vnncomp2024_benchmarks/benchmarks/acasxu_2023/onnx/ACASXU_run2a_3_5_batch_2000.onnx,vnncomp2024_benchmarks/benchmarks/acasxu_2023/vnnlib/prop_4.vnnlib,18.969166073,unsat,13.851752437
acasxu_2023,vnncomp2024_benchmarks/benchmarks/acasxu_2023/onnx/ACASXU_run2a_3_6_batch_2000.onnx,vnncomp2024_benchmarks/benchmarks/acasxu_2023/vnnlib/prop_4.vnnlib,18.879257321,unsat,12.353984301
acasxu_2023,vnncomp2024_benchmarks/benchmarks/acasxu_2023/onnx/ACASXU_run2a_3_7_batch_2000.onnx,vnncomp2024_benchmarks/benchmarks/acasxu_2023/vnnlib/prop_4.vnnlib,19.339078563,unsat,11.214725632
acasxu_2023,vnncomp2024_benchmarks/benchmarks/acasxu_2023/onnx/ACASXU_run2a_3_8_batch_2000.onnx,vnncomp2024_benchmarks/benchmarks/acasxu_2023/vnnlib/prop_4.vnnlib,19.145356945,unsat,11.402986382
acasxu_2023,vnncomp2024_benchmarks/benchmarks/acasxu_2023/onnx/ACASXU_run2a_3_9_batch_2000.onnx,vnncomp2024_benchmarks/benchmarks/acasxu_2023/vnnlib/prop_4.vnnlib,22.286002621,unsat,12.349685411
acasxu_2023,vnncomp2024_benchmarks/benchmarks/acasxu_2023/onnx/ACASXU_run2a_4_1_batch_2000.onnx,vnncomp2024_benchmarks/benchmarks/acasxu_2023/vnnlib/prop_4.vnnlib,19.088083209,unsat,11.187132336
acasxu_2023,vnncomp2024_benchmarks/benchmarks/acasxu_2023/onnx/ACASXU_run2a_4_2_batch_2000.onnx,vnncomp2024_benchmarks/benchmarks/acasxu_2023/vnnlib/prop_4.vnnlib,19.209428672,unsat,12.423970615
acasxu_2023,vnncomp2024_benchmarks/benchmarks/acasxu_2023/onnx/ACASXU_run2a_4_3_batch_2000.onnx,vnncomp2024_benchmarks/benchmarks/acasxu_2023/vnnlib/prop_4.vnnlib,21.614331769,unsat,11.525259716
acasxu_2023,vnncomp2024_benchmarks/benchmarks/acasxu_2023/onnx/ACASXU_run2a_4_4_batch_2000.onnx,vnncomp2024_benchmarks/benchmarks/acasxu_2023/vnnlib/prop_4.vnnlib,19.163728629,unsat,11.162450489
acasxu_2023,vnncomp2024_benchmarks/benchmarks/acasxu_2023/onnx/ACASXU_run2a_4_5_batch_2000.onnx,vnncomp2024_benchmarks/benchmarks/acasxu_2023/vnnlib/prop_4.vnnlib,18.770093116,unsat,12.514158124
acasxu_2023,vnncomp2024_benchmarks/benchmarks/acasxu_2023/onnx/ACASXU_run2a_4_6_batch_2000.onnx,vnncomp2024_benchmarks/benchmarks/acasxu_2023/vnnlib/prop_4.vnnlib,22.470623796,unsat,12.328476320
acasxu_2023,vnncomp2024_benchmarks/benchmarks/acasxu_2023/onnx/ACASXU_run2a_4_7_batch_2000.onnx,vnncomp2024_benchmarks/benchmarks/acasxu_2023/vnnlib/prop_4.vnnlib,22.114503969,unsat,13.482990918
acasxu_2023,vnncomp2024_benchmarks/benchmarks/acasxu_2023/onnx/ACASXU_run2a_4_8_batch_2000.onnx,vnncomp2024_benchmarks/benchmarks/acasxu_2023/vnnlib/prop_4.vnnlib,18.810441644,unsat,13.835668743
acasxu_2023,vnncomp2024_benchmarks/benchmarks/acasxu_2023/onnx/ACASXU_run2a_4_9_batch_2000.onnx,vnncomp2024_benchmarks/benchmarks/acasxu_2023/vnnlib/prop_4.vnnlib,19.110632973,unsat,12.717517649
acasxu_2023,vnncomp2024_benchmarks/benchmarks/acasxu_2023/onnx/ACASXU_run2a_5_1_batch_2000.onnx,vnncomp2024_benchmarks/benchmarks/acasxu_2023/vnnlib/prop_4.vnnlib,18.931908292,unsat,12.267901160
acasxu_2023,vnncomp2024_benchmarks/benchmarks/acasxu_2023/onnx/ACASXU_run2a_5_2_batch_2000.onnx,vnncomp2024_benchmarks/benchmarks/acasxu_2023/vnnlib/prop_4.vnnlib,19.437993237,unsat,12.207574135
acasxu_2023,vnncomp2024_benchmarks/benchmarks/acasxu_2023/onnx/ACASXU_run2a_5_3_batch_2000.onnx,vnncomp2024_benchmarks/benchmarks/acasxu_2023/vnnlib/prop_4.vnnlib,19.093505908,unsat,12.481682710
acasxu_2023,vnncomp2024_benchmarks/benchmarks/acasxu_2023/onnx/ACASXU_run2a_5_4_batch_2000.onnx,vnncomp2024_benchmarks/benchmarks/acasxu_2023/vnnlib/prop_4.vnnlib,18.792524956,unsat,12.443582902
acasxu_2023,vnncomp2024_benchmarks/benchmarks/acasxu_2023/onnx/ACASXU_run2a_5_5_batch_2000.onnx,vnncomp2024_benchmarks/benchmarks/acasxu_2023/vnnlib/prop_4.vnnlib,19.276457374,unsat,12.501554303
acasxu_2023,vnncomp2024_benchmarks/benchmarks/acasxu_2023/onnx/ACASXU_run2a_5_6_batch_2000.onnx,vnncomp2024_benchmarks/benchmarks/acasxu_2023/vnnlib/prop_4.vnnlib,18.970903895,unsat,13.743446981
acasxu_2023,vnncomp2024_benchmarks/benchmarks/acasxu_2023/onnx/ACASXU_run2a_5_7_batch_2000.onnx,vnncomp2024_benchmarks/benchmarks/acasxu_2023/vnnlib/prop_4.vnnlib,21.553457206,unsat,13.575372588
acasxu_2023,vnncomp2024_benchmarks/benchmarks/acasxu_2023/onnx/ACASXU_run2a_5_8_batch_2000.onnx,vnncomp2024_benchmarks/benchmarks/acasxu_2023/vnnlib/prop_4.vnnlib,21.313887556,unsat,13.797280665
acasxu_2023,vnncomp2024_benchmarks/benchmarks/acasxu_2023/onnx/ACASXU_run2a_5_9_batch_2000.onnx,vnncomp2024_benchmarks/benchmarks/acasxu_2023/vnnlib/prop_4.vnnlib,18.900557662,unsat,11.425386693
acasxu_2023,vnncomp2024_benchmarks/benchmarks/acasxu_2023/onnx/ACASXU_run2a_1_1_batch_2000.onnx,vnncomp2024_benchmarks/benchmarks/acasxu_2023/vnnlib/prop_5.vnnlib,26.276292374,unknown,126.541887280
acasxu_2023,vnncomp2024_benchmarks/benchmarks/acasxu_2023/onnx/ACASXU_run2a_1_1_batch_2000.onnx,vnncomp2024_benchmarks/benchmarks/acasxu_2023/vnnlib/prop_6.vnnlib,21.897707204,unsat,12.978419263
acasxu_2023,vnncomp2024_benchmarks/benchmarks/acasxu_2023/onnx/ACASXU_run2a_1_9_batch_2000.onnx,vnncomp2024_benchmarks/benchmarks/acasxu_2023/vnnlib/prop_7.vnnlib,29.357857066,unknown,10.652815927
acasxu_2023,vnncomp2024_benchmarks/benchmarks/acasxu_2023/onnx/ACASXU_run2a_2_9_batch_2000.onnx,vnncomp2024_benchmarks/benchmarks/acasxu_2023/vnnlib/prop_8.vnnlib,174.644369607,unknown,11.493203552
acasxu_2023,vnncomp2024_benchmarks/benchmarks/acasxu_2023/onnx/ACASXU_run2a_3_3_batch_2000.onnx,vnncomp2024_benchmarks/benchmarks/acasxu_2023/vnnlib/prop_9.vnnlib,21.384385048,unknown,127.829738744
acasxu_2023,vnncomp2024_benchmarks/benchmarks/acasxu_2023/onnx/ACASXU_run2a_4_5_batch_2000.onnx,vnncomp2024_benchmarks/benchmarks/acasxu_2023/vnnlib/prop_10.vnnlib,21.078131272,unsat,12.263624747
acasxu_2023,vnncomp2024_benchmarks/benchmarks/test/test_nano.onnx,vnncomp2024_benchmarks/benchmarks/test/test_nano.vnnlib,15.067826733,unsat,13.491548008
cifar100,vnncomp2024_benchmarks/benchmarks/cifar100/CIFAR100_resnet_medium.onnx,vnncomp2024_benchmarks/benchmarks/cifar100/CIFAR100_resnet_medium_prop_idx_2902_sidx_1664_eps_0.0039.vnnlib,10.736186067,unknown,13.233993195
cifar100,vnncomp2024_benchmarks/benchmarks/cifar100/CIFAR100_resnet_medium.onnx,vnncomp2024_benchmarks/benchmarks/cifar100/CIFAR100_resnet_medium_prop_idx_8867_sidx_6022_eps_0.0039.vnnlib,10.844283248,unknown,10.774363664
cifar100,vnncomp2024_benchmarks/benchmarks/cifar100/CIFAR100_resnet_medium.onnx,vnncomp2024_benchmarks/benchmarks/cifar100/CIFAR100_resnet_medium_prop_idx_5501_sidx_4625_eps_0.0039.vnnlib,11.059374268,unknown,11.023912237
cifar100,vnncomp2024_benchmarks/benchmarks/cifar100/CIFAR100_resnet_medium.onnx,vnncomp2024_benchmarks/benchmarks/cifar100/CIFAR100_resnet_medium_prop_idx_3693_sidx_3405_eps_0.0039.vnnlib,12.490510135,unknown,10.759994159
cifar100,vnncomp2024_benchmarks/benchmarks/cifar100/CIFAR100_resnet_medium.onnx,vnncomp2024_benchmarks/benchmarks/cifar100/CIFAR100_resnet_medium_prop_idx_4894_sidx_4463_eps_0.0039.vnnlib,11.328848598,unknown,12.210158898
cifar100,vnncomp2024_benchmarks/benchmarks/cifar100/CIFAR100_resnet_medium.onnx,vnncomp2024_benchmarks/benchmarks/cifar100/CIFAR100_resnet_medium_prop_idx_6808_sidx_4725_eps_0.0039.vnnlib,12.472283381,unknown,12.380141076
cifar100,vnncomp2024_benchmarks/benchmarks/cifar100/CIFAR100_resnet_medium.onnx,vnncomp2024_benchmarks/benchmarks/cifar100/CIFAR100_resnet_medium_prop_idx_2016_sidx_527_eps_0.0039.vnnlib,11.220089165,unknown,10.890498524
cifar100,vnncomp2024_benchmarks/benchmarks/cifar100/CIFAR100_resnet_medium.onnx,vnncomp2024_benchmarks/benchmarks/cifar100/CIFAR100_resnet_medium_prop_idx_9942_sidx_5255_eps_0.0039.vnnlib,10.998586830,unknown,10.885437602
cifar100,vnncomp2024_benchmarks/benchmarks/cifar100/CIFAR100_resnet_medium.onnx,vnncomp2024_benchmarks/benchmarks/cifar100/CIFAR100_resnet_medium_prop_idx_8229_sidx_5253_eps_0.0039.vnnlib,10.845792700,unknown,11.021941392
cifar100,vnncomp2024_benchmarks/benchmarks/cifar100/CIFAR100_resnet_medium.onnx,vnncomp2024_benchmarks/benchmarks/cifar100/CIFAR100_resnet_medium_prop_idx_6448_sidx_4171_eps_0.0039.vnnlib,11.074716955,unknown,12.236886510
cifar100,vnncomp2024_benchmarks/benchmarks/cifar100/CIFAR100_resnet_medium.onnx,vnncomp2024_benchmarks/benchmarks/cifar100/CIFAR100_resnet_medium_prop_idx_5877_sidx_8528_eps_0.0039.vnnlib,11.156611244,unknown,12.161894432
cifar100,vnncomp2024_benchmarks/benchmarks/cifar100/CIFAR100_resnet_medium.onnx,vnncomp2024_benchmarks/benchmarks/cifar100/CIFAR100_resnet_medium_prop_idx_1038_sidx_1179_eps_0.0039.vnnlib,11.098026901,unknown,10.883712981
cifar100,vnncomp2024_benchmarks/benchmarks/cifar100/CIFAR100_resnet_medium.onnx,vnncomp2024_benchmarks/benchmarks/cifar100/CIFAR100_resnet_medium_prop_idx_3060_sidx_348_eps_0.0039.vnnlib,11.249911500,unknown,11.112262769
cifar100,vnncomp2024_benchmarks/benchmarks/cifar100/CIFAR100_resnet_medium.onnx,vnncomp2024_benchmarks/benchmarks/cifar100/CIFAR100_resnet_medium_prop_idx_7261_sidx_1162_eps_0.0039.vnnlib,11.075902355,unknown,10.996227781
cifar100,vnncomp2024_benchmarks/benchmarks/cifar100/CIFAR100_resnet_medium.onnx,vnncomp2024_benchmarks/benchmarks/cifar100/CIFAR100_resnet_medium_prop_idx_8522_sidx_409_eps_0.0039.vnnlib,11.301158408,unknown,10.980941770
cifar100,vnncomp2024_benchmarks/benchmarks/cifar100/CIFAR100_resnet_medium.onnx,vnncomp2024_benchmarks/benchmarks/cifar100/CIFAR100_resnet_medium_prop_idx_9982_sidx_2760_eps_0.0039.vnnlib,12.439198644,unknown,10.746047067
cifar100,vnncomp2024_benchmarks/benchmarks/cifar100/CIFAR100_resnet_medium.onnx,vnncomp2024_benchmarks/benchmarks/cifar100/CIFAR100_resnet_medium_prop_idx_8610_sidx_991_eps_0.0039.vnnlib,11.124531967,unknown,11.960623485
cifar100,vnncomp2024_benchmarks/benchmarks/cifar100/CIFAR100_resnet_medium.onnx,vnncomp2024_benchmarks/benchmarks/cifar100/CIFAR100_resnet_medium_prop_idx_8486_sidx_4768_eps_0.0039.vnnlib,11.365692808,unknown,11.068502317
cifar100,vnncomp2024_benchmarks/benchmarks/cifar100/CIFAR100_resnet_medium.onnx,vnncomp2024_benchmarks/benchmarks/cifar100/CIFAR100_resnet_medium_prop_idx_2314_sidx_9396_eps_0.0039.vnnlib,12.122687680,unknown,11.127096372
cifar100,vnncomp2024_benchmarks/benchmarks/cifar100/CIFAR100_resnet_medium.onnx,vnncomp2024_benchmarks/benchmarks/cifar100/CIFAR100_resnet_medium_prop_idx_3370_sidx_9928_eps_0.0039.vnnlib,12.413341676,unknown,11.179354376
cifar100,vnncomp2024_benchmarks/benchmarks/cifar100/CIFAR100_resnet_medium.onnx,vnncomp2024_benchmarks/benchmarks/cifar100/CIFAR100_resnet_medium_prop_idx_2512_sidx_3759_eps_0.0039.vnnlib,10.988529154,unknown,10.659005989
cifar100,vnncomp2024_benchmarks/benchmarks/cifar100/CIFAR100_resnet_medium.onnx,vnncomp2024_benchmarks/benchmarks/cifar100/CIFAR100_resnet_medium_prop_idx_6880_sidx_8758_eps_0.0039.vnnlib,11.005364578,unknown,10.972053293
cifar100,vnncomp2024_benchmarks/benchmarks/cifar100/CIFAR100_resnet_medium.onnx,vnncomp2024_benchmarks/benchmarks/cifar100/CIFAR100_resnet_medium_prop_idx_5612_sidx_3144_eps_0.0039.vnnlib,11.123686202,unknown,11.014898608
cifar100,vnncomp2024_benchmarks/benchmarks/cifar100/CIFAR100_resnet_medium.onnx,vnncomp2024_benchmarks/benchmarks/cifar100/CIFAR100_resnet_medium_prop_idx_2238_sidx_4175_eps_0.0039.vnnlib,10.948694997,unknown,10.767982456
cifar100,vnncomp2024_benchmarks/benchmarks/cifar100/CIFAR100_resnet_medium.onnx,vnncomp2024_benchmarks/benchmarks/cifar100/CIFAR100_resnet_medium_prop_idx_7013_sidx_3954_eps_0.0039.vnnlib,11.539139151,unknown,10.834711505
cifar100,vnncomp2024_benchmarks/benchmarks/cifar100/CIFAR100_resnet_medium.onnx,vnncomp2024_benchmarks/benchmarks/cifar100/CIFAR100_resnet_medium_prop_idx_7555_sidx_6302_eps_0.0039.vnnlib,11.165089528,unknown,10.929684185
cifar100,vnncomp2024_benchmarks/benchmarks/cifar100/CIFAR100_resnet_medium.onnx,vnncomp2024_benchmarks/benchmarks/cifar100/CIFAR100_resnet_medium_prop_idx_770_sidx_514_eps_0.0039.vnnlib,11.379071333,unknown,10.833100523
cifar100,vnncomp2024_benchmarks/benchmarks/cifar100/CIFAR100_resnet_medium.onnx,vnncomp2024_benchmarks/benchmarks/cifar100/CIFAR100_resnet_medium_prop_idx_8968_sidx_5366_eps_0.0039.vnnlib,11.159492163,unknown,11.946595123
cifar100,vnncomp2024_benchmarks/benchmarks/cifar100/CIFAR100_resnet_medium.onnx,vnncomp2024_benchmarks/benchmarks/cifar100/CIFAR100_resnet_medium_prop_idx_5123_sidx_9175_eps_0.0039.vnnlib,12.346012930,unknown,11.015455317
cifar100,vnncomp2024_benchmarks/benchmarks/cifar100/CIFAR100_resnet_medium.onnx,vnncomp2024_benchmarks/benchmarks/cifar100/CIFAR100_resnet_medium_prop_idx_8226_sidx_9553_eps_0.0039.vnnlib,11.440166099,unknown,10.823250917
cifar100,vnncomp2024_benchmarks/benchmarks/cifar100/CIFAR100_resnet_medium.onnx,vnncomp2024_benchmarks/benchmarks/cifar100/CIFAR100_resnet_medium_prop_idx_6457_sidx_9737_eps_0.0039.vnnlib,11.162997570,unknown,10.738604454
cifar100,vnncomp2024_benchmarks/benchmarks/cifar100/CIFAR100_resnet_medium.onnx,vnncomp2024_benchmarks/benchmarks/cifar100/CIFAR100_resnet_medium_prop_idx_8012_sidx_5910_eps_0.0039.vnnlib,11.010999423,unknown,10.782205519
cifar100,vnncomp2024_benchmarks/benchmarks/cifar100/CIFAR100_resnet_medium.onnx,vnncomp2024_benchmarks/benchmarks/cifar100/CIFAR100_resnet_medium_prop_idx_4838_sidx_4134_eps_0.0039.vnnlib,10.047060907,unknown,11.299369009
cifar100,vnncomp2024_benchmarks/benchmarks/cifar100/CIFAR100_resnet_medium.onnx,vnncomp2024_benchmarks/benchmarks/cifar100/CIFAR100_resnet_medium_prop_idx_6498_sidx_3538_eps_0.0039.vnnlib,11.217629140,unknown,11.053427391
cifar100,vnncomp2024_benchmarks/benchmarks/cifar100/CIFAR100_resnet_medium.onnx,vnncomp2024_benchmarks/benchmarks/cifar100/CIFAR100_resnet_medium_prop_idx_7436_sidx_5742_eps_0.0039.vnnlib,11.425267931,unknown,10.917692686
cifar100,vnncomp2024_benchmarks/benchmarks/cifar100/CIFAR100_resnet_medium.onnx,vnncomp2024_benchmarks/benchmarks/cifar100/CIFAR100_resnet_medium_prop_idx_8924_sidx_7894_eps_0.0039.vnnlib,12.124506726,unknown,11.016192998
cifar100,vnncomp2024_benchmarks/benchmarks/cifar100/CIFAR100_resnet_medium.onnx,vnncomp2024_benchmarks/benchmarks/cifar100/CIFAR100_resnet_medium_prop_idx_5554_sidx_934_eps_0.0039.vnnlib,11.094360602,unknown,11.325542081
cifar100,vnncomp2024_benchmarks/benchmarks/cifar100/CIFAR100_resnet_medium.onnx,vnncomp2024_benchmarks/benchmarks/cifar100/CIFAR100_resnet_medium_prop_idx_767_sidx_8034_eps_0.0039.vnnlib,11.317178513,unknown,11.047226468
cifar100,vnncomp2024_benchmarks/benchmarks/cifar100/CIFAR100_resnet_medium.onnx,vnncomp2024_benchmarks/benchmarks/cifar100/CIFAR100_resnet_medium_prop_idx_3965_sidx_688_eps_0.0039.vnnlib,12.202565541,unknown,12.280816259
cifar100,vnncomp2024_benchmarks/benchmarks/cifar100/CIFAR100_resnet_medium.onnx,vnncomp2024_benchmarks/benchmarks/cifar100/CIFAR100_resnet_medium_prop_idx_6369_sidx_8824_eps_0.0039.vnnlib,11.020850183,unknown,12.183565246
cifar100,vnncomp2024_benchmarks/benchmarks/cifar100/CIFAR100_resnet_medium.onnx,vnncomp2024_benchmarks/benchmarks/cifar100/CIFAR100_resnet_medium_prop_idx_1269_sidx_6741_eps_0.0039.vnnlib,11.086744045,unknown,11.051550071
cifar100,vnncomp2024_benchmarks/benchmarks/cifar100/CIFAR100_resnet_medium.onnx,vnncomp2024_benchmarks/benchmarks/cifar100/CIFAR100_resnet_medium_prop_idx_6156_sidx_1613_eps_0.0039.vnnlib,11.028779846,unknown,10.914705086
cifar100,vnncomp2024_benchmarks/benchmarks/cifar100/CIFAR100_resnet_medium.onnx,vnncomp2024_benchmarks/benchmarks/cifar100/CIFAR100_resnet_medium_prop_idx_7744_sidx_5012_eps_0.0039.vnnlib,10.987598265,unknown,11.026109447
cifar100,vnncomp2024_benchmarks/benchmarks/cifar100/CIFAR100_resnet_medium.onnx,vnncomp2024_benchmarks/benchmarks/cifar100/CIFAR100_resnet_medium_prop_idx_1116_sidx_3703_eps_0.0039.vnnlib,11.374598031,unknown,11.083031730
cifar100,vnncomp2024_benchmarks/benchmarks/cifar100/CIFAR100_resnet_medium.onnx,vnncomp2024_benchmarks/benchmarks/cifar100/CIFAR100_resnet_medium_prop_idx_5074_sidx_7845_eps_0.0039.vnnlib,11.061300525,unknown,12.122996185
cifar100,vnncomp2024_benchmarks/benchmarks/cifar100/CIFAR100_resnet_medium.onnx,vnncomp2024_benchmarks/benchmarks/cifar100/CIFAR100_resnet_medium_prop_idx_1192_sidx_5950_eps_0.0039.vnnlib,11.300855434,unknown,10.962159059
cifar100,vnncomp2024_benchmarks/benchmarks/cifar100/CIFAR100_resnet_medium.onnx,vnncomp2024_benchmarks/benchmarks/cifar100/CIFAR100_resnet_medium_prop_idx_5041_sidx_2011_eps_0.0039.vnnlib,11.315652389,unknown,11.103318883
cifar100,vnncomp2024_benchmarks/benchmarks/cifar100/CIFAR100_resnet_medium.onnx,vnncomp2024_benchmarks/benchmarks/cifar100/CIFAR100_resnet_medium_prop_idx_5857_sidx_1511_eps_0.0039.vnnlib,11.342610926,unknown,11.131174470
cifar100,vnncomp2024_benchmarks/benchmarks/cifar100/CIFAR100_resnet_medium.onnx,vnncomp2024_benchmarks/benchmarks/cifar100/CIFAR100_resnet_medium_prop_idx_7641_sidx_1041_eps_0.0039.vnnlib,12.105870362,unknown,11.065312099
cifar100,vnncomp2024_benchmarks/benchmarks/cifar100/CIFAR100_resnet_medium.onnx,vnncomp2024_benchmarks/benchmarks/cifar100/CIFAR100_resnet_medium_prop_idx_6888_sidx_2488_eps_0.0039.vnnlib,11.100701615,unknown,11.096310661
cifar100,vnncomp2024_benchmarks/benchmarks/cifar100/CIFAR100_resnet_medium.onnx,vnncomp2024_benchmarks/benchmarks/cifar100/CIFAR100_resnet_medium_prop_idx_5842_sidx_2564_eps_0.0039.vnnlib,12.339618840,unknown,12.431274984
cifar100,vnncomp2024_benchmarks/benchmarks/cifar100/CIFAR100_resnet_medium.onnx,vnncomp2024_benchmarks/benchmarks/cifar100/CIFAR100_resnet_medium_prop_idx_9017_sidx_7697_eps_0.0039.vnnlib,12.482092861,unknown,11.038300195
cifar100,vnncomp2024_benchmarks/benchmarks/cifar100/CIFAR100_resnet_medium.onnx,vnncomp2024_benchmarks/benchmarks/cifar100/CIFAR100_resnet_medium_prop_idx_2841_sidx_7801_eps_0.0039.vnnlib,11.147526573,unknown,10.751806244
cifar100,vnncomp2024_benchmarks/benchmarks/cifar100/CIFAR100_resnet_medium.onnx,vnncomp2024_benchmarks/benchmarks/cifar100/CIFAR100_resnet_medium_prop_idx_9255_sidx_3140_eps_0.0039.vnnlib,12.218754046,unknown,12.074559249
cifar100,vnncomp2024_benchmarks/benchmarks/cifar100/CIFAR100_resnet_medium.onnx,vnncomp2024_benchmarks/benchmarks/cifar100/CIFAR100_resnet_medium_prop_idx_2824_sidx_5187_eps_0.0039.vnnlib,12.369844840,unknown,12.062969862
cifar100,vnncomp2024_benchmarks/benchmarks/cifar100/CIFAR100_resnet_medium.onnx,vnncomp2024_benchmarks/benchmarks/cifar100/CIFAR100_resnet_medium_prop_idx_1632_sidx_5115_eps_0.0039.vnnlib,11.000603960,unknown,11.045381594
cifar100,vnncomp2024_benchmarks/benchmarks/cifar100/CIFAR100_resnet_medium.onnx,vnncomp2024_benchmarks/benchmarks/cifar100/CIFAR100_resnet_medium_prop_idx_6583_sidx_8860_eps_0.0039.vnnlib,11.273654747,unknown,11.032211351
cifar100,vnncomp2024_benchmarks/benchmarks/cifar100/CIFAR100_resnet_medium.onnx,vnncomp2024_benchmarks/benchmarks/cifar100/CIFAR100_resnet_medium_prop_idx_7513_sidx_8337_eps_0.0039.vnnlib,11.264554190,unknown,10.676035733
cifar100,vnncomp2024_benchmarks/benchmarks/cifar100/CIFAR100_resnet_medium.onnx,vnncomp2024_benchmarks/benchmarks/cifar100/CIFAR100_resnet_medium_prop_idx_6073_sidx_2731_eps_0.0039.vnnlib,12.203713565,unknown,11.108405565
cifar100,vnncomp2024_benchmarks/benchmarks/cifar100/CIFAR100_resnet_medium.onnx,vnncomp2024_benchmarks/benchmarks/cifar100/CIFAR100_resnet_medium_prop_idx_4864_sidx_1514_eps_0.0039.vnnlib,9.725483470,unknown,11.113129705
cifar100,vnncomp2024_benchmarks/benchmarks/cifar100/CIFAR100_resnet_medium.onnx,vnncomp2024_benchmarks/benchmarks/cifar100/CIFAR100_resnet_medium_prop_idx_3977_sidx_4816_eps_0.0039.vnnlib,11.466037837,unknown,11.324417838
cifar100,vnncomp2024_benchmarks/benchmarks/cifar100/CIFAR100_resnet_medium.onnx,vnncomp2024_benchmarks/benchmarks/cifar100/CIFAR100_resnet_medium_prop_idx_2283_sidx_8165_eps_0.0039.vnnlib,12.343947658,unknown,11.033072756
cifar100,vnncomp2024_benchmarks/benchmarks/cifar100/CIFAR100_resnet_medium.onnx,vnncomp2024_benchmarks/benchmarks/cifar100/CIFAR100_resnet_medium_prop_idx_1823_sidx_2050_eps_0.0039.vnnlib,12.312443391,unknown,11.054958979
cifar100,vnncomp2024_benchmarks/benchmarks/cifar100/CIFAR100_resnet_medium.onnx,vnncomp2024_benchmarks/benchmarks/cifar100/CIFAR100_resnet_medium_prop_idx_6339_sidx_7609_eps_0.0039.vnnlib,10.810728902,unknown,10.780320879
cifar100,vnncomp2024_benchmarks/benchmarks/cifar100/CIFAR100_resnet_medium.onnx,vnncomp2024_benchmarks/benchmarks/cifar100/CIFAR100_resnet_medium_prop_idx_3805_sidx_6219_eps_0.0039.vnnlib,10.247108458,unknown,10.837535210
cifar100,vnncomp2024_benchmarks/benchmarks/cifar100/CIFAR100_resnet_medium.onnx,vnncomp2024_benchmarks/benchmarks/cifar100/CIFAR100_resnet_medium_prop_idx_2025_sidx_5875_eps_0.0039.vnnlib,11.187054839,unknown,12.097393901
cifar100,vnncomp2024_benchmarks/benchmarks/cifar100/CIFAR100_resnet_medium.onnx,vnncomp2024_benchmarks/benchmarks/cifar100/CIFAR100_resnet_medium_prop_idx_8349_sidx_5927_eps_0.0039.vnnlib,12.184393146,unknown,10.895882097
cifar100,vnncomp2024_benchmarks/benchmarks/cifar100/CIFAR100_resnet_medium.onnx,vnncomp2024_benchmarks/benchmarks/cifar100/CIFAR100_resnet_medium_prop_idx_5947_sidx_5257_eps_0.0039.vnnlib,12.300572158,unknown,11.005466683
cifar100,vnncomp2024_benchmarks/benchmarks/cifar100/CIFAR100_resnet_medium.onnx,vnncomp2024_benchmarks/benchmarks/cifar100/CIFAR100_resnet_medium_prop_idx_2666_sidx_9600_eps_0.0039.vnnlib,11.050638174,unknown,12.227248051
cifar100,vnncomp2024_benchmarks/benchmarks/cifar100/CIFAR100_resnet_medium.onnx,vnncomp2024_benchmarks/benchmarks/cifar100/CIFAR100_resnet_medium_prop_idx_3755_sidx_9645_eps_0.0039.vnnlib,10.929954922,unknown,11.112621412
cifar100,vnncomp2024_benchmarks/benchmarks/cifar100/CIFAR100_resnet_medium.onnx,vnncomp2024_benchmarks/benchmarks/cifar100/CIFAR100_resnet_medium_prop_idx_7315_sidx_5135_eps_0.0039.vnnlib,11.101114497,unknown,12.187246235
cifar100,vnncomp2024_benchmarks/benchmarks/cifar100/CIFAR100_resnet_medium.onnx,vnncomp2024_benchmarks/benchmarks/cifar100/CIFAR100_resnet_medium_prop_idx_4503_sidx_9187_eps_0.0039.vnnlib,11.016311113,unknown,11.717217064
cifar100,vnncomp2024_benchmarks/benchmarks/cifar100/CIFAR100_resnet_medium.onnx,vnncomp2024_benchmarks/benchmarks/cifar100/CIFAR100_resnet_medium_prop_idx_8757_sidx_781_eps_0.0039.vnnlib,10.093452217,unknown,11.086697093
cifar100,vnncomp2024_benchmarks/benchmarks/cifar100/CIFAR100_resnet_medium.onnx,vnncomp2024_benchmarks/benchmarks/cifar100/CIFAR100_resnet_medium_prop_idx_3886_sidx_1293_eps_0.0039.vnnlib,11.376535757,unknown,12.083131311
cifar100,vnncomp2024_benchmarks/benchmarks/cifar100/CIFAR100_resnet_medium.onnx,vnncomp2024_benchmarks/benchmarks/cifar100/CIFAR100_resnet_medium_prop_idx_6096_sidx_4653_eps_0.0039.vnnlib,11.065116975,unknown,11.003093986
cifar100,vnncomp2024_benchmarks/benchmarks/cifar100/CIFAR100_resnet_medium.onnx,vnncomp2024_benchmarks/benchmarks/cifar100/CIFAR100_resnet_medium_prop_idx_6938_sidx_203_eps_0.0039.vnnlib,11.166401661,unknown,11.095700621
cifar100,vnncomp2024_benchmarks/benchmarks/cifar100/CIFAR100_resnet_medium.onnx,vnncomp2024_benchmarks/benchmarks/cifar100/CIFAR100_resnet_medium_prop_idx_3850_sidx_2895_eps_0.0039.vnnlib,10.004284695,unknown,11.035483660
cifar100,vnncomp2024_benchmarks/benchmarks/cifar100/CIFAR100_resnet_medium.onnx,vnncomp2024_benchmarks/benchmarks/cifar100/CIFAR100_resnet_medium_prop_idx_7598_sidx_1142_eps_0.0039.vnnlib,9.992077854,unknown,11.064951303
cifar100,vnncomp2024_benchmarks/benchmarks/cifar100/CIFAR100_resnet_medium.onnx,vnncomp2024_benchmarks/benchmarks/cifar100/CIFAR100_resnet_medium_prop_idx_4177_sidx_8421_eps_0.0039.vnnlib,11.419345973,unknown,11.130726843
cifar100,vnncomp2024_benchmarks/benchmarks/cifar100/CIFAR100_resnet_medium.onnx,vnncomp2024_benchmarks/benchmarks/cifar100/CIFAR100_resnet_medium_prop_idx_6358_sidx_817_eps_0.0039.vnnlib,11.002050057,unknown,12.022973444
cifar100,vnncomp2024_benchmarks/benchmarks/cifar100/CIFAR100_resnet_medium.onnx,vnncomp2024_benchmarks/benchmarks/cifar100/CIFAR100_resnet_medium_prop_idx_6418_sidx_7923_eps_0.0039.vnnlib,10.990762074,unknown,10.811343462
cifar100,vnncomp2024_benchmarks/benchmarks/cifar100/CIFAR100_resnet_medium.onnx,vnncomp2024_benchmarks/benchmarks/cifar100/CIFAR100_resnet_medium_prop_idx_5382_sidx_4518_eps_0.0039.vnnlib,11.208126445,unknown,10.806218236
cifar100,vnncomp2024_benchmarks/benchmarks/cifar100/CIFAR100_resnet_medium.onnx,vnncomp2024_benchmarks/benchmarks/cifar100/CIFAR100_resnet_medium_prop_idx_6993_sidx_2600_eps_0.0039.vnnlib,12.478263092,unknown,10.833338506
cifar100,vnncomp2024_benchmarks/benchmarks/cifar100/CIFAR100_resnet_medium.onnx,vnncomp2024_benchmarks/benchmarks/cifar100/CIFAR100_resnet_medium_prop_idx_518_sidx_9236_eps_0.0039.vnnlib,11.217413137,unknown,10.897296349
cifar100,vnncomp2024_benchmarks/benchmarks/cifar100/CIFAR100_resnet_medium.onnx,vnncomp2024_benchmarks/benchmarks/cifar100/CIFAR100_resnet_medium_prop_idx_4907_sidx_8745_eps_0.0039.vnnlib,11.109191893,unknown,12.085442113
cifar100,vnncomp2024_benchmarks/benchmarks/cifar100/CIFAR100_resnet_medium.onnx,vnncomp2024_benchmarks/benchmarks/cifar100/CIFAR100_resnet_medium_prop_idx_5329_sidx_6773_eps_0.0039.vnnlib,11.272081813,unknown,11.011766653
cifar100,vnncomp2024_benchmarks/benchmarks/cifar100/CIFAR100_resnet_medium.onnx,vnncomp2024_benchmarks/benchmarks/cifar100/CIFAR100_resnet_medium_prop_idx_7142_sidx_806_eps_0.0039.vnnlib,12.033427154,unknown,12.109836898
cifar100,vnncomp2024_benchmarks/benchmarks/cifar100/CIFAR100_resnet_medium.onnx,vnncomp2024_benchmarks/benchmarks/cifar100/CIFAR100_resnet_medium_prop_idx_2050_sidx_8228_eps_0.0039.vnnlib,11.408170695,unknown,11.052571618
cifar100,vnncomp2024_benchmarks/benchmarks/cifar100/CIFAR100_resnet_medium.onnx,vnncomp2024_benchmarks/benchmarks/cifar100/CIFAR100_resnet_medium_prop_idx_908_sidx_7155_eps_0.0039.vnnlib,11.286797227,unknown,10.888871738
cifar100,vnncomp2024_benchmarks/benchmarks/cifar100/CIFAR100_resnet_medium.onnx,vnncomp2024_benchmarks/benchmarks/cifar100/CIFAR100_resnet_medium_prop_idx_6743_sidx_1712_eps_0.0039.vnnlib,11.096483148,unknown,11.096218863
cifar100,vnncomp2024_benchmarks/benchmarks/cifar100/CIFAR100_resnet_medium.onnx,vnncomp2024_benchmarks/benchmarks/cifar100/CIFAR100_resnet_medium_prop_idx_3494_sidx_6936_eps_0.0039.vnnlib,11.138455009,unknown,11.854898320
cifar100,vnncomp2024_benchmarks/benchmarks/cifar100/CIFAR100_resnet_medium.onnx,vnncomp2024_benchmarks/benchmarks/cifar100/CIFAR100_resnet_medium_prop_idx_4530_sidx_3782_eps_0.0039.vnnlib,11.077015272,unknown,12.326055402
cifar100,vnncomp2024_benchmarks/benchmarks/cifar100/CIFAR100_resnet_medium.onnx,vnncomp2024_benchmarks/benchmarks/cifar100/CIFAR100_resnet_medium_prop_idx_5661_sidx_8769_eps_0.0039.vnnlib,12.300733531,unknown,10.843130195
cifar100,vnncomp2024_benchmarks/benchmarks/cifar100/CIFAR100_resnet_medium.onnx,vnncomp2024_benchmarks/benchmarks/cifar100/CIFAR100_resnet_medium_prop_idx_3979_sidx_2420_eps_0.0039.vnnlib,11.260796745,unknown,12.296743136
cifar100,vnncomp2024_benchmarks/benchmarks/cifar100/CIFAR100_resnet_medium.onnx,vnncomp2024_benchmarks/benchmarks/cifar100/CIFAR100_resnet_medium_prop_idx_2753_sidx_3773_eps_0.0039.vnnlib,10.794819829,unknown,12.332433523
cifar100,vnncomp2024_benchmarks/benchmarks/cifar100/CIFAR100_resnet_medium.onnx,vnncomp2024_benchmarks/benchmarks/cifar100/CIFAR100_resnet_medium_prop_idx_2135_sidx_6264_eps_0.0039.vnnlib,11.044580232,unknown,10.684559333
cifar100,vnncomp2024_benchmarks/benchmarks/cifar100/CIFAR100_resnet_medium.onnx,vnncomp2024_benchmarks/benchmarks/cifar100/CIFAR100_resnet_medium_prop_idx_8579_sidx_4301_eps_0.0039.vnnlib,11.294712828,unknown,11.120658628
cifar100,vnncomp2024_benchmarks/benchmarks/cifar100/CIFAR100_resnet_medium.onnx,vnncomp2024_benchmarks/benchmarks/cifar100/CIFAR100_resnet_medium_prop_idx_722_sidx_6517_eps_0.0039.vnnlib,12.283327933,unknown,11.020837638
cifar100,vnncomp2024_benchmarks/benchmarks/cifar100/CIFAR100_resnet_medium.onnx,vnncomp2024_benchmarks/benchmarks/cifar100/CIFAR100_resnet_medium_prop_idx_8293_sidx_6028_eps_0.0039.vnnlib,10.052311649,unknown,12.024184130
cifar100,vnncomp2024_benchmarks/benchmarks/cifar100/CIFAR100_resnet_medium.onnx,vnncomp2024_benchmarks/benchmarks/cifar100/CIFAR100_resnet_medium_prop_idx_9630_sidx_8710_eps_0.0039.vnnlib,10.148183161,unknown,11.132253269
cifar100,vnncomp2024_benchmarks/benchmarks/cifar100/CIFAR100_resnet_large.onnx,vnncomp2024_benchmarks/benchmarks/cifar100/CIFAR100_resnet_large_prop_idx_6487_sidx_5951_eps_0.0039.vnnlib,9.850719464,unknown,12.485754906
cifar100,vnncomp2024_benchmarks/benchmarks/cifar100/CIFAR100_resnet_large.onnx,vnncomp2024_benchmarks/benchmarks/cifar100/CIFAR100_resnet_large_prop_idx_3146_sidx_7478_eps_0.0039.vnnlib,10.868022810,unknown,12.030946578
cifar100,vnncomp2024_benchmarks/benchmarks/cifar100/CIFAR100_resnet_large.onnx,vnncomp2024_benchmarks/benchmarks/cifar100/CIFAR100_resnet_large_prop_idx_6268_sidx_6186_eps_0.0039.vnnlib,10.117682522,unknown,10.830633099
cifar100,vnncomp2024_benchmarks/benchmarks/cifar100/CIFAR100_resnet_large.onnx,vnncomp2024_benchmarks/benchmarks/cifar100/CIFAR100_resnet_large_prop_idx_8155_sidx_7520_eps_0.0039.vnnlib,11.111499918,unknown,10.893433695
cifar100,vnncomp2024_benchmarks/benchmarks/cifar100/CIFAR100_resnet_large.onnx,vnncomp2024_benchmarks/benchmarks/cifar100/CIFAR100_resnet_large_prop_idx_7291_sidx_1429_eps_0.0039.vnnlib,11.297457237,unknown,12.140818491
cifar100,vnncomp2024_benchmarks/benchmarks/cifar100/CIFAR100_resnet_large.onnx,vnncomp2024_benchmarks/benchmarks/cifar100/CIFAR100_resnet_large_prop_idx_6983_sidx_607_eps_0.0039.vnnlib,10.718380826,unknown,11.114144561
cifar100,vnncomp2024_benchmarks/benchmarks/cifar100/CIFAR100_resnet_large.onnx,vnncomp2024_benchmarks/benchmarks/cifar100/CIFAR100_resnet_large_prop_idx_2527_sidx_1994_eps_0.0039.vnnlib,11.004971689,unknown,10.831802109
cifar100,vnncomp2024_benchmarks/benchmarks/cifar100/CIFAR100_resnet_large.onnx,vnncomp2024_benchmarks/benchmarks/cifar100/CIFAR100_resnet_large_prop_idx_1812_sidx_7967_eps_0.0039.vnnlib,10.123299879,unknown,10.990856030
cifar100,vnncomp2024_benchmarks/benchmarks/cifar100/CIFAR100_resnet_large.onnx,vnncomp2024_benchmarks/benchmarks/cifar100/CIFAR100_resnet_large_prop_idx_2744_sidx_4295_eps_0.0039.vnnlib,12.356339277,unknown,11.075774466
cifar100,vnncomp2024_benchmarks/benchmarks/cifar100/CIFAR100_resnet_large.onnx,vnncomp2024_benchmarks/benchmarks/cifar100/CIFAR100_resnet_large_prop_idx_1473_sidx_50_eps_0.0039.vnnlib,10.220433218,unknown,10.743011561
cifar100,vnncomp2024_benchmarks/benchmarks/cifar100/CIFAR100_resnet_large.onnx,vnncomp2024_benchmarks/benchmarks/cifar100/CIFAR100_resnet_large_prop_idx_4554_sidx_1198_eps_0.0039.vnnlib,11.124776816,unknown,11.028293839
cifar100,vnncomp2024_benchmarks/benchmarks/cifar100/CIFAR100_resnet_large.onnx,vnncomp2024_benchmarks/benchmarks/cifar100/CIFAR100_resnet_large_prop_idx_6486_sidx_9541_eps_0.0039.vnnlib,11.124056192,unknown,11.925353277
cifar100,vnncomp2024_benchmarks/benchmarks/cifar100/CIFAR100_resnet_large.onnx,vnncomp2024_benchmarks/benchmarks/cifar100/CIFAR100_resnet_large_prop_idx_2998_sidx_6947_eps_0.0039.vnnlib,11.413366800,unknown,12.029024666
cifar100,vnncomp2024_benchmarks/benchmarks/cifar100/CIFAR100_resnet_large.onnx,vnncomp2024_benchmarks/benchmarks/cifar100/CIFAR100_resnet_large_prop_idx_2202_sidx_1926_eps_0.0039.vnnlib,11.122975377,unknown,10.935517342
cifar100,vnncomp2024_benchmarks/benchmarks/cifar100/CIFAR100_resnet_large.onnx,vnncomp2024_benchmarks/benchmarks/cifar100/CIFAR100_resnet_large_prop_idx_6047_sidx_2202_eps_0.0039.vnnlib,11.114478298,unknown,10.737265977
cifar100,vnncomp2024_benchmarks/benchmarks/cifar100/CIFAR100_resnet_large.onnx,vnncomp2024_benchmarks/benchmarks/cifar100/CIFAR100_resnet_large_prop_idx_8042_sidx_9227_eps_0.0039.vnnlib,11.081951893,unknown,11.034160015
cifar100,vnncomp2024_benchmarks/benchmarks/cifar100/CIFAR100_resnet_large.onnx,vnncomp2024_benchmarks/benchmarks/cifar100/CIFAR100_resnet_large_prop_idx_5529_sidx_6269_eps_0.0039.vnnlib,12.370208647,unknown,9.839499089
cifar100,vnncomp2024_benchmarks/benchmarks/cifar100/CIFAR100_resnet_large.onnx,vnncomp2024_benchmarks/benchmarks/cifar100/CIFAR100_resnet_large_prop_idx_8807_sidx_2779_eps_0.0039.vnnlib,10.027031273,unknown,12.190280417
cifar100,vnncomp2024_benchmarks/benchmarks/cifar100/CIFAR100_resnet_large.onnx,vnncomp2024_benchmarks/benchmarks/cifar100/CIFAR100_resnet_large_prop_idx_7886_sidx_7064_eps_0.0039.vnnlib,12.014510243,unknown,10.875740347
cifar100,vnncomp2024_benchmarks/benchmarks/cifar100/CIFAR100_resnet_large.onnx,vnncomp2024_benchmarks/benchmarks/cifar100/CIFAR100_resnet_large_prop_idx_1818_sidx_9473_eps_0.0039.vnnlib,12.280611921,unknown,10.762479149
cifar100,vnncomp2024_benchmarks/benchmarks/cifar100/CIFAR100_resnet_large.onnx,vnncomp2024_benchmarks/benchmarks/cifar100/CIFAR100_resnet_large_prop_idx_8800_sidx_3363_eps_0.0039.vnnlib,11.076440796,unknown,11.383640354
cifar100,vnncomp2024_benchmarks/benchmarks/cifar100/CIFAR100_resnet_large.onnx,vnncomp2024_benchmarks/benchmarks/cifar100/CIFAR100_resnet_large_prop_idx_7027_sidx_7720_eps_0.0039.vnnlib,11.283118723,unknown,11.056027042
cifar100,vnncomp2024_benchmarks/benchmarks/cifar100/CIFAR100_resnet_large.onnx,vnncomp2024_benchmarks/benchmarks/cifar100/CIFAR100_resnet_large_prop_idx_726_sidx_1513_eps_0.0039.vnnlib,11.312749648,unknown,11.031122490
cifar100,vnncomp2024_benchmarks/benchmarks/cifar100/CIFAR100_resnet_large.onnx,vnncomp2024_benchmarks/benchmarks/cifar100/CIFAR100_resnet_large_prop_idx_3786_sidx_2049_eps_0.0039.vnnlib,12.165999063,unknown,11.289316440
cifar100,vnncomp2024_benchmarks/benchmarks/cifar100/CIFAR100_resnet_large.onnx,vnncomp2024_benchmarks/benchmarks/cifar100/CIFAR100_resnet_large_prop_idx_8671_sidx_1332_eps_0.0039.vnnlib,11.334238121,unknown,10.808528908
cifar100,vnncomp2024_benchmarks/benchmarks/cifar100/CIFAR100_resnet_large.onnx,vnncomp2024_benchmarks/benchmarks/cifar100/CIFAR100_resnet_large_prop_idx_4590_sidx_693_eps_0.0039.vnnlib,10.793695547,unknown,12.202447851
cifar100,vnncomp2024_benchmarks/benchmarks/cifar100/CIFAR100_resnet_large.onnx,vnncomp2024_benchmarks/benchmarks/cifar100/CIFAR100_resnet_large_prop_idx_723_sidx_7730_eps_0.0039.vnnlib,12.366820700,unknown,12.023982175
cifar100,vnncomp2024_benchmarks/benchmarks/cifar100/CIFAR100_resnet_large.onnx,vnncomp2024_benchmarks/benchmarks/cifar100/CIFAR100_resnet_large_prop_idx_5158_sidx_5118_eps_0.0039.vnnlib,9.884972373,unknown,11.994328552
cifar100,vnncomp2024_benchmarks/benchmarks/cifar100/CIFAR100_resnet_large.onnx,vnncomp2024_benchmarks/benchmarks/cifar100/CIFAR100_resnet_large_prop_idx_8208_sidx_8378_eps_0.0039.vnnlib,11.042211964,unknown,11.063006586
cifar100,vnncomp2024_benchmarks/benchmarks/cifar100/CIFAR100_resnet_large.onnx,vnncomp2024_benchmarks/benchmarks/cifar100/CIFAR100_resnet_large_prop_idx_1554_sidx_9693_eps_0.0039.vnnlib,11.157887183,unknown,12.095936431
cifar100,vnncomp2024_benchmarks/benchmarks/cifar100/CIFAR100_resnet_large.onnx,vnncomp2024_benchmarks/benchmarks/cifar100/CIFAR100_resnet_large_prop_idx_9845_sidx_200_eps_0.0039.vnnlib,10.301986911,unknown,11.051837978
cifar100,vnncomp2024_benchmarks/benchmarks/cifar100/CIFAR100_resnet_large.onnx,vnncomp2024_benchmarks/benchmarks/cifar100/CIFAR100_resnet_large_prop_idx_9982_sidx_2760_eps_0.0039.vnnlib,11.114817662,unknown,12.265276159
cifar100,vnncomp2024_benchmarks/benchmarks/cifar100/CIFAR100_resnet_large.onnx,vnncomp2024_benchmarks/benchmarks/cifar100/CIFAR100_resnet_large_prop_idx_2479_sidx_2028_eps_0.0039.vnnlib,11.088572625,unknown,11.025015463
cifar100,vnncomp2024_benchmarks/benchmarks/cifar100/CIFAR100_resnet_large.onnx,vnncomp2024_benchmarks/benchmarks/cifar100/CIFAR100_resnet_large_prop_idx_6992_sidx_8017_eps_0.0039.vnnlib,11.063487047,unknown,11.078747994
cifar100,vnncomp2024_benchmarks/benchmarks/cifar100/CIFAR100_resnet_large.onnx,vnncomp2024_benchmarks/benchmarks/cifar100/CIFAR100_resnet_large_prop_idx_3426_sidx_2648_eps_0.0039.vnnlib,11.057457746,unknown,11.136141659
cifar100,vnncomp2024_benchmarks/benchmarks/cifar100/CIFAR100_resnet_large.onnx,vnncomp2024_benchmarks/benchmarks/cifar100/CIFAR100_resnet_large_prop_idx_2735_sidx_2900_eps_0.0039.vnnlib,11.028246829,unknown,10.874614308
cifar100,vnncomp2024_benchmarks/benchmarks/cifar100/CIFAR100_resnet_large.onnx,vnncomp2024_benchmarks/benchmarks/cifar100/CIFAR100_resnet_large_prop_idx_3133_sidx_2042_eps_0.0039.vnnlib,11.108524869,unknown,11.134530007
cifar100,vnncomp2024_benchmarks/benchmarks/cifar100/CIFAR100_resnet_large.onnx,vnncomp2024_benchmarks/benchmarks/cifar100/CIFAR100_resnet_large_prop_idx_6098_sidx_7270_eps_0.0039.vnnlib,12.003045213,unknown,11.084489309
cifar100,vnncomp2024_benchmarks/benchmarks/cifar100/CIFAR100_resnet_large.onnx,vnncomp2024_benchmarks/benchmarks/cifar100/CIFAR100_resnet_large_prop_idx_3460_sidx_302_eps_0.0039.vnnlib,11.102993728,unknown,11.118923744
cifar100,vnncomp2024_benchmarks/benchmarks/cifar100/CIFAR100_resnet_large.onnx,vnncomp2024_benchmarks/benchmarks/cifar100/CIFAR100_resnet_large_prop_idx_62_sidx_313_eps_0.0039.vnnlib,10.041689609,unknown,10.783564616
cifar100,vnncomp2024_benchmarks/benchmarks/cifar100/CIFAR100_resnet_large.onnx,vnncomp2024_benchmarks/benchmarks/cifar100/CIFAR100_resnet_large_prop_idx_2141_sidx_9210_eps_0.0039.vnnlib,10.009384863,unknown,10.702337786
cifar100,vnncomp2024_benchmarks/benchmarks/cifar100/CIFAR100_resnet_large.onnx,vnncomp2024_benchmarks/benchmarks/cifar100/CIFAR100_resnet_large_prop_idx_469_sidx_6589_eps_0.0039.vnnlib,11.085744078,unknown,12.114496092
cifar100,vnncomp2024_benchmarks/benchmarks/cifar100/CIFAR100_resnet_large.onnx,vnncomp2024_benchmarks/benchmarks/cifar100/CIFAR100_resnet_large_prop_idx_2847_sidx_7956_eps_0.0039.vnnlib,10.282759945,unknown,11.084424257
cifar100,vnncomp2024_benchmarks/benchmarks/cifar100/CIFAR100_resnet_large.onnx,vnncomp2024_benchmarks/benchmarks/cifar100/CIFAR100_resnet_large_prop_idx_5769_sidx_1524_eps_0.0039.vnnlib,11.110374995,unknown,11.100453493
cifar100,vnncomp2024_benchmarks/benchmarks/cifar100/CIFAR100_resnet_large.onnx,vnncomp2024_benchmarks/benchmarks/cifar100/CIFAR100_resnet_large_prop_idx_1269_sidx_6741_eps_0.0039.vnnlib,11.417735903,unknown,11.059439311
cifar100,vnncomp2024_benchmarks/benchmarks/cifar100/CIFAR100_resnet_large.onnx,vnncomp2024_benchmarks/benchmarks/cifar100/CIFAR100_resnet_large_prop_idx_6800_sidx_901_eps_0.0039.vnnlib,11.129616586,unknown,11.103067387
cifar100,vnncomp2024_benchmarks/benchmarks/cifar100/CIFAR100_resnet_large.onnx,vnncomp2024_benchmarks/benchmarks/cifar100/CIFAR100_resnet_large_prop_idx_1639_sidx_2442_eps_0.0039.vnnlib,10.113878924,unknown,11.009879750
cifar100,vnncomp2024_benchmarks/benchmarks/cifar100/CIFAR100_resnet_large.onnx,vnncomp2024_benchmarks/benchmarks/cifar100/CIFAR100_resnet_large_prop_idx_6343_sidx_1886_eps_0.0039.vnnlib,10.934388607,unknown,10.774189532
cifar100,vnncomp2024_benchmarks/benchmarks/cifar100/CIFAR100_resnet_large.onnx,vnncomp2024_benchmarks/benchmarks/cifar100/CIFAR100_resnet_large_prop_idx_994_sidx_6003_eps_0.0039.vnnlib,12.248129099,unknown,11.159251503
cifar100,vnncomp2024_benchmarks/benchmarks/cifar100/CIFAR100_resnet_large.onnx,vnncomp2024_benchmarks/benchmarks/cifar100/CIFAR100_resnet_large_prop_idx_9066_sidx_8737_eps_0.0039.vnnlib,10.118918023,unknown,10.900262685
cifar100,vnncomp2024_benchmarks/benchmarks/cifar100/CIFAR100_resnet_large.onnx,vnncomp2024_benchmarks/benchmarks/cifar100/CIFAR100_resnet_large_prop_idx_841_sidx_8712_eps_0.0039.vnnlib,12.463404176,unknown,10.909437739
cifar100,vnncomp2024_benchmarks/benchmarks/cifar100/CIFAR100_resnet_large.onnx,vnncomp2024_benchmarks/benchmarks/cifar100/CIFAR100_resnet_large_prop_idx_59_sidx_7454_eps_0.0039.vnnlib,12.381789756,unknown,11.148613495
cifar100,vnncomp2024_benchmarks/benchmarks/cifar100/CIFAR100_resnet_large.onnx,vnncomp2024_benchmarks/benchmarks/cifar100/CIFAR100_resnet_large_prop_idx_1259_sidx_6616_eps_0.0039.vnnlib,11.160694571,unknown,11.144853701
cifar100,vnncomp2024_benchmarks/benchmarks/cifar100/CIFAR100_resnet_large.onnx,vnncomp2024_benchmarks/benchmarks/cifar100/CIFAR100_resnet_large_prop_idx_1676_sidx_8563_eps_0.0039.vnnlib,11.122403488,unknown,10.909738710
cifar100,vnncomp2024_benchmarks/benchmarks/cifar100/CIFAR100_resnet_large.onnx,vnncomp2024_benchmarks/benchmarks/cifar100/CIFAR100_resnet_large_prop_idx_6542_sidx_9814_eps_0.0039.vnnlib,11.349845306,unknown,11.184384345
cifar100,vnncomp2024_benchmarks/benchmarks/cifar100/CIFAR100_resnet_large.onnx,vnncomp2024_benchmarks/benchmarks/cifar100/CIFAR100_resnet_large_prop_idx_1722_sidx_1817_eps_0.0039.vnnlib,12.070783385,unknown,11.088300243
cifar100,vnncomp2024_benchmarks/benchmarks/cifar100/CIFAR100_resnet_large.onnx,vnncomp2024_benchmarks/benchmarks/cifar100/CIFAR100_resnet_large_prop_idx_2908_sidx_3802_eps_0.0039.vnnlib,12.229436623,unknown,11.032299289
cifar100,vnncomp2024_benchmarks/benchmarks/cifar100/CIFAR100_resnet_large.onnx,vnncomp2024_benchmarks/benchmarks/cifar100/CIFAR100_resnet_large_prop_idx_2975_sidx_7445_eps_0.0039.vnnlib,11.183856784,unknown,11.019833381
cifar100,vnncomp2024_benchmarks/benchmarks/cifar100/CIFAR100_resnet_large.onnx,vnncomp2024_benchmarks/benchmarks/cifar100/CIFAR100_resnet_large_prop_idx_677_sidx_241_eps_0.0039.vnnlib,12.066652074,unknown,12.109255408
cifar100,vnncomp2024_benchmarks/benchmarks/cifar100/CIFAR100_resnet_large.onnx,vnncomp2024_benchmarks/benchmarks/cifar100/CIFAR100_resnet_large_prop_idx_8427_sidx_9982_eps_0.0039.vnnlib,12.353397653,unknown,12.396936709
cifar100,vnncomp2024_benchmarks/benchmarks/cifar100/CIFAR100_resnet_large.onnx,vnncomp2024_benchmarks/benchmarks/cifar100/CIFAR100_resnet_large_prop_idx_5849_sidx_7131_eps_0.0039.vnnlib,11.057140763,unknown,10.837676462
cifar100,vnncomp2024_benchmarks/benchmarks/cifar100/CIFAR100_resnet_large.onnx,vnncomp2024_benchmarks/benchmarks/cifar100/CIFAR100_resnet_large_prop_idx_8381_sidx_4474_eps_0.0039.vnnlib,11.272341034,unknown,12.027260279
cifar100,vnncomp2024_benchmarks/benchmarks/cifar100/CIFAR100_resnet_large.onnx,vnncomp2024_benchmarks/benchmarks/cifar100/CIFAR100_resnet_large_prop_idx_5242_sidx_1208_eps_0.0039.vnnlib,12.211806778,unknown,10.855085261
cifar100,vnncomp2024_benchmarks/benchmarks/cifar100/CIFAR100_resnet_large.onnx,vnncomp2024_benchmarks/benchmarks/cifar100/CIFAR100_resnet_large_prop_idx_6964_sidx_2379_eps_0.0039.vnnlib,11.367993506,unknown,11.040752564
cifar100,vnncomp2024_benchmarks/benchmarks/cifar100/CIFAR100_resnet_large.onnx,vnncomp2024_benchmarks/benchmarks/cifar100/CIFAR100_resnet_large_prop_idx_8280_sidx_1796_eps_0.0039.vnnlib,11.060207111,unknown,10.815977651
cifar100,vnncomp2024_benchmarks/benchmarks/cifar100/CIFAR100_resnet_large.onnx,vnncomp2024_benchmarks/benchmarks/cifar100/CIFAR100_resnet_large_prop_idx_496_sidx_1194_eps_0.0039.vnnlib,11.412522182,unknown,12.077717265
cifar100,vnncomp2024_benchmarks/benchmarks/cifar100/CIFAR100_resnet_large.onnx,vnncomp2024_benchmarks/benchmarks/cifar100/CIFAR100_resnet_large_prop_idx_1323_sidx_3225_eps_0.0039.vnnlib,12.487819458,unknown,12.027764379
cifar100,vnncomp2024_benchmarks/benchmarks/cifar100/CIFAR100_resnet_large.onnx,vnncomp2024_benchmarks/benchmarks/cifar100/CIFAR100_resnet_large_prop_idx_1607_sidx_1460_eps_0.0039.vnnlib,12.250788605,unknown,11.037488065
cifar100,vnncomp2024_benchmarks/benchmarks/cifar100/CIFAR100_resnet_large.onnx,vnncomp2024_benchmarks/benchmarks/cifar100/CIFAR100_resnet_large_prop_idx_6655_sidx_7288_eps_0.0039.vnnlib,11.065209935,unknown,11.022124051
cifar100,vnncomp2024_benchmarks/benchmarks/cifar100/CIFAR100_resnet_large.onnx,vnncomp2024_benchmarks/benchmarks/cifar100/CIFAR100_resnet_large_prop_idx_4780_sidx_632_eps_0.0039.vnnlib,12.363065303,unknown,11.090640676
cifar100,vnncomp2024_benchmarks/benchmarks/cifar100/CIFAR100_resnet_large.onnx,vnncomp2024_benchmarks/benchmarks/cifar100/CIFAR100_resnet_large_prop_idx_483_sidx_7371_eps_0.0039.vnnlib,11.167748899,unknown,11.345038350
cifar100,vnncomp2024_benchmarks/benchmarks/cifar100/CIFAR100_resnet_large.onnx,vnncomp2024_benchmarks/benchmarks/cifar100/CIFAR100_resnet_large_prop_idx_8502_sidx_2893_eps_0.0039.vnnlib,11.079701785,unknown,11.921586233
cifar100,vnncomp2024_benchmarks/benchmarks/cifar100/CIFAR100_resnet_large.onnx,vnncomp2024_benchmarks/benchmarks/cifar100/CIFAR100_resnet_large_prop_idx_8898_sidx_7094_eps_0.0039.vnnlib,12.311037934,unknown,11.111146160
cifar100,vnncomp2024_benchmarks/benchmarks/cifar100/CIFAR100_resnet_large.onnx,vnncomp2024_benchmarks/benchmarks/cifar100/CIFAR100_resnet_large_prop_idx_3151_sidx_1861_eps_0.0039.vnnlib,11.013960883,unknown,11.111583664
cifar100,vnncomp2024_benchmarks/benchmarks/cifar100/CIFAR100_resnet_large.onnx,vnncomp2024_benchmarks/benchmarks/cifar100/CIFAR100_resnet_large_prop_idx_6550_sidx_6064_eps_0.0039.vnnlib,11.422766192,unknown,11.141995074
cifar100,vnncomp2024_benchmarks/benchmarks/cifar100/CIFAR100_resnet_large.onnx,vnncomp2024_benchmarks/benchmarks/cifar100/CIFAR100_resnet_large_prop_idx_4318_sidx_2002_eps_0.0039.vnnlib,11.057698005,unknown,11.195264546
cifar100,vnncomp2024_benchmarks/benchmarks/cifar100/CIFAR100_resnet_large.onnx,vnncomp2024_benchmarks/benchmarks/cifar100/CIFAR100_resnet_large_prop_idx_1761_sidx_3933_eps_0.0039.vnnlib,10.353787940,unknown,12.021159154
cifar100,vnncomp2024_benchmarks/benchmarks/cifar100/CIFAR100_resnet_large.onnx,vnncomp2024_benchmarks/benchmarks/cifar100/CIFAR100_resnet_large_prop_idx_7952_sidx_1638_eps_0.0039.vnnlib,11.070761490,unknown,11.189454557
cifar100,vnncomp2024_benchmarks/benchmarks/cifar100/CIFAR100_resnet_large.onnx,vnncomp2024_benchmarks/benchmarks/cifar100/CIFAR100_resnet_large_prop_idx_8496_sidx_5905_eps_0.0039.vnnlib,10.115398811,unknown,10.803989252
cifar100,vnncomp2024_benchmarks/benchmarks/cifar100/CIFAR100_resnet_large.onnx,vnncomp2024_benchmarks/benchmarks/cifar100/CIFAR100_resnet_large_prop_idx_7377_sidx_128_eps_0.0039.vnnlib,11.191064113,unknown,12.042163123
cifar100,vnncomp2024_benchmarks/benchmarks/cifar100/CIFAR100_resnet_large.onnx,vnncomp2024_benchmarks/benchmarks/cifar100/CIFAR100_resnet_large_prop_idx_4875_sidx_9881_eps_0.0039.vnnlib,11.228717705,unknown,11.106745845
cifar100,vnncomp2024_benchmarks/benchmarks/cifar100/CIFAR100_resnet_large.onnx,vnncomp2024_benchmarks/benchmarks/cifar100/CIFAR100_resnet_large_prop_idx_1207_sidx_2178_eps_0.0039.vnnlib,11.029120607,unknown,12.108193818
cifar100,vnncomp2024_benchmarks/benchmarks/cifar100/CIFAR100_resnet_large.onnx,vnncomp2024_benchmarks/benchmarks/cifar100/CIFAR100_resnet_large_prop_idx_3002_sidx_6304_eps_0.0039.vnnlib,11.334162844,unknown,11.286227569
cifar100,vnncomp2024_benchmarks/benchmarks/cifar100/CIFAR100_resnet_large.onnx,vnncomp2024_benchmarks/benchmarks/cifar100/CIFAR100_resnet_large_prop_idx_3370_sidx_9928_eps_0.0039.vnnlib,11.489636475,unknown,10.890594121
cifar100,vnncomp2024_benchmarks/benchmarks/cifar100/CIFAR100_resnet_large.onnx,vnncomp2024_benchmarks/benchmarks/cifar100/CIFAR100_resnet_large_prop_idx_7974_sidx_1614_eps_0.0039.vnnlib,12.493536675,unknown,10.881872103
cifar100,vnncomp2024_benchmarks/benchmarks/cifar100/CIFAR100_resnet_large.onnx,vnncomp2024_benchmarks/benchmarks/cifar100/CIFAR100_resnet_large_prop_idx_4053_sidx_4811_eps_0.0039.vnnlib,11.050746440,unknown,11.199694117
cifar100,vnncomp2024_benchmarks/benchmarks/cifar100/CIFAR100_resnet_large.onnx,vnncomp2024_benchmarks/benchmarks/cifar100/CIFAR100_resnet_large_prop_idx_7806_sidx_5287_eps_0.0039.vnnlib,11.471539604,unknown,12.185214419
cifar100,vnncomp2024_benchmarks/benchmarks/cifar100/CIFAR100_resnet_large.onnx,vnncomp2024_benchmarks/benchmarks/cifar100/CIFAR100_resnet_large_prop_idx_8610_sidx_991_eps_0.0039.vnnlib,11.247030243,unknown,11.093793341
cifar100,vnncomp2024_benchmarks/benchmarks/cifar100/CIFAR100_resnet_large.onnx,vnncomp2024_benchmarks/benchmarks/cifar100/CIFAR100_resnet_large_prop_idx_679_sidx_7501_eps_0.0039.vnnlib,11.164100581,unknown,12.087876765
cifar100,vnncomp2024_benchmarks/benchmarks/cifar100/CIFAR100_resnet_large.onnx,vnncomp2024_benchmarks/benchmarks/cifar100/CIFAR100_resnet_large_prop_idx_5689_sidx_8041_eps_0.0039.vnnlib,11.415892265,unknown,11.934759379
cifar100,vnncomp2024_benchmarks/benchmarks/cifar100/CIFAR100_resnet_large.onnx,vnncomp2024_benchmarks/benchmarks/cifar100/CIFAR100_resnet_large_prop_idx_4721_sidx_3060_eps_0.0039.vnnlib,12.288776503,unknown,10.931404106
cifar100,vnncomp2024_benchmarks/benchmarks/cifar100/CIFAR100_resnet_large.onnx,vnncomp2024_benchmarks/benchmarks/cifar100/CIFAR100_resnet_large_prop_idx_6659_sidx_4583_eps_0.0039.vnnlib,11.099230546,unknown,11.124328767
cifar100,vnncomp2024_benchmarks/benchmarks/cifar100/CIFAR100_resnet_large.onnx,vnncomp2024_benchmarks/benchmarks/cifar100/CIFAR100_resnet_large_prop_idx_9623_sidx_4352_eps_0.0039.vnnlib,11.151238647,unknown,10.749397739
cifar100,vnncomp2024_benchmarks/benchmarks/cifar100/CIFAR100_resnet_large.onnx,vnncomp2024_benchmarks/benchmarks/cifar100/CIFAR100_resnet_large_prop_idx_9273_sidx_1655_eps_0.0039.vnnlib,11.052623814,unknown,10.813617187
cifar100,vnncomp2024_benchmarks/benchmarks/cifar100/CIFAR100_resnet_large.onnx,vnncomp2024_benchmarks/benchmarks/cifar100/CIFAR100_resnet_large_prop_idx_9370_sidx_5939_eps_0.0039.vnnlib,12.430180316,unknown,12.124681084
cifar100,vnncomp2024_benchmarks/benchmarks/cifar100/CIFAR100_resnet_large.onnx,vnncomp2024_benchmarks/benchmarks/cifar100/CIFAR100_resnet_large_prop_idx_2624_sidx_917_eps_0.0039.vnnlib,11.439580084,unknown,12.409286058
cifar100,vnncomp2024_benchmarks/benchmarks/cifar100/CIFAR100_resnet_large.onnx,vnncomp2024_benchmarks/benchmarks/cifar100/CIFAR100_resnet_large_prop_idx_1589_sidx_1914_eps_0.0039.vnnlib,11.453721393,unknown,10.743194313
cifar100,vnncomp2024_benchmarks/benchmarks/cifar100/CIFAR100_resnet_large.onnx,vnncomp2024_benchmarks/benchmarks/cifar100/CIFAR100_resnet_large_prop_idx_9135_sidx_9837_eps_0.0039.vnnlib,11.119640303,unknown,11.073635472
cifar100,vnncomp2024_benchmarks/benchmarks/cifar100/CIFAR100_resnet_large.onnx,vnncomp2024_benchmarks/benchmarks/cifar100/CIFAR100_resnet_large_prop_idx_7968_sidx_2336_eps_0.0039.vnnlib,10.959371787,unknown,11.218284911
cifar100,vnncomp2024_benchmarks/benchmarks/cifar100/CIFAR100_resnet_large.onnx,vnncomp2024_benchmarks/benchmarks/cifar100/CIFAR100_resnet_large_prop_idx_7405_sidx_3768_eps_0.0039.vnnlib,11.065555016,unknown,10.840424121
cifar100,vnncomp2024_benchmarks/benchmarks/test/test_nano.onnx,vnncomp2024_benchmarks/benchmarks/test/test_nano.vnnlib,15.336850548,unsat,13.232793843
collins_rul_cnn_2023,vnncomp2024_benchmarks/benchmarks/collins_rul_cnn_2023/NN_rul_small_window_20.onnx,vnncomp2024_benchmarks/benchmarks/collins_rul_cnn_2023/robustness_2perturbations_delta5_epsilon10_w20.vnnlib,9.867118530,unknown,11.001855051
collins_rul_cnn_2023,vnncomp2024_benchmarks/benchmarks/collins_rul_cnn_2023/NN_rul_small_window_20.onnx,vnncomp2024_benchmarks/benchmarks/collins_rul_cnn_2023/robustness_2perturbations_delta10_epsilon10_w20.vnnlib,11.046338569,unknown,12.301405303
collins_rul_cnn_2023,vnncomp2024_benchmarks/benchmarks/collins_rul_cnn_2023/NN_rul_small_window_20.onnx,vnncomp2024_benchmarks/benchmarks/collins_rul_cnn_2023/robustness_2perturbations_delta20_epsilon10_w20.vnnlib,10.870945593,unknown,11.147307875
collins_rul_cnn_2023,vnncomp2024_benchmarks/benchmarks/collins_rul_cnn_2023/NN_rul_small_window_20.onnx,vnncomp2024_benchmarks/benchmarks/collins_rul_cnn_2023/robustness_2perturbations_delta40_epsilon10_w20.vnnlib,11.050349895,unknown,11.245972720
collins_rul_cnn_2023,vnncomp2024_benchmarks/benchmarks/collins_rul_cnn_2023/NN_rul_small_window_20.onnx,vnncomp2024_benchmarks/benchmarks/collins_rul_cnn_2023/robustness_4perturbations_delta5_epsilon10_w20.vnnlib,12.392346534,unknown,11.012834413
collins_rul_cnn_2023,vnncomp2024_benchmarks/benchmarks/collins_rul_cnn_2023/NN_rul_small_window_20.onnx,vnncomp2024_benchmarks/benchmarks/collins_rul_cnn_2023/robustness_4perturbations_delta10_epsilon10_w20.vnnlib,11.981129918,unknown,10.858483963
collins_rul_cnn_2023,vnncomp2024_benchmarks/benchmarks/collins_rul_cnn_2023/NN_rul_small_window_20.onnx,vnncomp2024_benchmarks/benchmarks/collins_rul_cnn_2023/robustness_4perturbations_delta20_epsilon10_w20.vnnlib,11.228792959,unknown,11.259033277
collins_rul_cnn_2023,vnncomp2024_benchmarks/benchmarks/collins_rul_cnn_2023/NN_rul_small_window_20.onnx,vnncomp2024_benchmarks/benchmarks/collins_rul_cnn_2023/robustness_4perturbations_delta40_epsilon10_w20.vnnlib,12.413515756,unknown,12.447182585
collins_rul_cnn_2023,vnncomp2024_benchmarks/benchmarks/collins_rul_cnn_2023/NN_rul_small_window_20.onnx,vnncomp2024_benchmarks/benchmarks/collins_rul_cnn_2023/robustness_8perturbations_delta5_epsilon10_w20.vnnlib,12.165053915,unknown,11.151692240
collins_rul_cnn_2023,vnncomp2024_benchmarks/benchmarks/collins_rul_cnn_2023/NN_rul_small_window_20.onnx,vnncomp2024_benchmarks/benchmarks/collins_rul_cnn_2023/robustness_8perturbations_delta10_epsilon10_w20.vnnlib,10.360878073,unknown,11.019765875
collins_rul_cnn_2023,vnncomp2024_benchmarks/benchmarks/collins_rul_cnn_2023/NN_rul_small_window_20.onnx,vnncomp2024_benchmarks/benchmarks/collins_rul_cnn_2023/robustness_8perturbations_delta20_epsilon10_w20.vnnlib,10.076644678,unknown,12.095743483
collins_rul_cnn_2023,vnncomp2024_benchmarks/benchmarks/collins_rul_cnn_2023/NN_rul_small_window_20.onnx,vnncomp2024_benchmarks/benchmarks/collins_rul_cnn_2023/robustness_8perturbations_delta40_epsilon10_w20.vnnlib,10.051086811,unknown,11.022399551
collins_rul_cnn_2023,vnncomp2024_benchmarks/benchmarks/collins_rul_cnn_2023/NN_rul_small_window_20.onnx,vnncomp2024_benchmarks/benchmarks/collins_rul_cnn_2023/robustness_16perturbations_delta5_epsilon10_w20.vnnlib,11.137641289,unknown,11.095643846
collins_rul_cnn_2023,vnncomp2024_benchmarks/benchmarks/collins_rul_cnn_2023/NN_rul_small_window_20.onnx,vnncomp2024_benchmarks/benchmarks/collins_rul_cnn_2023/robustness_16perturbations_delta10_epsilon10_w20.vnnlib,11.061596152,unknown,11.043824557
collins_rul_cnn_2023,vnncomp2024_benchmarks/benchmarks/collins_rul_cnn_2023/NN_rul_small_window_20.onnx,vnncomp2024_benchmarks/benchmarks/collins_rul_cnn_2023/robustness_16perturbations_delta20_epsilon10_w20.vnnlib,10.823156028,unknown,12.237314679
collins_rul_cnn_2023,vnncomp2024_benchmarks/benchmarks/collins_rul_cnn_2023/NN_rul_small_window_20.onnx,vnncomp2024_benchmarks/benchmarks/collins_rul_cnn_2023/robustness_16perturbations_delta40_epsilon10_w20.vnnlib,11.034637508,unknown,11.403131944
collins_rul_cnn_2023,vnncomp2024_benchmarks/benchmarks/collins_rul_cnn_2023/NN_rul_small_window_20.onnx,vnncomp2024_benchmarks/benchmarks/collins_rul_cnn_2023/monotonicity_CI_shift5_w20.vnnlib,11.339276917,unknown,11.053601670
collins_rul_cnn_2023,vnncomp2024_benchmarks/benchmarks/collins_rul_cnn_2023/NN_rul_small_window_20.onnx,vnncomp2024_benchmarks/benchmarks/collins_rul_cnn_2023/monotonicity_CI_shift10_w20.vnnlib,10.971465464,unknown,10.790769866
collins_rul_cnn_2023,vnncomp2024_benchmarks/benchmarks/collins_rul_cnn_2023/NN_rul_small_window_20.onnx,vnncomp2024_benchmarks/benchmarks/collins_rul_cnn_2023/monotonicity_CI_shift20_w20.vnnlib,11.301720118,unknown,10.873930266
collins_rul_cnn_2023,vnncomp2024_benchmarks/benchmarks/collins_rul_cnn_2023/NN_rul_small_window_20.onnx,vnncomp2024_benchmarks/benchmarks/collins_rul_cnn_2023/if_then_5levels_w20.vnnlib,11.038917399,unknown,11.083002826
collins_rul_cnn_2023,vnncomp2024_benchmarks/benchmarks/collins_rul_cnn_2023/NN_rul_small_window_20.onnx,vnncomp2024_benchmarks/benchmarks/collins_rul_cnn_2023/if_then_7levels_w20.vnnlib,11.293448291,unknown,11.124558286
collins_rul_cnn_2023,vnncomp2024_benchmarks/benchmarks/collins_rul_cnn_2023/NN_rul_small_window_20.onnx,vnncomp2024_benchmarks/benchmarks/collins_rul_cnn_2023/if_then_9levels_w20.vnnlib,11.117555153,unknown,11.161040614
collins_rul_cnn_2023,vnncomp2024_benchmarks/benchmarks/collins_rul_cnn_2023/NN_rul_full_window_20.onnx,vnncomp2024_benchmarks/benchmarks/collins_rul_cnn_2023/robustness_2perturbations_delta5_epsilon10_w20.vnnlib,12.493899182,unknown,10.746563091
collins_rul_cnn_2023,vnncomp2024_benchmarks/benchmarks/collins_rul_cnn_2023/NN_rul_full_window_20.onnx,vnncomp2024_benchmarks/benchmarks/collins_rul_cnn_2023/robustness_2perturbations_delta10_epsilon10_w20.vnnlib,12.356995644,unknown,11.188864462
collins_rul_cnn_2023,vnncomp2024_benchmarks/benchmarks/collins_rul_cnn_2023/NN_rul_full_window_20.onnx,vnncomp2024_benchmarks/benchmarks/collins_rul_cnn_2023/robustness_2perturbations_delta20_epsilon10_w20.vnnlib,11.165474496,unknown,11.230256807
collins_rul_cnn_2023,vnncomp2024_benchmarks/benchmarks/collins_rul_cnn_2023/NN_rul_full_window_20.onnx,vnncomp2024_benchmarks/benchmarks/collins_rul_cnn_2023/robustness_2perturbations_delta40_epsilon10_w20.vnnlib,11.400630197,unknown,11.156237377
collins_rul_cnn_2023,vnncomp2024_benchmarks/benchmarks/collins_rul_cnn_2023/NN_rul_full_window_20.onnx,vnncomp2024_benchmarks/benchmarks/collins_rul_cnn_2023/robustness_4perturbations_delta5_epsilon10_w20.vnnlib,12.362421064,unknown,11.034382725
collins_rul_cnn_2023,vnncomp2024_benchmarks/benchmarks/collins_rul_cnn_2023/NN_rul_full_window_20.onnx,vnncomp2024_benchmarks/benchmarks/collins_rul_cnn_2023/robustness_4perturbations_delta10_epsilon10_w20.vnnlib,11.148210218,unknown,11.091685441
collins_rul_cnn_2023,vnncomp2024_benchmarks/benchmarks/collins_rul_cnn_2023/NN_rul_full_window_20.onnx,vnncomp2024_benchmarks/benchmarks/collins_rul_cnn_2023/robustness_4perturbations_delta20_epsilon10_w20.vnnlib,11.005495976,unknown,11.154457183
collins_rul_cnn_2023,vnncomp2024_benchmarks/benchmarks/collins_rul_cnn_2023/NN_rul_full_window_20.onnx,vnncomp2024_benchmarks/benchmarks/collins_rul_cnn_2023/robustness_4perturbations_delta40_epsilon10_w20.vnnlib,11.206226808,unknown,11.038434543
collins_rul_cnn_2023,vnncomp2024_benchmarks/benchmarks/collins_rul_cnn_2023/NN_rul_full_window_20.onnx,vnncomp2024_benchmarks/benchmarks/collins_rul_cnn_2023/robustness_8perturbations_delta5_epsilon10_w20.vnnlib,11.296801038,unknown,11.055635131
collins_rul_cnn_2023,vnncomp2024_benchmarks/benchmarks/collins_rul_cnn_2023/NN_rul_full_window_20.onnx,vnncomp2024_benchmarks/benchmarks/collins_rul_cnn_2023/robustness_8perturbations_delta10_epsilon10_w20.vnnlib,11.301950383,unknown,11.176937697
collins_rul_cnn_2023,vnncomp2024_benchmarks/benchmarks/collins_rul_cnn_2023/NN_rul_full_window_20.onnx,vnncomp2024_benchmarks/benchmarks/collins_rul_cnn_2023/robustness_8perturbations_delta20_epsilon10_w20.vnnlib,11.219307434,unknown,12.088535988
collins_rul_cnn_2023,vnncomp2024_benchmarks/benchmarks/collins_rul_cnn_2023/NN_rul_full_window_20.onnx,vnncomp2024_benchmarks/benchmarks/collins_rul_cnn_2023/robustness_8perturbations_delta40_epsilon10_w20.vnnlib,11.392796315,unknown,11.237681406
collins_rul_cnn_2023,vnncomp2024_benchmarks/benchmarks/collins_rul_cnn_2023/NN_rul_full_window_20.onnx,vnncomp2024_benchmarks/benchmarks/collins_rul_cnn_2023/robustness_16perturbations_delta5_epsilon10_w20.vnnlib,11.017068675,unknown,10.950757315
collins_rul_cnn_2023,vnncomp2024_benchmarks/benchmarks/collins_rul_cnn_2023/NN_rul_full_window_20.onnx,vnncomp2024_benchmarks/benchmarks/collins_rul_cnn_2023/robustness_16perturbations_delta10_epsilon10_w20.vnnlib,11.075686745,unknown,12.533579503
collins_rul_cnn_2023,vnncomp2024_benchmarks/benchmarks/collins_rul_cnn_2023/NN_rul_full_window_20.onnx,vnncomp2024_benchmarks/benchmarks/collins_rul_cnn_2023/robustness_16perturbations_delta20_epsilon10_w20.vnnlib,10.088394660,unknown,11.079482971
collins_rul_cnn_2023,vnncomp2024_benchmarks/benchmarks/collins_rul_cnn_2023/NN_rul_full_window_20.onnx,vnncomp2024_benchmarks/benchmarks/collins_rul_cnn_2023/robustness_16perturbations_delta40_epsilon10_w20.vnnlib,11.357421751,unknown,11.344011340
collins_rul_cnn_2023,vnncomp2024_benchmarks/benchmarks/collins_rul_cnn_2023/NN_rul_full_window_20.onnx,vnncomp2024_benchmarks/benchmarks/collins_rul_cnn_2023/monotonicity_CI_shift5_w20.vnnlib,11.069767191,unknown,11.018270740
collins_rul_cnn_2023,vnncomp2024_benchmarks/benchmarks/collins_rul_cnn_2023/NN_rul_full_window_20.onnx,vnncomp2024_benchmarks/benchmarks/collins_rul_cnn_2023/monotonicity_CI_shift10_w20.vnnlib,10.269528953,unknown,10.704667632
collins_rul_cnn_2023,vnncomp2024_benchmarks/benchmarks/collins_rul_cnn_2023/NN_rul_full_window_20.onnx,vnncomp2024_benchmarks/benchmarks/collins_rul_cnn_2023/monotonicity_CI_shift20_w20.vnnlib,11.294241361,unknown,11.020136045
collins_rul_cnn_2023,vnncomp2024_benchmarks/benchmarks/collins_rul_cnn_2023/NN_rul_full_window_20.onnx,vnncomp2024_benchmarks/benchmarks/collins_rul_cnn_2023/if_then_7levels_w20.vnnlib,11.110498290,unknown,11.165330784
collins_rul_cnn_2023,vnncomp2024_benchmarks/benchmarks/collins_rul_cnn_2023/NN_rul_full_window_20.onnx,vnncomp2024_benchmarks/benchmarks/collins_rul_cnn_2023/if_then_9levels_w20.vnnlib,12.014271787,unknown,10.967452702
collins_rul_cnn_2023,vnncomp2024_benchmarks/benchmarks/collins_rul_cnn_2023/NN_rul_full_window_40.onnx,vnncomp2024_benchmarks/benchmarks/collins_rul_cnn_2023/robustness_2perturbations_delta5_epsilon10_w40.vnnlib,11.303969495,unknown,11.190112282
collins_rul_cnn_2023,vnncomp2024_benchmarks/benchmarks/collins_rul_cnn_2023/NN_rul_full_window_40.onnx,vnncomp2024_benchmarks/benchmarks/collins_rul_cnn_2023/robustness_2perturbations_delta10_epsilon10_w40.vnnlib,11.303629399,unknown,12.264167038
collins_rul_cnn_2023,vnncomp2024_benchmarks/benchmarks/collins_rul_cnn_2023/NN_rul_full_window_40.onnx,vnncomp2024_benchmarks/benchmarks/collins_rul_cnn_2023/robustness_2perturbations_delta20_epsilon10_w40.vnnlib,12.114444479,unknown,10.917354341
collins_rul_cnn_2023,vnncomp2024_benchmarks/benchmarks/collins_rul_cnn_2023/NN_rul_full_window_40.onnx,vnncomp2024_benchmarks/benchmarks/collins_rul_cnn_2023/robustness_2perturbations_delta40_epsilon10_w40.vnnlib,11.303702942,unknown,11.152225625
collins_rul_cnn_2023,vnncomp2024_benchmarks/benchmarks/collins_rul_cnn_2023/NN_rul_full_window_40.onnx,vnncomp2024_benchmarks/benchmarks/collins_rul_cnn_2023/robustness_4perturbations_delta5_epsilon10_w40.vnnlib,11.154968569,unknown,12.114522646
collins_rul_cnn_2023,vnncomp2024_benchmarks/benchmarks/collins_rul_cnn_2023/NN_rul_full_window_40.onnx,vnncomp2024_benchmarks/benchmarks/collins_rul_cnn_2023/robustness_4perturbations_delta10_epsilon10_w40.vnnlib,11.330870207,unknown,12.150274108
collins_rul_cnn_2023,vnncomp2024_benchmarks/benchmarks/collins_rul_cnn_2023/NN_rul_full_window_40.onnx,vnncomp2024_benchmarks/benchmarks/collins_rul_cnn_2023/robustness_4perturbations_delta20_epsilon10_w40.vnnlib,10.313765207,unknown,10.917014404
collins_rul_cnn_2023,vnncomp2024_benchmarks/benchmarks/collins_rul_cnn_2023/NN_rul_full_window_40.onnx,vnncomp2024_benchmarks/benchmarks/collins_rul_cnn_2023/robustness_4perturbations_delta40_epsilon10_w40.vnnlib,11.301095523,unknown,11.083571851
collins_rul_cnn_2023,vnncomp2024_benchmarks/benchmarks/collins_rul_cnn_2023/NN_rul_full_window_40.onnx,vnncomp2024_benchmarks/benchmarks/collins_rul_cnn_2023/robustness_8perturbations_delta5_epsilon10_w40.vnnlib,10.064497609,unknown,12.115462967
collins_rul_cnn_2023,vnncomp2024_benchmarks/benchmarks/collins_rul_cnn_2023/NN_rul_full_window_40.onnx,vnncomp2024_benchmarks/benchmarks/collins_rul_cnn_2023/robustness_8perturbations_delta10_epsilon10_w40.vnnlib,11.047045293,unknown,12.459372667
collins_rul_cnn_2023,vnncomp2024_benchmarks/benchmarks/collins_rul_cnn_2023/NN_rul_full_window_40.onnx,vnncomp2024_benchmarks/benchmarks/collins_rul_cnn_2023/robustness_8perturbations_delta20_epsilon10_w40.vnnlib,10.164580646,unknown,11.121424876
collins_rul_cnn_2023,vnncomp2024_benchmarks/benchmarks/collins_rul_cnn_2023/NN_rul_full_window_40.onnx,vnncomp2024_benchmarks/benchmarks/collins_rul_cnn_2023/robustness_8perturbations_delta40_epsilon10_w40.vnnlib,12.511881024,unknown,12.146986719
collins_rul_cnn_2023,vnncomp2024_benchmarks/benchmarks/collins_rul_cnn_2023/NN_rul_full_window_40.onnx,vnncomp2024_benchmarks/benchmarks/collins_rul_cnn_2023/robustness_16perturbations_delta5_epsilon10_w40.vnnlib,11.435891166,unknown,10.825658836
collins_rul_cnn_2023,vnncomp2024_benchmarks/benchmarks/collins_rul_cnn_2023/NN_rul_full_window_40.onnx,vnncomp2024_benchmarks/benchmarks/collins_rul_cnn_2023/robustness_16perturbations_delta10_epsilon10_w40.vnnlib,12.323450576,unknown,11.117199928
collins_rul_cnn_2023,vnncomp2024_benchmarks/benchmarks/collins_rul_cnn_2023/NN_rul_full_window_40.onnx,vnncomp2024_benchmarks/benchmarks/collins_rul_cnn_2023/robustness_16perturbations_delta20_epsilon10_w40.vnnlib,11.059402072,unknown,11.141307731
collins_rul_cnn_2023,vnncomp2024_benchmarks/benchmarks/collins_rul_cnn_2023/NN_rul_full_window_40.onnx,vnncomp2024_benchmarks/benchmarks/collins_rul_cnn_2023/robustness_16perturbations_delta40_epsilon10_w40.vnnlib,11.187900533,unknown,12.499401365
collins_rul_cnn_2023,vnncomp2024_benchmarks/benchmarks/collins_rul_cnn_2023/NN_rul_full_window_40.onnx,vnncomp2024_benchmarks/benchmarks/collins_rul_cnn_2023/monotonicity_CI_shift5_w40.vnnlib,10.062858325,unknown,12.191983164
collins_rul_cnn_2023,vnncomp2024_benchmarks/benchmarks/collins_rul_cnn_2023/NN_rul_full_window_40.onnx,vnncomp2024_benchmarks/benchmarks/collins_rul_cnn_2023/monotonicity_CI_shift10_w40.vnnlib,12.125357188,unknown,10.843892412
collins_rul_cnn_2023,vnncomp2024_benchmarks/benchmarks/collins_rul_cnn_2023/NN_rul_full_window_40.onnx,vnncomp2024_benchmarks/benchmarks/collins_rul_cnn_2023/monotonicity_CI_shift20_w40.vnnlib,11.278204306,unknown,11.010173486
collins_rul_cnn_2023,vnncomp2024_benchmarks/benchmarks/test/test_nano.onnx,vnncomp2024_benchmarks/benchmarks/test/test_nano.vnnlib,15.096770406,unsat,13.458294354
test,vnncomp2024_benchmarks/benchmarks/test/test_nano.onnx,vnncomp2024_benchmarks/benchmarks/test/test_nano.vnnlib,73.948688779,unsat,16.841536401
test,vnncomp2024_benchmarks/benchmarks/test/test_tiny.onnx,vnncomp2024_benchmarks/benchmarks/test/test_tiny.vnnlib,13.716908995,unsat,10.814835944
test,vnncomp2024_benchmarks/benchmarks/test/test_small.onnx,vnncomp2024_benchmarks/benchmarks/test/test_small.vnnlib,13.454759798,unsat,16.069105442
test,vnncomp2024_benchmarks/benchmarks/test/test_sat.onnx,vnncomp2024_benchmarks/benchmarks/test/test_prop.vnnlib,14.009601514,sat,11.808627501
test,vnncomp2024_benchmarks/benchmarks/test/test_unsat.onnx,vnncomp2024_benchmarks/benchmarks/test/test_prop.vnnlib,13.759709606,unsat,11.514249494
test,vnncomp2024_benchmarks/benchmarks/test/test_nano.onnx,vnncomp2024_benchmarks/benchmarks/test/test_nano.vnnlib,13.274745374,unsat,10.790444840
