acasxu_2023,vnncomp2024_benchmarks/benchmarks/acasxu_2023/onnx/ACASXU_run2a_1_1_batch_2000.onnx,vnncomp2024_benchmarks/benchmarks/acasxu_2023/vnnlib/prop_1.vnnlib,2.088056412,unsat,4.608010,7.386207713
acasxu_2023,vnncomp2024_benchmarks/benchmarks/acasxu_2023/onnx/ACASXU_run2a_1_2_batch_2000.onnx,vnncomp2024_benchmarks/benchmarks/acasxu_2023/vnnlib/prop_1.vnnlib,2.019919389,unsat,4.456695,7.230920129
acasxu_2023,vnncomp2024_benchmarks/benchmarks/acasxu_2023/onnx/ACASXU_run2a_1_3_batch_2000.onnx,vnncomp2024_benchmarks/benchmarks/acasxu_2023/vnnlib/prop_1.vnnlib,2.005037401,unsat,9.899103,12.674858000
acasxu_2023,vnncomp2024_benchmarks/benchmarks/acasxu_2023/onnx/ACASXU_run2a_1_4_batch_2000.onnx,vnncomp2024_benchmarks/benchmarks/acasxu_2023/vnnlib/prop_1.vnnlib,2.023588551,unsat,9.827974,12.583980584
acasxu_2023,vnncomp2024_benchmarks/benchmarks/acasxu_2023/onnx/ACASXU_run2a_1_5_batch_2000.onnx,vnncomp2024_benchmarks/benchmarks/acasxu_2023/vnnlib/prop_1.vnnlib,2.012466359,unsat,4.333377,7.107600369
acasxu_2023,vnncomp2024_benchmarks/benchmarks/acasxu_2023/onnx/ACASXU_run2a_1_6_batch_2000.onnx,vnncomp2024_benchmarks/benchmarks/acasxu_2023/vnnlib/prop_1.vnnlib,2.041187467,unsat,4.435593,7.214599200
acasxu_2023,vnncomp2024_benchmarks/benchmarks/acasxu_2023/onnx/ACASXU_run2a_1_7_batch_2000.onnx,vnncomp2024_benchmarks/benchmarks/acasxu_2023/vnnlib/prop_1.vnnlib,2.050189043,unsat,4.263775,7.044686105
acasxu_2023,vnncomp2024_benchmarks/benchmarks/acasxu_2023/onnx/ACASXU_run2a_1_8_batch_2000.onnx,vnncomp2024_benchmarks/benchmarks/acasxu_2023/vnnlib/prop_1.vnnlib,1.991582299,unsat,4.333352,7.105716552
acasxu_2023,vnncomp2024_benchmarks/benchmarks/acasxu_2023/onnx/ACASXU_run2a_1_9_batch_2000.onnx,vnncomp2024_benchmarks/benchmarks/acasxu_2023/vnnlib/prop_1.vnnlib,1.991845922,unsat,4.250884,7.022818344
acasxu_2023,vnncomp2024_benchmarks/benchmarks/acasxu_2023/onnx/ACASXU_run2a_2_1_batch_2000.onnx,vnncomp2024_benchmarks/benchmarks/acasxu_2023/vnnlib/prop_1.vnnlib,2.002610922,unsat,4.427088,7.209431680
acasxu_2023,vnncomp2024_benchmarks/benchmarks/acasxu_2023/onnx/ACASXU_run2a_2_2_batch_2000.onnx,vnncomp2024_benchmarks/benchmarks/acasxu_2023/vnnlib/prop_1.vnnlib,2.024051293,unsat,9.733498,12.509437604
acasxu_2023,vnncomp2024_benchmarks/benchmarks/acasxu_2023/onnx/ACASXU_run2a_2_3_batch_2000.onnx,vnncomp2024_benchmarks/benchmarks/acasxu_2023/vnnlib/prop_1.vnnlib,2.010484192,unsat,9.869535,12.642301623
acasxu_2023,vnncomp2024_benchmarks/benchmarks/acasxu_2023/onnx/ACASXU_run2a_2_4_batch_2000.onnx,vnncomp2024_benchmarks/benchmarks/acasxu_2023/vnnlib/prop_1.vnnlib,2.008125388,unsat,7.472323,10.232773783
acasxu_2023,vnncomp2024_benchmarks/benchmarks/acasxu_2023/onnx/ACASXU_run2a_2_5_batch_2000.onnx,vnncomp2024_benchmarks/benchmarks/acasxu_2023/vnnlib/prop_1.vnnlib,2.031163984,unsat,7.316301,10.082999342
acasxu_2023,vnncomp2024_benchmarks/benchmarks/acasxu_2023/onnx/ACASXU_run2a_2_6_batch_2000.onnx,vnncomp2024_benchmarks/benchmarks/acasxu_2023/vnnlib/prop_1.vnnlib,2.003485181,unsat,10.016832,12.772612060
acasxu_2023,vnncomp2024_benchmarks/benchmarks/acasxu_2023/onnx/ACASXU_run2a_2_7_batch_2000.onnx,vnncomp2024_benchmarks/benchmarks/acasxu_2023/vnnlib/prop_1.vnnlib,2.030435992,unsat,11.549037,14.327586892
acasxu_2023,vnncomp2024_benchmarks/benchmarks/acasxu_2023/onnx/ACASXU_run2a_2_8_batch_2000.onnx,vnncomp2024_benchmarks/benchmarks/acasxu_2023/vnnlib/prop_1.vnnlib,1.991941954,unsat,12.944304,15.704953685
acasxu_2023,vnncomp2024_benchmarks/benchmarks/acasxu_2023/onnx/ACASXU_run2a_2_9_batch_2000.onnx,vnncomp2024_benchmarks/benchmarks/acasxu_2023/vnnlib/prop_1.vnnlib,2.002204793,unsat,13.217205,15.964362782
acasxu_2023,vnncomp2024_benchmarks/benchmarks/acasxu_2023/onnx/ACASXU_run2a_3_1_batch_2000.onnx,vnncomp2024_benchmarks/benchmarks/acasxu_2023/vnnlib/prop_1.vnnlib,2.001577151,unsat,4.483669,7.251933634
acasxu_2023,vnncomp2024_benchmarks/benchmarks/acasxu_2023/onnx/ACASXU_run2a_3_2_batch_2000.onnx,vnncomp2024_benchmarks/benchmarks/acasxu_2023/vnnlib/prop_1.vnnlib,2.008383704,unsat,9.880163,12.663701986
acasxu_2023,vnncomp2024_benchmarks/benchmarks/acasxu_2023/onnx/ACASXU_run2a_3_3_batch_2000.onnx,vnncomp2024_benchmarks/benchmarks/acasxu_2023/vnnlib/prop_1.vnnlib,2.015550975,unsat,4.797791,7.554107696
acasxu_2023,vnncomp2024_benchmarks/benchmarks/acasxu_2023/onnx/ACASXU_run2a_3_4_batch_2000.onnx,vnncomp2024_benchmarks/benchmarks/acasxu_2023/vnnlib/prop_1.vnnlib,2.024475379,unsat,6.443846,9.217999545
acasxu_2023,vnncomp2024_benchmarks/benchmarks/acasxu_2023/onnx/ACASXU_run2a_3_5_batch_2000.onnx,vnncomp2024_benchmarks/benchmarks/acasxu_2023/vnnlib/prop_1.vnnlib,2.017633652,unsat,6.014965,8.772463541
acasxu_2023,vnncomp2024_benchmarks/benchmarks/acasxu_2023/onnx/ACASXU_run2a_3_6_batch_2000.onnx,vnncomp2024_benchmarks/benchmarks/acasxu_2023/vnnlib/prop_1.vnnlib,2.006488451,unsat,11.736161,14.497316457
acasxu_2023,vnncomp2024_benchmarks/benchmarks/acasxu_2023/onnx/ACASXU_run2a_3_7_batch_2000.onnx,vnncomp2024_benchmarks/benchmarks/acasxu_2023/vnnlib/prop_1.vnnlib,2.000294077,unsat,11.074052,13.840003406
acasxu_2023,vnncomp2024_benchmarks/benchmarks/acasxu_2023/onnx/ACASXU_run2a_3_8_batch_2000.onnx,vnncomp2024_benchmarks/benchmarks/acasxu_2023/vnnlib/prop_1.vnnlib,2.010655739,unsat,11.242493,14.000107100
acasxu_2023,vnncomp2024_benchmarks/benchmarks/acasxu_2023/onnx/ACASXU_run2a_3_9_batch_2000.onnx,vnncomp2024_benchmarks/benchmarks/acasxu_2023/vnnlib/prop_1.vnnlib,1.990279011,unsat,14.412100,17.171893745
acasxu_2023,vnncomp2024_benchmarks/benchmarks/acasxu_2023/onnx/ACASXU_run2a_4_1_batch_2000.onnx,vnncomp2024_benchmarks/benchmarks/acasxu_2023/vnnlib/prop_1.vnnlib,2.001011128,unsat,12.005842,14.770897860
acasxu_2023,vnncomp2024_benchmarks/benchmarks/acasxu_2023/onnx/ACASXU_run2a_4_2_batch_2000.onnx,vnncomp2024_benchmarks/benchmarks/acasxu_2023/vnnlib/prop_1.vnnlib,1.987814477,unsat,4.824425,7.582179248
acasxu_2023,vnncomp2024_benchmarks/benchmarks/acasxu_2023/onnx/ACASXU_run2a_4_3_batch_2000.onnx,vnncomp2024_benchmarks/benchmarks/acasxu_2023/vnnlib/prop_1.vnnlib,2.033473409,unsat,5.024368,7.774189175
acasxu_2023,vnncomp2024_benchmarks/benchmarks/acasxu_2023/onnx/ACASXU_run2a_4_4_batch_2000.onnx,vnncomp2024_benchmarks/benchmarks/acasxu_2023/vnnlib/prop_1.vnnlib,2.013081594,unsat,7.377452,10.150297883
acasxu_2023,vnncomp2024_benchmarks/benchmarks/acasxu_2023/onnx/ACASXU_run2a_4_5_batch_2000.onnx,vnncomp2024_benchmarks/benchmarks/acasxu_2023/vnnlib/prop_1.vnnlib,2.009283074,unsat,10.354396,13.116993928
acasxu_2023,vnncomp2024_benchmarks/benchmarks/acasxu_2023/onnx/ACASXU_run2a_4_6_batch_2000.onnx,vnncomp2024_benchmarks/benchmarks/acasxu_2023/vnnlib/prop_1.vnnlib,2.013165745,unsat,12.748322,15.511337663
acasxu_2023,vnncomp2024_benchmarks/benchmarks/acasxu_2023/onnx/ACASXU_run2a_4_7_batch_2000.onnx,vnncomp2024_benchmarks/benchmarks/acasxu_2023/vnnlib/prop_1.vnnlib,2.022111254,unsat,16.550100,19.330013262
acasxu_2023,vnncomp2024_benchmarks/benchmarks/acasxu_2023/onnx/ACASXU_run2a_4_8_batch_2000.onnx,vnncomp2024_benchmarks/benchmarks/acasxu_2023/vnnlib/prop_1.vnnlib,2.033718080,unsat,13.352564,16.123765727
acasxu_2023,vnncomp2024_benchmarks/benchmarks/acasxu_2023/onnx/ACASXU_run2a_4_9_batch_2000.onnx,vnncomp2024_benchmarks/benchmarks/acasxu_2023/vnnlib/prop_1.vnnlib,2.015015083,unsat,17.406815,20.171994874
acasxu_2023,vnncomp2024_benchmarks/benchmarks/acasxu_2023/onnx/ACASXU_run2a_5_1_batch_2000.onnx,vnncomp2024_benchmarks/benchmarks/acasxu_2023/vnnlib/prop_1.vnnlib,1.987213918,unsat,5.860676,8.581347798
acasxu_2023,vnncomp2024_benchmarks/benchmarks/acasxu_2023/onnx/ACASXU_run2a_5_2_batch_2000.onnx,vnncomp2024_benchmarks/benchmarks/acasxu_2023/vnnlib/prop_1.vnnlib,2.024244302,unsat,5.118064,7.956618389
acasxu_2023,vnncomp2024_benchmarks/benchmarks/acasxu_2023/onnx/ACASXU_run2a_5_3_batch_2000.onnx,vnncomp2024_benchmarks/benchmarks/acasxu_2023/vnnlib/prop_1.vnnlib,2.011268032,unsat,4.461795,7.235560596
acasxu_2023,vnncomp2024_benchmarks/benchmarks/acasxu_2023/onnx/ACASXU_run2a_5_4_batch_2000.onnx,vnncomp2024_benchmarks/benchmarks/acasxu_2023/vnnlib/prop_1.vnnlib,1.997846818,unsat,5.478341,8.247327727
acasxu_2023,vnncomp2024_benchmarks/benchmarks/acasxu_2023/onnx/ACASXU_run2a_5_5_batch_2000.onnx,vnncomp2024_benchmarks/benchmarks/acasxu_2023/vnnlib/prop_1.vnnlib,2.010436929,unsat,10.020584,12.780604512
acasxu_2023,vnncomp2024_benchmarks/benchmarks/acasxu_2023/onnx/ACASXU_run2a_5_6_batch_2000.onnx,vnncomp2024_benchmarks/benchmarks/acasxu_2023/vnnlib/prop_1.vnnlib,2.036055166,unsat,16.484210,19.251749204
acasxu_2023,vnncomp2024_benchmarks/benchmarks/acasxu_2023/onnx/ACASXU_run2a_5_7_batch_2000.onnx,vnncomp2024_benchmarks/benchmarks/acasxu_2023/vnnlib/prop_1.vnnlib,2.018677159,unsat,10.482479,13.258592174
acasxu_2023,vnncomp2024_benchmarks/benchmarks/acasxu_2023/onnx/ACASXU_run2a_5_8_batch_2000.onnx,vnncomp2024_benchmarks/benchmarks/acasxu_2023/vnnlib/prop_1.vnnlib,2.035924639,unsat,12.905914,15.671282563
acasxu_2023,vnncomp2024_benchmarks/benchmarks/acasxu_2023/onnx/ACASXU_run2a_5_9_batch_2000.onnx,vnncomp2024_benchmarks/benchmarks/acasxu_2023/vnnlib/prop_1.vnnlib,2.012403262,unsat,11.683390,14.441517252
acasxu_2023,vnncomp2024_benchmarks/benchmarks/acasxu_2023/onnx/ACASXU_run2a_1_1_batch_2000.onnx,vnncomp2024_benchmarks/benchmarks/acasxu_2023/vnnlib/prop_2.vnnlib,2.006340321,unsat,4.875847,7.640757748
acasxu_2023,vnncomp2024_benchmarks/benchmarks/acasxu_2023/onnx/ACASXU_run2a_1_2_batch_2000.onnx,vnncomp2024_benchmarks/benchmarks/acasxu_2023/vnnlib/prop_2.vnnlib,2.006961142,sat,0.662386,3.426467469
acasxu_2023,vnncomp2024_benchmarks/benchmarks/acasxu_2023/onnx/ACASXU_run2a_1_3_batch_2000.onnx,vnncomp2024_benchmarks/benchmarks/acasxu_2023/vnnlib/prop_2.vnnlib,2.001796487,sat,5.566308,8.361669472
acasxu_2023,vnncomp2024_benchmarks/benchmarks/acasxu_2023/onnx/ACASXU_run2a_1_4_batch_2000.onnx,vnncomp2024_benchmarks/benchmarks/acasxu_2023/vnnlib/prop_2.vnnlib,2.000928909,sat,1.508510,4.264878873
acasxu_2023,vnncomp2024_benchmarks/benchmarks/acasxu_2023/onnx/ACASXU_run2a_1_5_batch_2000.onnx,vnncomp2024_benchmarks/benchmarks/acasxu_2023/vnnlib/prop_2.vnnlib,2.027023163,sat,18.715850,21.496940010
acasxu_2023,vnncomp2024_benchmarks/benchmarks/acasxu_2023/onnx/ACASXU_run2a_1_6_batch_2000.onnx,vnncomp2024_benchmarks/benchmarks/acasxu_2023/vnnlib/prop_2.vnnlib,2.005215786,sat,4.871550,7.610199219
acasxu_2023,vnncomp2024_benchmarks/benchmarks/acasxu_2023/onnx/ACASXU_run2a_1_7_batch_2000.onnx,vnncomp2024_benchmarks/benchmarks/acasxu_2023/vnnlib/prop_2.vnnlib,1.998055664,unsat,8.450397,11.213078331
acasxu_2023,vnncomp2024_benchmarks/benchmarks/acasxu_2023/onnx/ACASXU_run2a_1_8_batch_2000.onnx,vnncomp2024_benchmarks/benchmarks/acasxu_2023/vnnlib/prop_2.vnnlib,2.017658936,unsat,16.788893,19.553229075
acasxu_2023,vnncomp2024_benchmarks/benchmarks/acasxu_2023/onnx/ACASXU_run2a_1_9_batch_2000.onnx,vnncomp2024_benchmarks/benchmarks/acasxu_2023/vnnlib/prop_2.vnnlib,2.020295123,unsat,17.191254,19.962968802
acasxu_2023,vnncomp2024_benchmarks/benchmarks/acasxu_2023/onnx/ACASXU_run2a_2_1_batch_2000.onnx,vnncomp2024_benchmarks/benchmarks/acasxu_2023/vnnlib/prop_2.vnnlib,2.029190814,sat,0.299377,3.073355038
acasxu_2023,vnncomp2024_benchmarks/benchmarks/acasxu_2023/onnx/ACASXU_run2a_2_2_batch_2000.onnx,vnncomp2024_benchmarks/benchmarks/acasxu_2023/vnnlib/prop_2.vnnlib,2.007882832,sat,0.283489,3.037213876
acasxu_2023,vnncomp2024_benchmarks/benchmarks/acasxu_2023/onnx/ACASXU_run2a_2_3_batch_2000.onnx,vnncomp2024_benchmarks/benchmarks/acasxu_2023/vnnlib/prop_2.vnnlib,2.003960130,sat,0.284527,3.065806541
acasxu_2023,vnncomp2024_benchmarks/benchmarks/acasxu_2023/onnx/ACASXU_run2a_2_4_batch_2000.onnx,vnncomp2024_benchmarks/benchmarks/acasxu_2023/vnnlib/prop_2.vnnlib,2.026838838,sat,0.645638,3.422181114
acasxu_2023,vnncomp2024_benchmarks/benchmarks/acasxu_2023/onnx/ACASXU_run2a_2_5_batch_2000.onnx,vnncomp2024_benchmarks/benchmarks/acasxu_2023/vnnlib/prop_2.vnnlib,2.041535833,sat,0.293823,3.065468010
acasxu_2023,vnncomp2024_benchmarks/benchmarks/acasxu_2023/onnx/ACASXU_run2a_2_6_batch_2000.onnx,vnncomp2024_benchmarks/benchmarks/acasxu_2023/vnnlib/prop_2.vnnlib,2.076172724,sat,0.296765,3.063198633
acasxu_2023,vnncomp2024_benchmarks/benchmarks/acasxu_2023/onnx/ACASXU_run2a_2_7_batch_2000.onnx,vnncomp2024_benchmarks/benchmarks/acasxu_2023/vnnlib/prop_2.vnnlib,2.005102570,sat,0.284714,3.054504833
acasxu_2023,vnncomp2024_benchmarks/benchmarks/acasxu_2023/onnx/ACASXU_run2a_2_8_batch_2000.onnx,vnncomp2024_benchmarks/benchmarks/acasxu_2023/vnnlib/prop_2.vnnlib,2.012834151,sat,0.317484,3.092943278
acasxu_2023,vnncomp2024_benchmarks/benchmarks/acasxu_2023/onnx/ACASXU_run2a_2_9_batch_2000.onnx,vnncomp2024_benchmarks/benchmarks/acasxu_2023/vnnlib/prop_2.vnnlib,2.014741426,sat,0.413135,3.169998173
acasxu_2023,vnncomp2024_benchmarks/benchmarks/acasxu_2023/onnx/ACASXU_run2a_3_1_batch_2000.onnx,vnncomp2024_benchmarks/benchmarks/acasxu_2023/vnnlib/prop_2.vnnlib,2.041801292,sat,0.292545,3.059600108
acasxu_2023,vnncomp2024_benchmarks/benchmarks/acasxu_2023/onnx/ACASXU_run2a_3_2_batch_2000.onnx,vnncomp2024_benchmarks/benchmarks/acasxu_2023/vnnlib/prop_2.vnnlib,2.070726714,sat,1.925431,4.693341370
acasxu_2023,vnncomp2024_benchmarks/benchmarks/acasxu_2023/onnx/ACASXU_run2a_3_3_batch_2000.onnx,vnncomp2024_benchmarks/benchmarks/acasxu_2023/vnnlib/prop_2.vnnlib,2.035553816,timeout,116.635112,120.111007070
acasxu_2023,vnncomp2024_benchmarks/benchmarks/acasxu_2023/onnx/ACASXU_run2a_3_4_batch_2000.onnx,vnncomp2024_benchmarks/benchmarks/acasxu_2023/vnnlib/prop_2.vnnlib,2.025571371,sat,0.320574,3.092561030
acasxu_2023,vnncomp2024_benchmarks/benchmarks/acasxu_2023/onnx/ACASXU_run2a_3_5_batch_2000.onnx,vnncomp2024_benchmarks/benchmarks/acasxu_2023/vnnlib/prop_2.vnnlib,2.075412560,sat,0.399948,3.150476616
acasxu_2023,vnncomp2024_benchmarks/benchmarks/acasxu_2023/onnx/ACASXU_run2a_3_6_batch_2000.onnx,vnncomp2024_benchmarks/benchmarks/acasxu_2023/vnnlib/prop_2.vnnlib,2.081429180,sat,0.294149,3.061340441
acasxu_2023,vnncomp2024_benchmarks/benchmarks/acasxu_2023/onnx/ACASXU_run2a_3_7_batch_2000.onnx,vnncomp2024_benchmarks/benchmarks/acasxu_2023/vnnlib/prop_2.vnnlib,2.010674450,sat,0.305746,3.064973401
acasxu_2023,vnncomp2024_benchmarks/benchmarks/acasxu_2023/onnx/ACASXU_run2a_3_8_batch_2000.onnx,vnncomp2024_benchmarks/benchmarks/acasxu_2023/vnnlib/prop_2.vnnlib,2.006316286,sat,0.282787,3.058533637
acasxu_2023,vnncomp2024_benchmarks/benchmarks/acasxu_2023/onnx/ACASXU_run2a_3_9_batch_2000.onnx,vnncomp2024_benchmarks/benchmarks/acasxu_2023/vnnlib/prop_2.vnnlib,2.053426639,sat,0.282254,3.039819595
acasxu_2023,vnncomp2024_benchmarks/benchmarks/acasxu_2023/onnx/ACASXU_run2a_4_1_batch_2000.onnx,vnncomp2024_benchmarks/benchmarks/acasxu_2023/vnnlib/prop_2.vnnlib,2.072589019,sat,0.309966,3.070763142
acasxu_2023,vnncomp2024_benchmarks/benchmarks/acasxu_2023/onnx/ACASXU_run2a_4_2_batch_2000.onnx,vnncomp2024_benchmarks/benchmarks/acasxu_2023/vnnlib/prop_2.vnnlib,2.070843536,unsat,20.052782,22.825356685
acasxu_2023,vnncomp2024_benchmarks/benchmarks/acasxu_2023/onnx/ACASXU_run2a_4_3_batch_2000.onnx,vnncomp2024_benchmarks/benchmarks/acasxu_2023/vnnlib/prop_2.vnnlib,2.018462894,sat,0.268510,3.027130480
acasxu_2023,vnncomp2024_benchmarks/benchmarks/acasxu_2023/onnx/ACASXU_run2a_4_4_batch_2000.onnx,vnncomp2024_benchmarks/benchmarks/acasxu_2023/vnnlib/prop_2.vnnlib,2.066659556,sat,0.304577,3.087525340
acasxu_2023,vnncomp2024_benchmarks/benchmarks/acasxu_2023/onnx/ACASXU_run2a_4_5_batch_2000.onnx,vnncomp2024_benchmarks/benchmarks/acasxu_2023/vnnlib/prop_2.vnnlib,2.072380786,sat,0.306195,3.080696289
acasxu_2023,vnncomp2024_benchmarks/benchmarks/acasxu_2023/onnx/ACASXU_run2a_4_6_batch_2000.onnx,vnncomp2024_benchmarks/benchmarks/acasxu_2023/vnnlib/prop_2.vnnlib,2.004905822,sat,0.284225,3.058369961
acasxu_2023,vnncomp2024_benchmarks/benchmarks/acasxu_2023/onnx/ACASXU_run2a_4_7_batch_2000.onnx,vnncomp2024_benchmarks/benchmarks/acasxu_2023/vnnlib/prop_2.vnnlib,1.997777581,sat,0.295390,3.061692087
acasxu_2023,vnncomp2024_benchmarks/benchmarks/acasxu_2023/onnx/ACASXU_run2a_4_8_batch_2000.onnx,vnncomp2024_benchmarks/benchmarks/acasxu_2023/vnnlib/prop_2.vnnlib,1.999919846,sat,0.281481,3.052036841
acasxu_2023,vnncomp2024_benchmarks/benchmarks/acasxu_2023/onnx/ACASXU_run2a_4_9_batch_2000.onnx,vnncomp2024_benchmarks/benchmarks/acasxu_2023/vnnlib/prop_2.vnnlib,2.015754917,sat,0.329921,3.095804722
acasxu_2023,vnncomp2024_benchmarks/benchmarks/acasxu_2023/onnx/ACASXU_run2a_5_1_batch_2000.onnx,vnncomp2024_benchmarks/benchmarks/acasxu_2023/vnnlib/prop_2.vnnlib,2.064880016,sat,0.326607,3.107373872
acasxu_2023,vnncomp2024_benchmarks/benchmarks/acasxu_2023/onnx/ACASXU_run2a_5_2_batch_2000.onnx,vnncomp2024_benchmarks/benchmarks/acasxu_2023/vnnlib/prop_2.vnnlib,2.063215346,sat,0.283077,3.038391469
acasxu_2023,vnncomp2024_benchmarks/benchmarks/acasxu_2023/onnx/ACASXU_run2a_5_3_batch_2000.onnx,vnncomp2024_benchmarks/benchmarks/acasxu_2023/vnnlib/prop_2.vnnlib,2.066151160,timeout,117.899722,121.285008356
acasxu_2023,vnncomp2024_benchmarks/benchmarks/acasxu_2023/onnx/ACASXU_run2a_5_4_batch_2000.onnx,vnncomp2024_benchmarks/benchmarks/acasxu_2023/vnnlib/prop_2.vnnlib,2.011420791,sat,0.311566,3.092551328
acasxu_2023,vnncomp2024_benchmarks/benchmarks/acasxu_2023/onnx/ACASXU_run2a_5_5_batch_2000.onnx,vnncomp2024_benchmarks/benchmarks/acasxu_2023/vnnlib/prop_2.vnnlib,1.993317923,sat,0.281464,3.050178679
acasxu_2023,vnncomp2024_benchmarks/benchmarks/acasxu_2023/onnx/ACASXU_run2a_5_6_batch_2000.onnx,vnncomp2024_benchmarks/benchmarks/acasxu_2023/vnnlib/prop_2.vnnlib,2.049405652,sat,0.297171,3.064536939
acasxu_2023,vnncomp2024_benchmarks/benchmarks/acasxu_2023/onnx/ACASXU_run2a_5_7_batch_2000.onnx,vnncomp2024_benchmarks/benchmarks/acasxu_2023/vnnlib/prop_2.vnnlib,2.072812361,sat,0.285492,3.045837154
acasxu_2023,vnncomp2024_benchmarks/benchmarks/acasxu_2023/onnx/ACASXU_run2a_5_8_batch_2000.onnx,vnncomp2024_benchmarks/benchmarks/acasxu_2023/vnnlib/prop_2.vnnlib,2.078920398,sat,0.286232,3.063937695
acasxu_2023,vnncomp2024_benchmarks/benchmarks/acasxu_2023/onnx/ACASXU_run2a_5_9_batch_2000.onnx,vnncomp2024_benchmarks/benchmarks/acasxu_2023/vnnlib/prop_2.vnnlib,2.065588725,sat,0.283697,3.019650086
acasxu_2023,vnncomp2024_benchmarks/benchmarks/acasxu_2023/onnx/ACASXU_run2a_1_1_batch_2000.onnx,vnncomp2024_benchmarks/benchmarks/acasxu_2023/vnnlib/prop_3.vnnlib,2.072624924,unsat,16.984118,19.762609862
acasxu_2023,vnncomp2024_benchmarks/benchmarks/acasxu_2023/onnx/ACASXU_run2a_1_2_batch_2000.onnx,vnncomp2024_benchmarks/benchmarks/acasxu_2023/vnnlib/prop_3.vnnlib,2.014459160,unsat,4.760509,7.528622800
acasxu_2023,vnncomp2024_benchmarks/benchmarks/acasxu_2023/onnx/ACASXU_run2a_1_3_batch_2000.onnx,vnncomp2024_benchmarks/benchmarks/acasxu_2023/vnnlib/prop_3.vnnlib,2.017185460,unsat,14.279515,17.046842187
acasxu_2023,vnncomp2024_benchmarks/benchmarks/acasxu_2023/onnx/ACASXU_run2a_1_4_batch_2000.onnx,vnncomp2024_benchmarks/benchmarks/acasxu_2023/vnnlib/prop_3.vnnlib,2.007642625,unsat,4.235070,6.998101893
acasxu_2023,vnncomp2024_benchmarks/benchmarks/acasxu_2023/onnx/ACASXU_run2a_1_5_batch_2000.onnx,vnncomp2024_benchmarks/benchmarks/acasxu_2023/vnnlib/prop_3.vnnlib,2.039470065,unsat,4.214099,6.984123268
acasxu_2023,vnncomp2024_benchmarks/benchmarks/acasxu_2023/onnx/ACASXU_run2a_1_6_batch_2000.onnx,vnncomp2024_benchmarks/benchmarks/acasxu_2023/vnnlib/prop_3.vnnlib,2.025890019,unsat,4.213136,6.979116180
acasxu_2023,vnncomp2024_benchmarks/benchmarks/acasxu_2023/onnx/ACASXU_run2a_1_7_batch_2000.onnx,vnncomp2024_benchmarks/benchmarks/acasxu_2023/vnnlib/prop_3.vnnlib,2.028025188,sat,0.283373,3.058640670
acasxu_2023,vnncomp2024_benchmarks/benchmarks/acasxu_2023/onnx/ACASXU_run2a_1_8_batch_2000.onnx,vnncomp2024_benchmarks/benchmarks/acasxu_2023/vnnlib/prop_3.vnnlib,2.077390514,sat,0.282801,3.052028022
acasxu_2023,vnncomp2024_benchmarks/benchmarks/acasxu_2023/onnx/ACASXU_run2a_1_9_batch_2000.onnx,vnncomp2024_benchmarks/benchmarks/acasxu_2023/vnnlib/prop_3.vnnlib,2.076127383,sat,0.290697,3.046756325
acasxu_2023,vnncomp2024_benchmarks/benchmarks/acasxu_2023/onnx/ACASXU_run2a_2_1_batch_2000.onnx,vnncomp2024_benchmarks/benchmarks/acasxu_2023/vnnlib/prop_3.vnnlib,2.067261110,unsat,7.927228,10.696622302
acasxu_2023,vnncomp2024_benchmarks/benchmarks/acasxu_2023/onnx/ACASXU_run2a_2_2_batch_2000.onnx,vnncomp2024_benchmarks/benchmarks/acasxu_2023/vnnlib/prop_3.vnnlib,2.028356098,unsat,4.447042,7.207723553
acasxu_2023,vnncomp2024_benchmarks/benchmarks/acasxu_2023/onnx/ACASXU_run2a_2_3_batch_2000.onnx,vnncomp2024_benchmarks/benchmarks/acasxu_2023/vnnlib/prop_3.vnnlib,2.004184811,unsat,5.119055,7.895217356
acasxu_2023,vnncomp2024_benchmarks/benchmarks/acasxu_2023/onnx/ACASXU_run2a_2_4_batch_2000.onnx,vnncomp2024_benchmarks/benchmarks/acasxu_2023/vnnlib/prop_3.vnnlib,2.033685296,unsat,4.266112,7.035218571
acasxu_2023,vnncomp2024_benchmarks/benchmarks/acasxu_2023/onnx/ACASXU_run2a_2_5_batch_2000.onnx,vnncomp2024_benchmarks/benchmarks/acasxu_2023/vnnlib/prop_3.vnnlib,2.016467869,unsat,4.160033,6.931385872
acasxu_2023,vnncomp2024_benchmarks/benchmarks/acasxu_2023/onnx/ACASXU_run2a_2_6_batch_2000.onnx,vnncomp2024_benchmarks/benchmarks/acasxu_2023/vnnlib/prop_3.vnnlib,1.997206742,unsat,4.205683,6.976456398
acasxu_2023,vnncomp2024_benchmarks/benchmarks/acasxu_2023/onnx/ACASXU_run2a_2_7_batch_2000.onnx,vnncomp2024_benchmarks/benchmarks/acasxu_2023/vnnlib/prop_3.vnnlib,2.015777535,unsat,4.567398,7.339637851
acasxu_2023,vnncomp2024_benchmarks/benchmarks/acasxu_2023/onnx/ACASXU_run2a_2_8_batch_2000.onnx,vnncomp2024_benchmarks/benchmarks/acasxu_2023/vnnlib/prop_3.vnnlib,2.019426181,unsat,4.216781,6.994005098
acasxu_2023,vnncomp2024_benchmarks/benchmarks/acasxu_2023/onnx/ACASXU_run2a_2_9_batch_2000.onnx,vnncomp2024_benchmarks/benchmarks/acasxu_2023/vnnlib/prop_3.vnnlib,2.033818657,unsat,4.172471,6.943135132
acasxu_2023,vnncomp2024_benchmarks/benchmarks/acasxu_2023/onnx/ACASXU_run2a_3_1_batch_2000.onnx,vnncomp2024_benchmarks/benchmarks/acasxu_2023/vnnlib/prop_3.vnnlib,2.035871908,unsat,5.861260,8.632426189
acasxu_2023,vnncomp2024_benchmarks/benchmarks/acasxu_2023/onnx/ACASXU_run2a_3_2_batch_2000.onnx,vnncomp2024_benchmarks/benchmarks/acasxu_2023/vnnlib/prop_3.vnnlib,2.008388223,unsat,4.296111,7.066325838
acasxu_2023,vnncomp2024_benchmarks/benchmarks/acasxu_2023/onnx/ACASXU_run2a_3_3_batch_2000.onnx,vnncomp2024_benchmarks/benchmarks/acasxu_2023/vnnlib/prop_3.vnnlib,2.010257589,unsat,4.339468,7.106859295
acasxu_2023,vnncomp2024_benchmarks/benchmarks/acasxu_2023/onnx/ACASXU_run2a_3_4_batch_2000.onnx,vnncomp2024_benchmarks/benchmarks/acasxu_2023/vnnlib/prop_3.vnnlib,2.031229162,unsat,4.177639,6.946560317
acasxu_2023,vnncomp2024_benchmarks/benchmarks/acasxu_2023/onnx/ACASXU_run2a_3_5_batch_2000.onnx,vnncomp2024_benchmarks/benchmarks/acasxu_2023/vnnlib/prop_3.vnnlib,2.026257152,unsat,4.243415,7.006979859
acasxu_2023,vnncomp2024_benchmarks/benchmarks/acasxu_2023/onnx/ACASXU_run2a_3_6_batch_2000.onnx,vnncomp2024_benchmarks/benchmarks/acasxu_2023/vnnlib/prop_3.vnnlib,2.036191453,unsat,5.415870,8.182597090
acasxu_2023,vnncomp2024_benchmarks/benchmarks/acasxu_2023/onnx/ACASXU_run2a_3_7_batch_2000.onnx,vnncomp2024_benchmarks/benchmarks/acasxu_2023/vnnlib/prop_3.vnnlib,2.007318161,unsat,4.079032,6.840319179
acasxu_2023,vnncomp2024_benchmarks/benchmarks/acasxu_2023/onnx/ACASXU_run2a_3_8_batch_2000.onnx,vnncomp2024_benchmarks/benchmarks/acasxu_2023/vnnlib/prop_3.vnnlib,2.075726730,unsat,4.374356,7.151464978
acasxu_2023,vnncomp2024_benchmarks/benchmarks/acasxu_2023/onnx/ACASXU_run2a_3_9_batch_2000.onnx,vnncomp2024_benchmarks/benchmarks/acasxu_2023/vnnlib/prop_3.vnnlib,2.036109181,unsat,4.309225,7.077418028
acasxu_2023,vnncomp2024_benchmarks/benchmarks/acasxu_2023/onnx/ACASXU_run2a_4_1_batch_2000.onnx,vnncomp2024_benchmarks/benchmarks/acasxu_2023/vnnlib/prop_3.vnnlib,2.010516770,unsat,5.978677,8.747118033
acasxu_2023,vnncomp2024_benchmarks/benchmarks/acasxu_2023/onnx/ACASXU_run2a_4_2_batch_2000.onnx,vnncomp2024_benchmarks/benchmarks/acasxu_2023/vnnlib/prop_3.vnnlib,2.002680981,unsat,4.840566,7.599057602
acasxu_2023,vnncomp2024_benchmarks/benchmarks/acasxu_2023/onnx/ACASXU_run2a_4_3_batch_2000.onnx,vnncomp2024_benchmarks/benchmarks/acasxu_2023/vnnlib/prop_3.vnnlib,2.008638040,unsat,4.513504,7.290123113
acasxu_2023,vnncomp2024_benchmarks/benchmarks/acasxu_2023/onnx/ACASXU_run2a_4_4_batch_2000.onnx,vnncomp2024_benchmarks/benchmarks/acasxu_2023/vnnlib/prop_3.vnnlib,2.033526810,unsat,4.179388,6.953354404
acasxu_2023,vnncomp2024_benchmarks/benchmarks/acasxu_2023/onnx/ACASXU_run2a_4_5_batch_2000.onnx,vnncomp2024_benchmarks/benchmarks/acasxu_2023/vnnlib/prop_3.vnnlib,2.058887852,unsat,4.083608,6.849809900
acasxu_2023,vnncomp2024_benchmarks/benchmarks/acasxu_2023/onnx/ACASXU_run2a_4_6_batch_2000.onnx,vnncomp2024_benchmarks/benchmarks/acasxu_2023/vnnlib/prop_3.vnnlib,2.034925790,unsat,5.416860,8.187634797
acasxu_2023,vnncomp2024_benchmarks/benchmarks/acasxu_2023/onnx/ACASXU_run2a_4_7_batch_2000.onnx,vnncomp2024_benchmarks/benchmarks/acasxu_2023/vnnlib/prop_3.vnnlib,2.016684307,unsat,4.247215,7.011606708
acasxu_2023,vnncomp2024_benchmarks/benchmarks/acasxu_2023/onnx/ACASXU_run2a_4_8_batch_2000.onnx,vnncomp2024_benchmarks/benchmarks/acasxu_2023/vnnlib/prop_3.vnnlib,2.034749478,unsat,4.387941,7.154977988
acasxu_2023,vnncomp2024_benchmarks/benchmarks/acasxu_2023/onnx/ACASXU_run2a_4_9_batch_2000.onnx,vnncomp2024_benchmarks/benchmarks/acasxu_2023/vnnlib/prop_3.vnnlib,2.014145626,unsat,4.362946,7.150474775
acasxu_2023,vnncomp2024_benchmarks/benchmarks/acasxu_2023/onnx/ACASXU_run2a_5_1_batch_2000.onnx,vnncomp2024_benchmarks/benchmarks/acasxu_2023/vnnlib/prop_3.vnnlib,2.031411680,unsat,5.505375,8.277392232
acasxu_2023,vnncomp2024_benchmarks/benchmarks/acasxu_2023/onnx/ACASXU_run2a_5_2_batch_2000.onnx,vnncomp2024_benchmarks/benchmarks/acasxu_2023/vnnlib/prop_3.vnnlib,2.013366650,unsat,4.272318,7.031951926
acasxu_2023,vnncomp2024_benchmarks/benchmarks/acasxu_2023/onnx/ACASXU_run2a_5_3_batch_2000.onnx,vnncomp2024_benchmarks/benchmarks/acasxu_2023/vnnlib/prop_3.vnnlib,2.028512095,unsat,4.255672,7.024051554
acasxu_2023,vnncomp2024_benchmarks/benchmarks/acasxu_2023/onnx/ACASXU_run2a_5_4_batch_2000.onnx,vnncomp2024_benchmarks/benchmarks/acasxu_2023/vnnlib/prop_3.vnnlib,2.055341058,unsat,4.202151,6.971822985
acasxu_2023,vnncomp2024_benchmarks/benchmarks/acasxu_2023/onnx/ACASXU_run2a_5_5_batch_2000.onnx,vnncomp2024_benchmarks/benchmarks/acasxu_2023/vnnlib/prop_3.vnnlib,2.005990767,unsat,4.327177,7.089334953
acasxu_2023,vnncomp2024_benchmarks/benchmarks/acasxu_2023/onnx/ACASXU_run2a_5_6_batch_2000.onnx,vnncomp2024_benchmarks/benchmarks/acasxu_2023/vnnlib/prop_3.vnnlib,2.009929055,unsat,4.228183,6.995382167
acasxu_2023,vnncomp2024_benchmarks/benchmarks/acasxu_2023/onnx/ACASXU_run2a_5_7_batch_2000.onnx,vnncomp2024_benchmarks/benchmarks/acasxu_2023/vnnlib/prop_3.vnnlib,2.004170500,unsat,4.056048,6.824300503
acasxu_2023,vnncomp2024_benchmarks/benchmarks/acasxu_2023/onnx/ACASXU_run2a_5_8_batch_2000.onnx,vnncomp2024_benchmarks/benchmarks/acasxu_2023/vnnlib/prop_3.vnnlib,2.008264918,unsat,4.349019,7.121442532
acasxu_2023,vnncomp2024_benchmarks/benchmarks/acasxu_2023/onnx/ACASXU_run2a_5_9_batch_2000.onnx,vnncomp2024_benchmarks/benchmarks/acasxu_2023/vnnlib/prop_3.vnnlib,2.000885431,unsat,4.259830,7.033163271
acasxu_2023,vnncomp2024_benchmarks/benchmarks/acasxu_2023/onnx/ACASXU_run2a_1_1_batch_2000.onnx,vnncomp2024_benchmarks/benchmarks/acasxu_2023/vnnlib/prop_4.vnnlib,1.997694274,unsat,4.372666,7.141046307
acasxu_2023,vnncomp2024_benchmarks/benchmarks/acasxu_2023/onnx/ACASXU_run2a_1_2_batch_2000.onnx,vnncomp2024_benchmarks/benchmarks/acasxu_2023/vnnlib/prop_4.vnnlib,2.052560329,unsat,9.631790,12.407886283
acasxu_2023,vnncomp2024_benchmarks/benchmarks/acasxu_2023/onnx/ACASXU_run2a_1_3_batch_2000.onnx,vnncomp2024_benchmarks/benchmarks/acasxu_2023/vnnlib/prop_4.vnnlib,2.010019157,unsat,4.372735,7.133285012
acasxu_2023,vnncomp2024_benchmarks/benchmarks/acasxu_2023/onnx/ACASXU_run2a_1_4_batch_2000.onnx,vnncomp2024_benchmarks/benchmarks/acasxu_2023/vnnlib/prop_4.vnnlib,1.992997565,unsat,4.290604,7.060165673
acasxu_2023,vnncomp2024_benchmarks/benchmarks/acasxu_2023/onnx/ACASXU_run2a_1_5_batch_2000.onnx,vnncomp2024_benchmarks/benchmarks/acasxu_2023/vnnlib/prop_4.vnnlib,2.007971216,unsat,4.288508,7.060053377
acasxu_2023,vnncomp2024_benchmarks/benchmarks/acasxu_2023/onnx/ACASXU_run2a_1_6_batch_2000.onnx,vnncomp2024_benchmarks/benchmarks/acasxu_2023/vnnlib/prop_4.vnnlib,2.008875943,unsat,4.199624,6.970529823
acasxu_2023,vnncomp2024_benchmarks/benchmarks/acasxu_2023/onnx/ACASXU_run2a_1_7_batch_2000.onnx,vnncomp2024_benchmarks/benchmarks/acasxu_2023/vnnlib/prop_4.vnnlib,2.012425000,sat,0.283596,3.054897133
acasxu_2023,vnncomp2024_benchmarks/benchmarks/acasxu_2023/onnx/ACASXU_run2a_1_8_batch_2000.onnx,vnncomp2024_benchmarks/benchmarks/acasxu_2023/vnnlib/prop_4.vnnlib,2.065885218,sat,0.283434,3.052277375
acasxu_2023,vnncomp2024_benchmarks/benchmarks/acasxu_2023/onnx/ACASXU_run2a_1_9_batch_2000.onnx,vnncomp2024_benchmarks/benchmarks/acasxu_2023/vnnlib/prop_4.vnnlib,2.047691298,sat,0.282045,3.054463327
acasxu_2023,vnncomp2024_benchmarks/benchmarks/acasxu_2023/onnx/ACASXU_run2a_2_1_batch_2000.onnx,vnncomp2024_benchmarks/benchmarks/acasxu_2023/vnnlib/prop_4.vnnlib,2.070260380,unsat,4.398200,7.162812904
acasxu_2023,vnncomp2024_benchmarks/benchmarks/acasxu_2023/onnx/ACASXU_run2a_2_2_batch_2000.onnx,vnncomp2024_benchmarks/benchmarks/acasxu_2023/vnnlib/prop_4.vnnlib,2.055037365,unsat,4.471859,7.240807117
acasxu_2023,vnncomp2024_benchmarks/benchmarks/acasxu_2023/onnx/ACASXU_run2a_2_3_batch_2000.onnx,vnncomp2024_benchmarks/benchmarks/acasxu_2023/vnnlib/prop_4.vnnlib,2.030562710,unsat,4.209494,6.975548130
acasxu_2023,vnncomp2024_benchmarks/benchmarks/acasxu_2023/onnx/ACASXU_run2a_2_4_batch_2000.onnx,vnncomp2024_benchmarks/benchmarks/acasxu_2023/vnnlib/prop_4.vnnlib,2.003246953,unsat,4.168357,6.936590725
acasxu_2023,vnncomp2024_benchmarks/benchmarks/acasxu_2023/onnx/ACASXU_run2a_2_5_batch_2000.onnx,vnncomp2024_benchmarks/benchmarks/acasxu_2023/vnnlib/prop_4.vnnlib,2.009016890,unsat,4.215694,6.983405182
acasxu_2023,vnncomp2024_benchmarks/benchmarks/acasxu_2023/onnx/ACASXU_run2a_2_6_batch_2000.onnx,vnncomp2024_benchmarks/benchmarks/acasxu_2023/vnnlib/prop_4.vnnlib,2.017220309,unsat,4.346182,7.116930756
acasxu_2023,vnncomp2024_benchmarks/benchmarks/acasxu_2023/onnx/ACASXU_run2a_2_7_batch_2000.onnx,vnncomp2024_benchmarks/benchmarks/acasxu_2023/vnnlib/prop_4.vnnlib,2.027668079,unsat,4.256598,7.038357082
acasxu_2023,vnncomp2024_benchmarks/benchmarks/acasxu_2023/onnx/ACASXU_run2a_2_8_batch_2000.onnx,vnncomp2024_benchmarks/benchmarks/acasxu_2023/vnnlib/prop_4.vnnlib,2.035454954,unsat,4.252652,7.022210461
acasxu_2023,vnncomp2024_benchmarks/benchmarks/acasxu_2023/onnx/ACASXU_run2a_2_9_batch_2000.onnx,vnncomp2024_benchmarks/benchmarks/acasxu_2023/vnnlib/prop_4.vnnlib,2.034079509,unsat,4.060900,6.825205483
acasxu_2023,vnncomp2024_benchmarks/benchmarks/acasxu_2023/onnx/ACASXU_run2a_3_1_batch_2000.onnx,vnncomp2024_benchmarks/benchmarks/acasxu_2023/vnnlib/prop_4.vnnlib,2.048492023,unsat,4.384302,7.151715894
acasxu_2023,vnncomp2024_benchmarks/benchmarks/acasxu_2023/onnx/ACASXU_run2a_3_2_batch_2000.onnx,vnncomp2024_benchmarks/benchmarks/acasxu_2023/vnnlib/prop_4.vnnlib,2.046220310,unsat,4.238573,7.010349583
acasxu_2023,vnncomp2024_benchmarks/benchmarks/acasxu_2023/onnx/ACASXU_run2a_3_3_batch_2000.onnx,vnncomp2024_benchmarks/benchmarks/acasxu_2023/vnnlib/prop_4.vnnlib,2.022155769,unsat,4.225940,6.992469775
acasxu_2023,vnncomp2024_benchmarks/benchmarks/acasxu_2023/onnx/ACASXU_run2a_3_4_batch_2000.onnx,vnncomp2024_benchmarks/benchmarks/acasxu_2023/vnnlib/prop_4.vnnlib,2.044438570,unsat,4.111227,6.881294507
acasxu_2023,vnncomp2024_benchmarks/benchmarks/acasxu_2023/onnx/ACASXU_run2a_3_5_batch_2000.onnx,vnncomp2024_benchmarks/benchmarks/acasxu_2023/vnnlib/prop_4.vnnlib,2.039503851,unsat,4.265341,7.029600438
acasxu_2023,vnncomp2024_benchmarks/benchmarks/acasxu_2023/onnx/ACASXU_run2a_3_6_batch_2000.onnx,vnncomp2024_benchmarks/benchmarks/acasxu_2023/vnnlib/prop_4.vnnlib,2.078184258,unsat,4.353889,7.143329906
acasxu_2023,vnncomp2024_benchmarks/benchmarks/acasxu_2023/onnx/ACASXU_run2a_3_7_batch_2000.onnx,vnncomp2024_benchmarks/benchmarks/acasxu_2023/vnnlib/prop_4.vnnlib,1.993800238,unsat,4.238788,7.007800655
acasxu_2023,vnncomp2024_benchmarks/benchmarks/acasxu_2023/onnx/ACASXU_run2a_3_8_batch_2000.onnx,vnncomp2024_benchmarks/benchmarks/acasxu_2023/vnnlib/prop_4.vnnlib,1.999113840,unsat,4.191236,6.965630295
acasxu_2023,vnncomp2024_benchmarks/benchmarks/acasxu_2023/onnx/ACASXU_run2a_3_9_batch_2000.onnx,vnncomp2024_benchmarks/benchmarks/acasxu_2023/vnnlib/prop_4.vnnlib,1.997832857,unsat,4.256467,7.021895964
acasxu_2023,vnncomp2024_benchmarks/benchmarks/acasxu_2023/onnx/ACASXU_run2a_4_1_batch_2000.onnx,vnncomp2024_benchmarks/benchmarks/acasxu_2023/vnnlib/prop_4.vnnlib,1.990241779,unsat,4.300035,7.068561738
acasxu_2023,vnncomp2024_benchmarks/benchmarks/acasxu_2023/onnx/ACASXU_run2a_4_2_batch_2000.onnx,vnncomp2024_benchmarks/benchmarks/acasxu_2023/vnnlib/prop_4.vnnlib,2.022321017,unsat,4.378056,7.148536403
acasxu_2023,vnncomp2024_benchmarks/benchmarks/acasxu_2023/onnx/ACASXU_run2a_4_3_batch_2000.onnx,vnncomp2024_benchmarks/benchmarks/acasxu_2023/vnnlib/prop_4.vnnlib,2.034736272,unsat,4.241304,7.009646379
acasxu_2023,vnncomp2024_benchmarks/benchmarks/acasxu_2023/onnx/ACASXU_run2a_4_4_batch_2000.onnx,vnncomp2024_benchmarks/benchmarks/acasxu_2023/vnnlib/prop_4.vnnlib,2.020765169,unsat,4.220813,6.984707207
acasxu_2023,vnncomp2024_benchmarks/benchmarks/acasxu_2023/onnx/ACASXU_run2a_4_5_batch_2000.onnx,vnncomp2024_benchmarks/benchmarks/acasxu_2023/vnnlib/prop_4.vnnlib,2.027421478,unsat,4.265009,7.040637608
acasxu_2023,vnncomp2024_benchmarks/benchmarks/acasxu_2023/onnx/ACASXU_run2a_4_6_batch_2000.onnx,vnncomp2024_benchmarks/benchmarks/acasxu_2023/vnnlib/prop_4.vnnlib,2.033910056,unsat,4.229518,7.002300543
acasxu_2023,vnncomp2024_benchmarks/benchmarks/acasxu_2023/onnx/ACASXU_run2a_4_7_batch_2000.onnx,vnncomp2024_benchmarks/benchmarks/acasxu_2023/vnnlib/prop_4.vnnlib,2.030384024,unsat,4.311290,7.084111773
acasxu_2023,vnncomp2024_benchmarks/benchmarks/acasxu_2023/onnx/ACASXU_run2a_4_8_batch_2000.onnx,vnncomp2024_benchmarks/benchmarks/acasxu_2023/vnnlib/prop_4.vnnlib,2.073209861,unsat,4.336899,7.126862202
acasxu_2023,vnncomp2024_benchmarks/benchmarks/acasxu_2023/onnx/ACASXU_run2a_4_9_batch_2000.onnx,vnncomp2024_benchmarks/benchmarks/acasxu_2023/vnnlib/prop_4.vnnlib,1.997311630,unsat,4.225933,7.005274409
acasxu_2023,vnncomp2024_benchmarks/benchmarks/acasxu_2023/onnx/ACASXU_run2a_5_1_batch_2000.onnx,vnncomp2024_benchmarks/benchmarks/acasxu_2023/vnnlib/prop_4.vnnlib,2.003242293,unsat,4.391877,7.164656484
acasxu_2023,vnncomp2024_benchmarks/benchmarks/acasxu_2023/onnx/ACASXU_run2a_5_2_batch_2000.onnx,vnncomp2024_benchmarks/benchmarks/acasxu_2023/vnnlib/prop_4.vnnlib,2.021628829,unsat,4.265314,7.038253489
acasxu_2023,vnncomp2024_benchmarks/benchmarks/acasxu_2023/onnx/ACASXU_run2a_5_3_batch_2000.onnx,vnncomp2024_benchmarks/benchmarks/acasxu_2023/vnnlib/prop_4.vnnlib,2.028724454,unsat,4.230991,7.008203303
acasxu_2023,vnncomp2024_benchmarks/benchmarks/acasxu_2023/onnx/ACASXU_run2a_5_4_batch_2000.onnx,vnncomp2024_benchmarks/benchmarks/acasxu_2023/vnnlib/prop_4.vnnlib,2.044489703,unsat,4.193777,6.966211007
acasxu_2023,vnncomp2024_benchmarks/benchmarks/acasxu_2023/onnx/ACASXU_run2a_5_5_batch_2000.onnx,vnncomp2024_benchmarks/benchmarks/acasxu_2023/vnnlib/prop_4.vnnlib,2.034638935,unsat,4.292747,7.065257490
acasxu_2023,vnncomp2024_benchmarks/benchmarks/acasxu_2023/onnx/ACASXU_run2a_5_6_batch_2000.onnx,vnncomp2024_benchmarks/benchmarks/acasxu_2023/vnnlib/prop_4.vnnlib,2.052923445,unsat,4.453874,7.228910808
acasxu_2023,vnncomp2024_benchmarks/benchmarks/acasxu_2023/onnx/ACASXU_run2a_5_7_batch_2000.onnx,vnncomp2024_benchmarks/benchmarks/acasxu_2023/vnnlib/prop_4.vnnlib,2.033247709,unsat,4.215346,6.981968230
acasxu_2023,vnncomp2024_benchmarks/benchmarks/acasxu_2023/onnx/ACASXU_run2a_5_8_batch_2000.onnx,vnncomp2024_benchmarks/benchmarks/acasxu_2023/vnnlib/prop_4.vnnlib,2.001569027,unsat,4.400436,7.171204325
acasxu_2023,vnncomp2024_benchmarks/benchmarks/acasxu_2023/onnx/ACASXU_run2a_5_9_batch_2000.onnx,vnncomp2024_benchmarks/benchmarks/acasxu_2023/vnnlib/prop_4.vnnlib,1.997810823,unsat,4.286895,7.059472254
acasxu_2023,vnncomp2024_benchmarks/benchmarks/acasxu_2023/onnx/ACASXU_run2a_1_1_batch_2000.onnx,vnncomp2024_benchmarks/benchmarks/acasxu_2023/vnnlib/prop_5.vnnlib,2.004912431,unsat,17.429407,20.205004520
acasxu_2023,vnncomp2024_benchmarks/benchmarks/acasxu_2023/onnx/ACASXU_run2a_1_1_batch_2000.onnx,vnncomp2024_benchmarks/benchmarks/acasxu_2023/vnnlib/prop_6.vnnlib,2.037881896,unsat,14.554471,17.327781711
acasxu_2023,vnncomp2024_benchmarks/benchmarks/acasxu_2023/onnx/ACASXU_run2a_1_9_batch_2000.onnx,vnncomp2024_benchmarks/benchmarks/acasxu_2023/vnnlib/prop_7.vnnlib,2.007147674,sat,11.023017,13.766390401
acasxu_2023,vnncomp2024_benchmarks/benchmarks/acasxu_2023/onnx/ACASXU_run2a_2_9_batch_2000.onnx,vnncomp2024_benchmarks/benchmarks/acasxu_2023/vnnlib/prop_8.vnnlib,2.008800173,sat,4.961131,7.742913264
acasxu_2023,vnncomp2024_benchmarks/benchmarks/acasxu_2023/onnx/ACASXU_run2a_3_3_batch_2000.onnx,vnncomp2024_benchmarks/benchmarks/acasxu_2023/vnnlib/prop_9.vnnlib,2.021213928,unsat,12.310978,15.080631804
acasxu_2023,vnncomp2024_benchmarks/benchmarks/acasxu_2023/onnx/ACASXU_run2a_4_5_batch_2000.onnx,vnncomp2024_benchmarks/benchmarks/acasxu_2023/vnnlib/prop_10.vnnlib,2.011273228,unsat,12.797633,15.551891262
acasxu_2023,vnncomp2024_benchmarks/benchmarks/test/test_nano.onnx,vnncomp2024_benchmarks/benchmarks/test/test_nano.vnnlib,1.977135043,unsat,3.425401,6.181669902
cctsdb_yolo_2023,vnncomp2024_benchmarks/benchmarks/cctsdb_yolo_2023/onnx/patch-1.onnx,vnncomp2024_benchmarks/benchmarks/cctsdb_yolo_2023/vnnlib/spec_onnx_patch-1_idx_00559_0.vnnlib,1.892657521,no_result_in_file,4.959491762
cctsdb_yolo_2023,vnncomp2024_benchmarks/benchmarks/cctsdb_yolo_2023/onnx/patch-1.onnx,vnncomp2024_benchmarks/benchmarks/cctsdb_yolo_2023/vnnlib/spec_onnx_patch-1_idx_16972_2.vnnlib,1.853037571,no_result_in_file,4.815587756
cctsdb_yolo_2023,vnncomp2024_benchmarks/benchmarks/cctsdb_yolo_2023/onnx/patch-3.onnx,vnncomp2024_benchmarks/benchmarks/cctsdb_yolo_2023/vnnlib/spec_onnx_patch-3_idx_05840_0.vnnlib,1.854641277,no_result_in_file,4.798393658
cctsdb_yolo_2023,vnncomp2024_benchmarks/benchmarks/cctsdb_yolo_2023/onnx/patch-1.onnx,vnncomp2024_benchmarks/benchmarks/cctsdb_yolo_2023/vnnlib/spec_onnx_patch-1_idx_01937_0.vnnlib,1.849553536,no_result_in_file,4.799071073
cctsdb_yolo_2023,vnncomp2024_benchmarks/benchmarks/cctsdb_yolo_2023/onnx/patch-1.onnx,vnncomp2024_benchmarks/benchmarks/cctsdb_yolo_2023/vnnlib/spec_onnx_patch-1_idx_12559_0.vnnlib,1.847016315,no_result_in_file,4.785297733
cctsdb_yolo_2023,vnncomp2024_benchmarks/benchmarks/cctsdb_yolo_2023/onnx/patch-3.onnx,vnncomp2024_benchmarks/benchmarks/cctsdb_yolo_2023/vnnlib/spec_onnx_patch-3_idx_00303_0.vnnlib,1.858624999,no_result_in_file,4.804862207
cctsdb_yolo_2023,vnncomp2024_benchmarks/benchmarks/cctsdb_yolo_2023/onnx/patch-3.onnx,vnncomp2024_benchmarks/benchmarks/cctsdb_yolo_2023/vnnlib/spec_onnx_patch-3_idx_03292_0.vnnlib,1.853014568,no_result_in_file,4.813833024
cctsdb_yolo_2023,vnncomp2024_benchmarks/benchmarks/cctsdb_yolo_2023/onnx/patch-1.onnx,vnncomp2024_benchmarks/benchmarks/cctsdb_yolo_2023/vnnlib/spec_onnx_patch-1_idx_01849_0.vnnlib,1.848577944,no_result_in_file,4.784195456
cctsdb_yolo_2023,vnncomp2024_benchmarks/benchmarks/cctsdb_yolo_2023/onnx/patch-1.onnx,vnncomp2024_benchmarks/benchmarks/cctsdb_yolo_2023/vnnlib/spec_onnx_patch-1_idx_02037_0.vnnlib,1.856846548,no_result_in_file,4.799674240
cctsdb_yolo_2023,vnncomp2024_benchmarks/benchmarks/cctsdb_yolo_2023/onnx/patch-1.onnx,vnncomp2024_benchmarks/benchmarks/cctsdb_yolo_2023/vnnlib/spec_onnx_patch-1_idx_13786_0.vnnlib,1.859528334,no_result_in_file,4.796330024
cctsdb_yolo_2023,vnncomp2024_benchmarks/benchmarks/cctsdb_yolo_2023/onnx/patch-1.onnx,vnncomp2024_benchmarks/benchmarks/cctsdb_yolo_2023/vnnlib/spec_onnx_patch-1_idx_07658_0.vnnlib,1.850029485,no_result_in_file,4.820055617
cctsdb_yolo_2023,vnncomp2024_benchmarks/benchmarks/cctsdb_yolo_2023/onnx/patch-3.onnx,vnncomp2024_benchmarks/benchmarks/cctsdb_yolo_2023/vnnlib/spec_onnx_patch-3_idx_01534_0.vnnlib,1.852542126,no_result_in_file,4.794479862
cctsdb_yolo_2023,vnncomp2024_benchmarks/benchmarks/cctsdb_yolo_2023/onnx/patch-3.onnx,vnncomp2024_benchmarks/benchmarks/cctsdb_yolo_2023/vnnlib/spec_onnx_patch-3_idx_15377_1.vnnlib,1.849669842,no_result_in_file,4.784976648
cctsdb_yolo_2023,vnncomp2024_benchmarks/benchmarks/cctsdb_yolo_2023/onnx/patch-3.onnx,vnncomp2024_benchmarks/benchmarks/cctsdb_yolo_2023/vnnlib/spec_onnx_patch-3_idx_03396_1.vnnlib,1.854180089,no_result_in_file,4.789999078
cctsdb_yolo_2023,vnncomp2024_benchmarks/benchmarks/cctsdb_yolo_2023/onnx/patch-1.onnx,vnncomp2024_benchmarks/benchmarks/cctsdb_yolo_2023/vnnlib/spec_onnx_patch-1_idx_00087_1.vnnlib,1.848872580,no_result_in_file,4.790402414
cctsdb_yolo_2023,vnncomp2024_benchmarks/benchmarks/cctsdb_yolo_2023/onnx/patch-3.onnx,vnncomp2024_benchmarks/benchmarks/cctsdb_yolo_2023/vnnlib/spec_onnx_patch-3_idx_12878_4.vnnlib,1.896323829,no_result_in_file,4.807956167
cctsdb_yolo_2023,vnncomp2024_benchmarks/benchmarks/cctsdb_yolo_2023/onnx/patch-1.onnx,vnncomp2024_benchmarks/benchmarks/cctsdb_yolo_2023/vnnlib/spec_onnx_patch-1_idx_03775_0.vnnlib,1.855391350,no_result_in_file,4.773311449
cctsdb_yolo_2023,vnncomp2024_benchmarks/benchmarks/cctsdb_yolo_2023/onnx/patch-1.onnx,vnncomp2024_benchmarks/benchmarks/cctsdb_yolo_2023/vnnlib/spec_onnx_patch-1_idx_00099_1.vnnlib,1.849306427,no_result_in_file,4.786906790
cctsdb_yolo_2023,vnncomp2024_benchmarks/benchmarks/cctsdb_yolo_2023/onnx/patch-3.onnx,vnncomp2024_benchmarks/benchmarks/cctsdb_yolo_2023/vnnlib/spec_onnx_patch-3_idx_14771_0.vnnlib,1.857777888,no_result_in_file,4.796618713
cctsdb_yolo_2023,vnncomp2024_benchmarks/benchmarks/cctsdb_yolo_2023/onnx/patch-1.onnx,vnncomp2024_benchmarks/benchmarks/cctsdb_yolo_2023/vnnlib/spec_onnx_patch-1_idx_00269_0.vnnlib,1.846290933,no_result_in_file,4.789122503
cctsdb_yolo_2023,vnncomp2024_benchmarks/benchmarks/cctsdb_yolo_2023/onnx/patch-3.onnx,vnncomp2024_benchmarks/benchmarks/cctsdb_yolo_2023/vnnlib/spec_onnx_patch-3_idx_01673_0.vnnlib,1.852731678,no_result_in_file,4.786046016
cctsdb_yolo_2023,vnncomp2024_benchmarks/benchmarks/cctsdb_yolo_2023/onnx/patch-3.onnx,vnncomp2024_benchmarks/benchmarks/cctsdb_yolo_2023/vnnlib/spec_onnx_patch-3_idx_01613_0.vnnlib,1.850719033,no_result_in_file,4.810243307
cctsdb_yolo_2023,vnncomp2024_benchmarks/benchmarks/cctsdb_yolo_2023/onnx/patch-1.onnx,vnncomp2024_benchmarks/benchmarks/cctsdb_yolo_2023/vnnlib/spec_onnx_patch-1_idx_16845_1.vnnlib,1.849327410,no_result_in_file,4.796280961
cctsdb_yolo_2023,vnncomp2024_benchmarks/benchmarks/cctsdb_yolo_2023/onnx/patch-1.onnx,vnncomp2024_benchmarks/benchmarks/cctsdb_yolo_2023/vnnlib/spec_onnx_patch-1_idx_00206_0.vnnlib,1.851443604,no_result_in_file,4.800140059
cctsdb_yolo_2023,vnncomp2024_benchmarks/benchmarks/cctsdb_yolo_2023/onnx/patch-3.onnx,vnncomp2024_benchmarks/benchmarks/cctsdb_yolo_2023/vnnlib/spec_onnx_patch-3_idx_08544_0.vnnlib,1.857761691,no_result_in_file,4.798010849
cctsdb_yolo_2023,vnncomp2024_benchmarks/benchmarks/cctsdb_yolo_2023/onnx/patch-1.onnx,vnncomp2024_benchmarks/benchmarks/cctsdb_yolo_2023/vnnlib/spec_onnx_patch-1_idx_04746_0.vnnlib,1.847608697,no_result_in_file,4.789565412
cctsdb_yolo_2023,vnncomp2024_benchmarks/benchmarks/cctsdb_yolo_2023/onnx/patch-3.onnx,vnncomp2024_benchmarks/benchmarks/cctsdb_yolo_2023/vnnlib/spec_onnx_patch-3_idx_03372_1.vnnlib,1.852846886,no_result_in_file,4.833033017
cctsdb_yolo_2023,vnncomp2024_benchmarks/benchmarks/cctsdb_yolo_2023/onnx/patch-3.onnx,vnncomp2024_benchmarks/benchmarks/cctsdb_yolo_2023/vnnlib/spec_onnx_patch-3_idx_01366_0.vnnlib,1.894215345,no_result_in_file,4.808436383
cctsdb_yolo_2023,vnncomp2024_benchmarks/benchmarks/cctsdb_yolo_2023/onnx/patch-3.onnx,vnncomp2024_benchmarks/benchmarks/cctsdb_yolo_2023/vnnlib/spec_onnx_patch-3_idx_02945_0.vnnlib,1.849903026,no_result_in_file,4.785644578
cctsdb_yolo_2023,vnncomp2024_benchmarks/benchmarks/cctsdb_yolo_2023/onnx/patch-1.onnx,vnncomp2024_benchmarks/benchmarks/cctsdb_yolo_2023/vnnlib/spec_onnx_patch-1_idx_02827_0.vnnlib,1.856622869,no_result_in_file,4.793021013
cctsdb_yolo_2023,vnncomp2024_benchmarks/benchmarks/cctsdb_yolo_2023/onnx/patch-3.onnx,vnncomp2024_benchmarks/benchmarks/cctsdb_yolo_2023/vnnlib/spec_onnx_patch-3_idx_00055_0.vnnlib,1.848261376,no_result_in_file,4.783214345
cctsdb_yolo_2023,vnncomp2024_benchmarks/benchmarks/cctsdb_yolo_2023/onnx/patch-1.onnx,vnncomp2024_benchmarks/benchmarks/cctsdb_yolo_2023/vnnlib/spec_onnx_patch-1_idx_15842_2.vnnlib,1.851192565,no_result_in_file,4.782979171
cctsdb_yolo_2023,vnncomp2024_benchmarks/benchmarks/cctsdb_yolo_2023/onnx/patch-1.onnx,vnncomp2024_benchmarks/benchmarks/cctsdb_yolo_2023/vnnlib/spec_onnx_patch-1_idx_01613_0.vnnlib,1.857091394,no_result_in_file,4.798178152
cctsdb_yolo_2023,vnncomp2024_benchmarks/benchmarks/cctsdb_yolo_2023/onnx/patch-3.onnx,vnncomp2024_benchmarks/benchmarks/cctsdb_yolo_2023/vnnlib/spec_onnx_patch-3_idx_03746_1.vnnlib,1.850418994,no_result_in_file,4.794516480
cctsdb_yolo_2023,vnncomp2024_benchmarks/benchmarks/cctsdb_yolo_2023/onnx/patch-3.onnx,vnncomp2024_benchmarks/benchmarks/cctsdb_yolo_2023/vnnlib/spec_onnx_patch-3_idx_06844_2.vnnlib,1.858396089,no_result_in_file,4.830683484
cctsdb_yolo_2023,vnncomp2024_benchmarks/benchmarks/cctsdb_yolo_2023/onnx/patch-1.onnx,vnncomp2024_benchmarks/benchmarks/cctsdb_yolo_2023/vnnlib/spec_onnx_patch-1_idx_01045_0.vnnlib,1.849709126,no_result_in_file,4.825202063
cctsdb_yolo_2023,vnncomp2024_benchmarks/benchmarks/cctsdb_yolo_2023/onnx/patch-3.onnx,vnncomp2024_benchmarks/benchmarks/cctsdb_yolo_2023/vnnlib/spec_onnx_patch-3_idx_13330_0.vnnlib,1.854287732,no_result_in_file,4.815734275
cctsdb_yolo_2023,vnncomp2024_benchmarks/benchmarks/cctsdb_yolo_2023/onnx/patch-3.onnx,vnncomp2024_benchmarks/benchmarks/cctsdb_yolo_2023/vnnlib/spec_onnx_patch-3_idx_00559_0.vnnlib,1.856001795,no_result_in_file,4.808502112
cctsdb_yolo_2023,vnncomp2024_benchmarks/benchmarks/cctsdb_yolo_2023/onnx/patch-3.onnx,vnncomp2024_benchmarks/benchmarks/cctsdb_yolo_2023/vnnlib/spec_onnx_patch-3_idx_16384_0.vnnlib,1.853983092,no_result_in_file,4.807784020
cctsdb_yolo_2023,vnncomp2024_benchmarks/benchmarks/test/test_nano.onnx,vnncomp2024_benchmarks/benchmarks/test/test_nano.vnnlib,2.054164509,unsat,3.450691,6.338916912
cgan_2023,vnncomp2024_benchmarks/benchmarks/cgan_2023/onnx/cGAN_imgSz32_nCh_1.onnx,vnncomp2024_benchmarks/benchmarks/cgan_2023/vnnlib/cGAN_imgSz32_nCh_1_prop_0_input_eps_0.010_output_eps_0.015.vnnlib,2.167168687,sat,1.236345,4.068790665
cgan_2023,vnncomp2024_benchmarks/benchmarks/cgan_2023/onnx/cGAN_imgSz32_nCh_1.onnx,vnncomp2024_benchmarks/benchmarks/cgan_2023/vnnlib/cGAN_imgSz32_nCh_1_prop_1_input_eps_0.020_output_eps_0.025.vnnlib,2.174251327,sat,0.504360,3.345502267
cgan_2023,vnncomp2024_benchmarks/benchmarks/cgan_2023/onnx/cGAN_imgSz32_nCh_1.onnx,vnncomp2024_benchmarks/benchmarks/cgan_2023/vnnlib/cGAN_imgSz32_nCh_1_prop_2_input_eps_0.020_output_eps_0.025.vnnlib,2.106031250,sat,0.494014,3.313894043
cgan_2023,vnncomp2024_benchmarks/benchmarks/cgan_2023/onnx/cGAN_imgSz32_nCh_1.onnx,vnncomp2024_benchmarks/benchmarks/cgan_2023/vnnlib/cGAN_imgSz32_nCh_1_prop_3_input_eps_0.020_output_eps_0.025.vnnlib,2.182449030,unsat,9.220653,12.065331380
cgan_2023,vnncomp2024_benchmarks/benchmarks/cgan_2023/onnx/cGAN_imgSz32_nCh_3.onnx,vnncomp2024_benchmarks/benchmarks/cgan_2023/vnnlib/cGAN_imgSz32_nCh_3_prop_0_input_eps_0.015_output_eps_0.020.vnnlib,2.119190899,sat,0.486942,3.280016393
cgan_2023,vnncomp2024_benchmarks/benchmarks/cgan_2023/onnx/cGAN_imgSz32_nCh_3.onnx,vnncomp2024_benchmarks/benchmarks/cgan_2023/vnnlib/cGAN_imgSz32_nCh_3_prop_1_input_eps_0.010_output_eps_0.015.vnnlib,2.134599631,unsat,23.787415,26.644614261
cgan_2023,vnncomp2024_benchmarks/benchmarks/cgan_2023/onnx/cGAN_imgSz32_nCh_3.onnx,vnncomp2024_benchmarks/benchmarks/cgan_2023/vnnlib/cGAN_imgSz32_nCh_3_prop_2_input_eps_0.010_output_eps_0.015.vnnlib,2.106615622,sat,0.496916,3.270031664
cgan_2023,vnncomp2024_benchmarks/benchmarks/cgan_2023/onnx/cGAN_imgSz32_nCh_3.onnx,vnncomp2024_benchmarks/benchmarks/cgan_2023/vnnlib/cGAN_imgSz32_nCh_3_prop_3_input_eps_0.010_output_eps_0.015.vnnlib,2.167009050,sat,0.506989,3.325808763
cgan_2023,vnncomp2024_benchmarks/benchmarks/cgan_2023/onnx/cGAN_imgSz64_nCh_1.onnx,vnncomp2024_benchmarks/benchmarks/cgan_2023/vnnlib/cGAN_imgSz64_nCh_1_prop_0_input_eps_0.010_output_eps_0.015.vnnlib,2.171879335,unsat,213.409385,216.270619555
cgan_2023,vnncomp2024_benchmarks/benchmarks/cgan_2023/onnx/cGAN_imgSz64_nCh_1.onnx,vnncomp2024_benchmarks/benchmarks/cgan_2023/vnnlib/cGAN_imgSz64_nCh_1_prop_1_input_eps_0.005_output_eps_0.010.vnnlib,2.149723530,unsat,205.224548,208.089366757
cgan_2023,vnncomp2024_benchmarks/benchmarks/cgan_2023/onnx/cGAN_imgSz64_nCh_1.onnx,vnncomp2024_benchmarks/benchmarks/cgan_2023/vnnlib/cGAN_imgSz64_nCh_1_prop_2_input_eps_0.010_output_eps_0.015.vnnlib,2.147805887,sat,0.584653,3.370628368
cgan_2023,vnncomp2024_benchmarks/benchmarks/cgan_2023/onnx/cGAN_imgSz64_nCh_1.onnx,vnncomp2024_benchmarks/benchmarks/cgan_2023/vnnlib/cGAN_imgSz64_nCh_1_prop_3_input_eps_0.005_output_eps_0.010.vnnlib,2.144633480,sat,0.590811,3.420965451
cgan_2023,vnncomp2024_benchmarks/benchmarks/cgan_2023/onnx/cGAN_imgSz64_nCh_3.onnx,vnncomp2024_benchmarks/benchmarks/cgan_2023/vnnlib/cGAN_imgSz64_nCh_3_prop_0_input_eps_0.010_output_eps_0.015.vnnlib,2.115698283,unsat,32.494848,35.373035197
cgan_2023,vnncomp2024_benchmarks/benchmarks/cgan_2023/onnx/cGAN_imgSz64_nCh_3.onnx,vnncomp2024_benchmarks/benchmarks/cgan_2023/vnnlib/cGAN_imgSz64_nCh_3_prop_1_input_eps_0.010_output_eps_0.015.vnnlib,2.162658053,unsat,110.916544,113.740377828
cgan_2023,vnncomp2024_benchmarks/benchmarks/cgan_2023/onnx/cGAN_imgSz64_nCh_3.onnx,vnncomp2024_benchmarks/benchmarks/cgan_2023/vnnlib/cGAN_imgSz64_nCh_3_prop_2_input_eps_0.005_output_eps_0.010.vnnlib,2.151876401,sat,0.560708,3.341686998
cgan_2023,vnncomp2024_benchmarks/benchmarks/cgan_2023/onnx/cGAN_imgSz64_nCh_3.onnx,vnncomp2024_benchmarks/benchmarks/cgan_2023/vnnlib/cGAN_imgSz64_nCh_3_prop_3_input_eps_0.010_output_eps_0.015.vnnlib,2.123195786,sat,0.583214,3.418486403
cgan_2023,vnncomp2024_benchmarks/benchmarks/cgan_2023/onnx/cGAN_imgSz32_nCh_3_nonlinear_activations.onnx,vnncomp2024_benchmarks/benchmarks/cgan_2023/vnnlib/cGAN_imgSz32_nCh_3_nonlinear_activations_prop_0_input_eps_0.010_output_eps_0.015.vnnlib,2.195943893,unsat,10.763465,13.618956192
cgan_2023,vnncomp2024_benchmarks/benchmarks/cgan_2023/onnx/cGAN_imgSz32_nCh_1_transposedConvPadding_1.onnx,vnncomp2024_benchmarks/benchmarks/cgan_2023/vnnlib/cGAN_imgSz32_nCh_1_transposedConvPadding_1_prop_0_input_eps_0.010_output_eps_0.015.vnnlib,1.964235434,sat,0.488571,3.279409382
cgan_2023,vnncomp2024_benchmarks/benchmarks/cgan_2023/onnx/cGAN_imgSz32_nCh_3_upsample.onnx,vnncomp2024_benchmarks/benchmarks/cgan_2023/vnnlib/cGAN_imgSz32_nCh_3_upsample_prop_0_input_eps_0.010_output_eps_0.015.vnnlib,1.851032008,unsat,14.622255,17.498198370
cgan_2023,vnncomp2024_benchmarks/benchmarks/cgan_2023/onnx/cGAN_imgSz32_nCh_3_small_transformer.onnx,vnncomp2024_benchmarks/benchmarks/cgan_2023/vnnlib/cGAN_imgSz32_nCh_3_small_transformer_prop_0_input_eps_0.005_output_eps_0.010.vnnlib,2.147164869,no_result_in_file,4.707230966
cgan_2023,vnncomp2024_benchmarks/benchmarks/cgan_2023/onnx/cGAN_imgSz32_nCh_3_small_transformer.onnx,vnncomp2024_benchmarks/benchmarks/cgan_2023/vnnlib/cGAN_imgSz32_nCh_3_small_transformer_prop_1_input_eps_0.005_output_eps_0.010.vnnlib,2.165805736,no_result_in_file,4.748895638
cgan_2023,vnncomp2024_benchmarks/benchmarks/test/test_nano.onnx,vnncomp2024_benchmarks/benchmarks/test/test_nano.vnnlib,2.047991475,unsat,3.450915,6.221399898
lsnc,vnncomp2024_benchmarks/benchmarks/lsnc/onnx/quadrotor2d_state.onnx,vnncomp2024_benchmarks/benchmarks/lsnc/vnnlib/quadrotor2d_state_0.vnnlib,1.855385187,no_result_in_file,4.846940760
lsnc,vnncomp2024_benchmarks/benchmarks/lsnc/onnx/quadrotor2d_state.onnx,vnncomp2024_benchmarks/benchmarks/lsnc/vnnlib/quadrotor2d_state_1.vnnlib,1.849386129,no_result_in_file,4.693499452
lsnc,vnncomp2024_benchmarks/benchmarks/lsnc/onnx/quadrotor2d_state.onnx,vnncomp2024_benchmarks/benchmarks/lsnc/vnnlib/quadrotor2d_state_2.vnnlib,1.848556078,no_result_in_file,4.656326757
lsnc,vnncomp2024_benchmarks/benchmarks/lsnc/onnx/quadrotor2d_state.onnx,vnncomp2024_benchmarks/benchmarks/lsnc/vnnlib/quadrotor2d_state_3.vnnlib,1.845989899,no_result_in_file,4.656132381
lsnc,vnncomp2024_benchmarks/benchmarks/lsnc/onnx/quadrotor2d_state.onnx,vnncomp2024_benchmarks/benchmarks/lsnc/vnnlib/quadrotor2d_state_4.vnnlib,1.846366214,no_result_in_file,4.667710272
lsnc,vnncomp2024_benchmarks/benchmarks/lsnc/onnx/quadrotor2d_state.onnx,vnncomp2024_benchmarks/benchmarks/lsnc/vnnlib/quadrotor2d_state_5.vnnlib,1.853263977,no_result_in_file,4.651456954
lsnc,vnncomp2024_benchmarks/benchmarks/lsnc/onnx/quadrotor2d_state.onnx,vnncomp2024_benchmarks/benchmarks/lsnc/vnnlib/quadrotor2d_state_6.vnnlib,1.844797234,no_result_in_file,4.675218715
lsnc,vnncomp2024_benchmarks/benchmarks/lsnc/onnx/quadrotor2d_state.onnx,vnncomp2024_benchmarks/benchmarks/lsnc/vnnlib/quadrotor2d_state_7.vnnlib,1.844016868,no_result_in_file,4.661616420
lsnc,vnncomp2024_benchmarks/benchmarks/lsnc/onnx/quadrotor2d_state.onnx,vnncomp2024_benchmarks/benchmarks/lsnc/vnnlib/quadrotor2d_state_8.vnnlib,1.848606260,no_result_in_file,4.680703101
lsnc,vnncomp2024_benchmarks/benchmarks/lsnc/onnx/quadrotor2d_state.onnx,vnncomp2024_benchmarks/benchmarks/lsnc/vnnlib/quadrotor2d_state_9.vnnlib,1.847112961,no_result_in_file,4.674491271
lsnc,vnncomp2024_benchmarks/benchmarks/lsnc/onnx/quadrotor2d_state.onnx,vnncomp2024_benchmarks/benchmarks/lsnc/vnnlib/quadrotor2d_state_10.vnnlib,1.840807045,no_result_in_file,4.663420214
lsnc,vnncomp2024_benchmarks/benchmarks/lsnc/onnx/quadrotor2d_state.onnx,vnncomp2024_benchmarks/benchmarks/lsnc/vnnlib/quadrotor2d_state_11.vnnlib,1.852001541,no_result_in_file,4.694609075
lsnc,vnncomp2024_benchmarks/benchmarks/lsnc/onnx/quadrotor2d_state.onnx,vnncomp2024_benchmarks/benchmarks/lsnc/vnnlib/quadrotor2d_state_12.vnnlib,1.851640023,no_result_in_file,4.651222764
lsnc,vnncomp2024_benchmarks/benchmarks/lsnc/onnx/quadrotor2d_state.onnx,vnncomp2024_benchmarks/benchmarks/lsnc/vnnlib/quadrotor2d_state_13.vnnlib,1.853972663,no_result_in_file,4.641750974
lsnc,vnncomp2024_benchmarks/benchmarks/lsnc/onnx/quadrotor2d_state.onnx,vnncomp2024_benchmarks/benchmarks/lsnc/vnnlib/quadrotor2d_state_14.vnnlib,1.862660385,no_result_in_file,4.677776969
lsnc,vnncomp2024_benchmarks/benchmarks/lsnc/onnx/quadrotor2d_state.onnx,vnncomp2024_benchmarks/benchmarks/lsnc/vnnlib/quadrotor2d_state_15.vnnlib,1.844349503,no_result_in_file,4.645585335
lsnc,vnncomp2024_benchmarks/benchmarks/lsnc/onnx/quadrotor2d_state.onnx,vnncomp2024_benchmarks/benchmarks/lsnc/vnnlib/quadrotor2d_state_16.vnnlib,1.846576043,no_result_in_file,4.668149913
lsnc,vnncomp2024_benchmarks/benchmarks/lsnc/onnx/quadrotor2d_state.onnx,vnncomp2024_benchmarks/benchmarks/lsnc/vnnlib/quadrotor2d_state_17.vnnlib,1.845132255,no_result_in_file,4.673029460
lsnc,vnncomp2024_benchmarks/benchmarks/lsnc/onnx/quadrotor2d_state.onnx,vnncomp2024_benchmarks/benchmarks/lsnc/vnnlib/quadrotor2d_state_18.vnnlib,1.841353048,no_result_in_file,4.659284955
lsnc,vnncomp2024_benchmarks/benchmarks/lsnc/onnx/quadrotor2d_state.onnx,vnncomp2024_benchmarks/benchmarks/lsnc/vnnlib/quadrotor2d_state_19.vnnlib,1.848318851,no_result_in_file,4.669837973
lsnc,vnncomp2024_benchmarks/benchmarks/lsnc/onnx/quadrotor2d_output.onnx,vnncomp2024_benchmarks/benchmarks/lsnc/vnnlib/quadrotor2d_output_0.vnnlib,1.844338844,no_result_in_file,4.765816970
lsnc,vnncomp2024_benchmarks/benchmarks/lsnc/onnx/quadrotor2d_output.onnx,vnncomp2024_benchmarks/benchmarks/lsnc/vnnlib/quadrotor2d_output_1.vnnlib,1.846563535,no_result_in_file,4.739302006
lsnc,vnncomp2024_benchmarks/benchmarks/lsnc/onnx/quadrotor2d_output.onnx,vnncomp2024_benchmarks/benchmarks/lsnc/vnnlib/quadrotor2d_output_2.vnnlib,1.844573574,no_result_in_file,4.739174289
lsnc,vnncomp2024_benchmarks/benchmarks/lsnc/onnx/quadrotor2d_output.onnx,vnncomp2024_benchmarks/benchmarks/lsnc/vnnlib/quadrotor2d_output_3.vnnlib,1.847221371,no_result_in_file,4.732791739
lsnc,vnncomp2024_benchmarks/benchmarks/lsnc/onnx/quadrotor2d_output.onnx,vnncomp2024_benchmarks/benchmarks/lsnc/vnnlib/quadrotor2d_output_4.vnnlib,1.840838159,no_result_in_file,4.746338908
lsnc,vnncomp2024_benchmarks/benchmarks/lsnc/onnx/quadrotor2d_output.onnx,vnncomp2024_benchmarks/benchmarks/lsnc/vnnlib/quadrotor2d_output_5.vnnlib,1.846675867,no_result_in_file,4.732695879
lsnc,vnncomp2024_benchmarks/benchmarks/lsnc/onnx/quadrotor2d_output.onnx,vnncomp2024_benchmarks/benchmarks/lsnc/vnnlib/quadrotor2d_output_6.vnnlib,1.849542586,no_result_in_file,4.744757208
lsnc,vnncomp2024_benchmarks/benchmarks/lsnc/onnx/quadrotor2d_output.onnx,vnncomp2024_benchmarks/benchmarks/lsnc/vnnlib/quadrotor2d_output_7.vnnlib,1.845084235,no_result_in_file,4.743724848
lsnc,vnncomp2024_benchmarks/benchmarks/lsnc/onnx/quadrotor2d_output.onnx,vnncomp2024_benchmarks/benchmarks/lsnc/vnnlib/quadrotor2d_output_8.vnnlib,1.844114584,no_result_in_file,4.748849985
lsnc,vnncomp2024_benchmarks/benchmarks/lsnc/onnx/quadrotor2d_output.onnx,vnncomp2024_benchmarks/benchmarks/lsnc/vnnlib/quadrotor2d_output_9.vnnlib,1.843813125,no_result_in_file,4.739034092
lsnc,vnncomp2024_benchmarks/benchmarks/lsnc/onnx/quadrotor2d_output.onnx,vnncomp2024_benchmarks/benchmarks/lsnc/vnnlib/quadrotor2d_output_10.vnnlib,1.841071252,no_result_in_file,4.745752754
lsnc,vnncomp2024_benchmarks/benchmarks/lsnc/onnx/quadrotor2d_output.onnx,vnncomp2024_benchmarks/benchmarks/lsnc/vnnlib/quadrotor2d_output_11.vnnlib,1.844607955,no_result_in_file,4.738967119
lsnc,vnncomp2024_benchmarks/benchmarks/lsnc/onnx/quadrotor2d_output.onnx,vnncomp2024_benchmarks/benchmarks/lsnc/vnnlib/quadrotor2d_output_12.vnnlib,1.844020299,no_result_in_file,4.734641900
lsnc,vnncomp2024_benchmarks/benchmarks/lsnc/onnx/quadrotor2d_output.onnx,vnncomp2024_benchmarks/benchmarks/lsnc/vnnlib/quadrotor2d_output_13.vnnlib,1.850714337,no_result_in_file,4.735943077
lsnc,vnncomp2024_benchmarks/benchmarks/lsnc/onnx/quadrotor2d_output.onnx,vnncomp2024_benchmarks/benchmarks/lsnc/vnnlib/quadrotor2d_output_14.vnnlib,1.845537110,no_result_in_file,4.749378102
lsnc,vnncomp2024_benchmarks/benchmarks/lsnc/onnx/quadrotor2d_output.onnx,vnncomp2024_benchmarks/benchmarks/lsnc/vnnlib/quadrotor2d_output_15.vnnlib,1.845097459,no_result_in_file,4.744472234
lsnc,vnncomp2024_benchmarks/benchmarks/lsnc/onnx/quadrotor2d_output.onnx,vnncomp2024_benchmarks/benchmarks/lsnc/vnnlib/quadrotor2d_output_16.vnnlib,1.847835847,no_result_in_file,4.737952274
lsnc,vnncomp2024_benchmarks/benchmarks/lsnc/onnx/quadrotor2d_output.onnx,vnncomp2024_benchmarks/benchmarks/lsnc/vnnlib/quadrotor2d_output_17.vnnlib,1.846274081,no_result_in_file,4.743751479
lsnc,vnncomp2024_benchmarks/benchmarks/lsnc/onnx/quadrotor2d_output.onnx,vnncomp2024_benchmarks/benchmarks/lsnc/vnnlib/quadrotor2d_output_18.vnnlib,1.849608033,no_result_in_file,4.747574088
lsnc,vnncomp2024_benchmarks/benchmarks/lsnc/onnx/quadrotor2d_output.onnx,vnncomp2024_benchmarks/benchmarks/lsnc/vnnlib/quadrotor2d_output_19.vnnlib,1.847230227,no_result_in_file,4.745915856
lsnc,vnncomp2024_benchmarks/benchmarks/test/test_nano.onnx,vnncomp2024_benchmarks/benchmarks/test/test_nano.vnnlib,2.051613923,unsat,3.364309,6.255652351
metaroom_2023,vnncomp2024_benchmarks/benchmarks/metaroom_2023/./onnx/6cnn_ry_92_15_no_custom_OP.onnx,vnncomp2024_benchmarks/benchmarks/metaroom_2023/./vnnlib/spec_idx_147_eps_0.00000436.vnnlib,2.610275510,unsat,7.218151,10.049504907
metaroom_2023,vnncomp2024_benchmarks/benchmarks/metaroom_2023/./onnx/6cnn_ry_71_11_no_custom_OP.onnx,vnncomp2024_benchmarks/benchmarks/metaroom_2023/./vnnlib/spec_idx_139_eps_0.00000436.vnnlib,2.584941048,unsat,7.150271,9.942849261
metaroom_2023,vnncomp2024_benchmarks/benchmarks/metaroom_2023/./onnx/4cnn_ry_47_7_no_custom_OP.onnx,vnncomp2024_benchmarks/benchmarks/metaroom_2023/./vnnlib/spec_idx_23_eps_0.00000436.vnnlib,2.082855581,unsat,4.185745,7.048366455
metaroom_2023,vnncomp2024_benchmarks/benchmarks/metaroom_2023/./onnx/6cnn_ry_118_19_no_custom_OP.onnx,vnncomp2024_benchmarks/benchmarks/metaroom_2023/./vnnlib/spec_idx_102_eps_0.00000436.vnnlib,2.554695658,unsat,7.855274,10.679425782
metaroom_2023,vnncomp2024_benchmarks/benchmarks/metaroom_2023/./onnx/4cnn_tz_19_3_no_custom_OP.onnx,vnncomp2024_benchmarks/benchmarks/metaroom_2023/./vnnlib/spec_idx_51_eps_0.00001000.vnnlib,2.042786098,unsat,4.183664,6.958046167
metaroom_2023,vnncomp2024_benchmarks/benchmarks/metaroom_2023/./onnx/6cnn_tz_9_1_no_custom_OP.onnx,vnncomp2024_benchmarks/benchmarks/metaroom_2023/./vnnlib/spec_idx_211_eps_0.00001000.vnnlib,2.565458402,unsat,7.328778,10.129528472
metaroom_2023,vnncomp2024_benchmarks/benchmarks/metaroom_2023/./onnx/4cnn_ry_91_15_no_custom_OP.onnx,vnncomp2024_benchmarks/benchmarks/metaroom_2023/./vnnlib/spec_idx_41_eps_0.00000436.vnnlib,2.051679091,unsat,4.358566,7.128303996
metaroom_2023,vnncomp2024_benchmarks/benchmarks/metaroom_2023/./onnx/6cnn_ry_37_6_no_custom_OP.onnx,vnncomp2024_benchmarks/benchmarks/metaroom_2023/./vnnlib/spec_idx_117_eps_0.00000436.vnnlib,2.551003299,unsat,7.028376,9.816573545
metaroom_2023,vnncomp2024_benchmarks/benchmarks/metaroom_2023/./onnx/4cnn_tz_34_5_no_custom_OP.onnx,vnncomp2024_benchmarks/benchmarks/metaroom_2023/./vnnlib/spec_idx_59_eps_0.00001000.vnnlib,2.083172022,unsat,4.177604,6.936283123
metaroom_2023,vnncomp2024_benchmarks/benchmarks/metaroom_2023/./onnx/4cnn_tz_31_5_no_custom_OP.onnx,vnncomp2024_benchmarks/benchmarks/metaroom_2023/./vnnlib/spec_idx_57_eps_0.00001000.vnnlib,2.050464053,unsat,4.183538,6.949827095
metaroom_2023,vnncomp2024_benchmarks/benchmarks/metaroom_2023/./onnx/4cnn_tz_61_10_no_custom_OP.onnx,vnncomp2024_benchmarks/benchmarks/metaroom_2023/./vnnlib/spec_idx_76_eps_0.00001000.vnnlib,2.067959226,unsat,4.183254,6.956992542
metaroom_2023,vnncomp2024_benchmarks/benchmarks/metaroom_2023/./onnx/6cnn_ry_5_0_no_custom_OP.onnx,vnncomp2024_benchmarks/benchmarks/metaroom_2023/./vnnlib/spec_idx_130_eps_0.00000436.vnnlib,2.589574667,unsat,7.192530,9.977952182
metaroom_2023,vnncomp2024_benchmarks/benchmarks/metaroom_2023/./onnx/6cnn_tz_52_8_no_custom_OP.onnx,vnncomp2024_benchmarks/benchmarks/metaroom_2023/./vnnlib/spec_idx_187_eps_0.00001000.vnnlib,2.568478967,unsat,7.503117,10.285951496
metaroom_2023,vnncomp2024_benchmarks/benchmarks/metaroom_2023/./onnx/6cnn_tz_104_17_no_custom_OP.onnx,vnncomp2024_benchmarks/benchmarks/metaroom_2023/./vnnlib/spec_idx_155_eps_0.00001000.vnnlib,2.570037105,unsat,6.812005,9.593888393
metaroom_2023,vnncomp2024_benchmarks/benchmarks/metaroom_2023/./onnx/4cnn_tz_36_6_no_custom_OP.onnx,vnncomp2024_benchmarks/benchmarks/metaroom_2023/./vnnlib/spec_idx_60_eps_0.00001000.vnnlib,2.035694376,unsat,4.213590,6.986851577
metaroom_2023,vnncomp2024_benchmarks/benchmarks/metaroom_2023/./onnx/6cnn_tz_11_1_no_custom_OP.onnx,vnncomp2024_benchmarks/benchmarks/metaroom_2023/./vnnlib/spec_idx_164_eps_0.00001000.vnnlib,2.575811684,unsat,6.830642,9.691140247
metaroom_2023,vnncomp2024_benchmarks/benchmarks/metaroom_2023/./onnx/4cnn_ry_38_6_no_custom_OP.onnx,vnncomp2024_benchmarks/benchmarks/metaroom_2023/./vnnlib/spec_idx_15_eps_0.00000436.vnnlib,2.056202839,unsat,4.190674,6.955010893
metaroom_2023,vnncomp2024_benchmarks/benchmarks/metaroom_2023/./onnx/4cnn_tz_1_0_no_custom_OP.onnx,vnncomp2024_benchmarks/benchmarks/metaroom_2023/./vnnlib/spec_idx_52_eps_0.00001000.vnnlib,2.064561383,unsat,4.222217,6.996384487
metaroom_2023,vnncomp2024_benchmarks/benchmarks/metaroom_2023/./onnx/4cnn_tz_55_9_no_custom_OP.onnx,vnncomp2024_benchmarks/benchmarks/metaroom_2023/./vnnlib/spec_idx_73_eps_0.00001000.vnnlib,2.061655156,unsat,4.229016,6.995117151
metaroom_2023,vnncomp2024_benchmarks/benchmarks/metaroom_2023/./onnx/6cnn_tz_81_13_no_custom_OP.onnx,vnncomp2024_benchmarks/benchmarks/metaroom_2023/./vnnlib/spec_idx_206_eps_0.00001000.vnnlib,2.573166247,unsat,7.821881,10.605305326
metaroom_2023,vnncomp2024_benchmarks/benchmarks/metaroom_2023/./onnx/4cnn_ry_37_6_no_custom_OP.onnx,vnncomp2024_benchmarks/benchmarks/metaroom_2023/./vnnlib/spec_idx_14_eps_0.00000436.vnnlib,2.042565130,unsat,4.534957,7.309940003
metaroom_2023,vnncomp2024_benchmarks/benchmarks/metaroom_2023/./onnx/6cnn_tz_63_10_no_custom_OP.onnx,vnncomp2024_benchmarks/benchmarks/metaroom_2023/./vnnlib/spec_idx_194_eps_0.00001000.vnnlib,2.581069007,unsat,7.483025,10.316745940
metaroom_2023,vnncomp2024_benchmarks/benchmarks/metaroom_2023/./onnx/4cnn_ry_44_7_no_custom_OP.onnx,vnncomp2024_benchmarks/benchmarks/metaroom_2023/./vnnlib/spec_idx_21_eps_0.00000436.vnnlib,2.074285388,unsat,4.183539,6.958428081
metaroom_2023,vnncomp2024_benchmarks/benchmarks/metaroom_2023/./onnx/6cnn_tz_5_0_no_custom_OP.onnx,vnncomp2024_benchmarks/benchmarks/metaroom_2023/./vnnlib/spec_idx_192_eps_0.00001000.vnnlib,2.581386315,unsat,7.254490,10.037856717
metaroom_2023,vnncomp2024_benchmarks/benchmarks/metaroom_2023/./onnx/4cnn_tz_103_17_no_custom_OP.onnx,vnncomp2024_benchmarks/benchmarks/metaroom_2023/./vnnlib/spec_idx_47_eps_0.00001000.vnnlib,2.071832349,unsat,4.182312,6.954673854
metaroom_2023,vnncomp2024_benchmarks/benchmarks/metaroom_2023/./onnx/6cnn_ry_38_6_no_custom_OP.onnx,vnncomp2024_benchmarks/benchmarks/metaroom_2023/./vnnlib/spec_idx_118_eps_0.00000436.vnnlib,2.567921980,unsat,7.189458,10.013766031
metaroom_2023,vnncomp2024_benchmarks/benchmarks/metaroom_2023/./onnx/6cnn_tz_0_0_no_custom_OP.onnx,vnncomp2024_benchmarks/benchmarks/metaroom_2023/./vnnlib/spec_idx_152_eps_0.00001000.vnnlib,2.575731251,unsat,7.183909,9.961475100
metaroom_2023,vnncomp2024_benchmarks/benchmarks/metaroom_2023/./onnx/6cnn_tz_105_17_no_custom_OP.onnx,vnncomp2024_benchmarks/benchmarks/metaroom_2023/./vnnlib/spec_idx_156_eps_0.00001000.vnnlib,2.644504257,unsat,7.160237,9.940988550
metaroom_2023,vnncomp2024_benchmarks/benchmarks/metaroom_2023/./onnx/4cnn_ry_117_19_no_custom_OP.onnx,vnncomp2024_benchmarks/benchmarks/metaroom_2023/./vnnlib/spec_idx_3_eps_0.00000436.vnnlib,2.063410996,unsat,4.842752,7.637099405
metaroom_2023,vnncomp2024_benchmarks/benchmarks/metaroom_2023/./onnx/6cnn_ry_93_15_no_custom_OP.onnx,vnncomp2024_benchmarks/benchmarks/metaroom_2023/./vnnlib/spec_idx_148_eps_0.00000436.vnnlib,2.544694452,sat,3.365187,6.245976385
metaroom_2023,vnncomp2024_benchmarks/benchmarks/metaroom_2023/./onnx/6cnn_ry_106_17_no_custom_OP.onnx,vnncomp2024_benchmarks/benchmarks/metaroom_2023/./vnnlib/spec_idx_98_eps_0.00000436.vnnlib,2.571848230,unsat,7.116741,9.898910572
metaroom_2023,vnncomp2024_benchmarks/benchmarks/metaroom_2023/./onnx/4cnn_ry_82_13_no_custom_OP.onnx,vnncomp2024_benchmarks/benchmarks/metaroom_2023/./vnnlib/spec_idx_40_eps_0.00000436.vnnlib,2.067843992,unsat,4.385696,7.153148279
metaroom_2023,vnncomp2024_benchmarks/benchmarks/metaroom_2023/./onnx/4cnn_tz_28_4_no_custom_OP.onnx,vnncomp2024_benchmarks/benchmarks/metaroom_2023/./vnnlib/spec_idx_54_eps_0.00001000.vnnlib,2.055058445,unsat,4.190048,6.964511404
metaroom_2023,vnncomp2024_benchmarks/benchmarks/metaroom_2023/./onnx/4cnn_tz_82_13_no_custom_OP.onnx,vnncomp2024_benchmarks/benchmarks/metaroom_2023/./vnnlib/spec_idx_87_eps_0.00001000.vnnlib,2.027238161,unsat,4.206677,6.976687821
metaroom_2023,vnncomp2024_benchmarks/benchmarks/metaroom_2023/./onnx/4cnn_ry_42_7_no_custom_OP.onnx,vnncomp2024_benchmarks/benchmarks/metaroom_2023/./vnnlib/spec_idx_20_eps_0.00000436.vnnlib,2.076205783,unsat,4.178463,6.950721726
metaroom_2023,vnncomp2024_benchmarks/benchmarks/metaroom_2023/./onnx/4cnn_tz_40_6_no_custom_OP.onnx,vnncomp2024_benchmarks/benchmarks/metaroom_2023/./vnnlib/spec_idx_65_eps_0.00001000.vnnlib,2.053535595,unsat,4.188940,6.956681195
metaroom_2023,vnncomp2024_benchmarks/benchmarks/metaroom_2023/./onnx/6cnn_ry_57_9_no_custom_OP.onnx,vnncomp2024_benchmarks/benchmarks/metaroom_2023/./vnnlib/spec_idx_129_eps_0.00000436.vnnlib,2.557834890,sat,2.061143,4.904984781
metaroom_2023,vnncomp2024_benchmarks/benchmarks/metaroom_2023/./onnx/6cnn_tz_67_11_no_custom_OP.onnx,vnncomp2024_benchmarks/benchmarks/metaroom_2023/./vnnlib/spec_idx_198_eps_0.00001000.vnnlib,2.571589148,unsat,7.581032,10.369603685
metaroom_2023,vnncomp2024_benchmarks/benchmarks/metaroom_2023/./onnx/4cnn_ry_40_6_no_custom_OP.onnx,vnncomp2024_benchmarks/benchmarks/metaroom_2023/./vnnlib/spec_idx_18_eps_0.00000436.vnnlib,2.051146903,unsat,4.516819,7.293650298
metaroom_2023,vnncomp2024_benchmarks/benchmarks/metaroom_2023/./onnx/6cnn_ry_91_15_no_custom_OP.onnx,vnncomp2024_benchmarks/benchmarks/metaroom_2023/./vnnlib/spec_idx_146_eps_0.00000436.vnnlib,2.551017860,unsat,7.053682,9.861493830
metaroom_2023,vnncomp2024_benchmarks/benchmarks/metaroom_2023/./onnx/6cnn_ry_20_3_no_custom_OP.onnx,vnncomp2024_benchmarks/benchmarks/metaroom_2023/./vnnlib/spec_idx_109_eps_0.00000436.vnnlib,2.582682113,unsat,7.349405,10.137413459
metaroom_2023,vnncomp2024_benchmarks/benchmarks/metaroom_2023/./onnx/6cnn_tz_53_8_no_custom_OP.onnx,vnncomp2024_benchmarks/benchmarks/metaroom_2023/./vnnlib/spec_idx_188_eps_0.00001000.vnnlib,2.583278452,unsat,6.953660,9.737471430
metaroom_2023,vnncomp2024_benchmarks/benchmarks/metaroom_2023/./onnx/4cnn_ry_65_10_no_custom_OP.onnx,vnncomp2024_benchmarks/benchmarks/metaroom_2023/./vnnlib/spec_idx_33_eps_0.00000436.vnnlib,2.057990596,unsat,4.200957,6.971442231
metaroom_2023,vnncomp2024_benchmarks/benchmarks/metaroom_2023/./onnx/4cnn_ry_2_0_no_custom_OP.onnx,vnncomp2024_benchmarks/benchmarks/metaroom_2023/./vnnlib/spec_idx_8_eps_0.00000436.vnnlib,2.077275381,unsat,4.189428,6.967169144
metaroom_2023,vnncomp2024_benchmarks/benchmarks/metaroom_2023/./onnx/6cnn_tz_10_1_no_custom_OP.onnx,vnncomp2024_benchmarks/benchmarks/metaroom_2023/./vnnlib/spec_idx_158_eps_0.00001000.vnnlib,2.694044247,unsat,6.688672,9.512636837
metaroom_2023,vnncomp2024_benchmarks/benchmarks/metaroom_2023/./onnx/6cnn_ry_117_19_no_custom_OP.onnx,vnncomp2024_benchmarks/benchmarks/metaroom_2023/./vnnlib/spec_idx_101_eps_0.00000436.vnnlib,2.585631778,sat,1.674938,4.526431138
metaroom_2023,vnncomp2024_benchmarks/benchmarks/metaroom_2023/./onnx/6cnn_tz_119_19_no_custom_OP.onnx,vnncomp2024_benchmarks/benchmarks/metaroom_2023/./vnnlib/spec_idx_163_eps_0.00001000.vnnlib,2.568030513,unsat,8.200249,11.031643884
metaroom_2023,vnncomp2024_benchmarks/benchmarks/metaroom_2023/./onnx/6cnn_ry_75_12_no_custom_OP.onnx,vnncomp2024_benchmarks/benchmarks/metaroom_2023/./vnnlib/spec_idx_140_eps_0.00000436.vnnlib,2.569390493,sat,2.407761,5.247908262
metaroom_2023,vnncomp2024_benchmarks/benchmarks/metaroom_2023/./onnx/6cnn_tz_70_11_no_custom_OP.onnx,vnncomp2024_benchmarks/benchmarks/metaroom_2023/./vnnlib/spec_idx_201_eps_0.00001000.vnnlib,2.576010134,unsat,6.829012,9.603671243
metaroom_2023,vnncomp2024_benchmarks/benchmarks/metaroom_2023/./onnx/6cnn_tz_78_13_no_custom_OP.onnx,vnncomp2024_benchmarks/benchmarks/metaroom_2023/./vnnlib/spec_idx_204_eps_0.00001000.vnnlib,2.587540762,unsat,7.281895,10.062944325
metaroom_2023,vnncomp2024_benchmarks/benchmarks/metaroom_2023/./onnx/6cnn_ry_1_0_no_custom_OP.onnx,vnncomp2024_benchmarks/benchmarks/metaroom_2023/./vnnlib/spec_idx_108_eps_0.00000436.vnnlib,2.562762693,unsat,7.016329,9.802622375
metaroom_2023,vnncomp2024_benchmarks/benchmarks/metaroom_2023/./onnx/4cnn_tz_62_10_no_custom_OP.onnx,vnncomp2024_benchmarks/benchmarks/metaroom_2023/./vnnlib/spec_idx_77_eps_0.00001000.vnnlib,2.081191739,unsat,4.195913,6.966309339
metaroom_2023,vnncomp2024_benchmarks/benchmarks/metaroom_2023/./onnx/4cnn_tz_111_18_no_custom_OP.onnx,vnncomp2024_benchmarks/benchmarks/metaroom_2023/./vnnlib/spec_idx_48_eps_0.00001000.vnnlib,2.061046402,unsat,4.181058,6.958861280
metaroom_2023,vnncomp2024_benchmarks/benchmarks/metaroom_2023/./onnx/4cnn_ry_79_13_no_custom_OP.onnx,vnncomp2024_benchmarks/benchmarks/metaroom_2023/./vnnlib/spec_idx_38_eps_0.00000436.vnnlib,2.074616751,unsat,4.366817,7.136932934
metaroom_2023,vnncomp2024_benchmarks/benchmarks/metaroom_2023/./onnx/6cnn_tz_21_3_no_custom_OP.onnx,vnncomp2024_benchmarks/benchmarks/metaroom_2023/./vnnlib/spec_idx_170_eps_0.00001000.vnnlib,2.572618518,unsat,7.017039,9.800357658
metaroom_2023,vnncomp2024_benchmarks/benchmarks/metaroom_2023/./onnx/6cnn_tz_20_3_no_custom_OP.onnx,vnncomp2024_benchmarks/benchmarks/metaroom_2023/./vnnlib/spec_idx_169_eps_0.00001000.vnnlib,2.604161998,unsat,7.234462,10.020461549
metaroom_2023,vnncomp2024_benchmarks/benchmarks/metaroom_2023/./onnx/6cnn_tz_93_15_no_custom_OP.onnx,vnncomp2024_benchmarks/benchmarks/metaroom_2023/./vnnlib/spec_idx_208_eps_0.00001000.vnnlib,2.612000619,unsat,6.845332,9.649670862
metaroom_2023,vnncomp2024_benchmarks/benchmarks/metaroom_2023/./onnx/4cnn_tz_38_6_no_custom_OP.onnx,vnncomp2024_benchmarks/benchmarks/metaroom_2023/./vnnlib/spec_idx_62_eps_0.00001000.vnnlib,2.055848050,unsat,4.190603,6.966936581
metaroom_2023,vnncomp2024_benchmarks/benchmarks/metaroom_2023/./onnx/4cnn_tz_42_7_no_custom_OP.onnx,vnncomp2024_benchmarks/benchmarks/metaroom_2023/./vnnlib/spec_idx_67_eps_0.00001000.vnnlib,2.078277960,unsat,4.185208,6.958626948
metaroom_2023,vnncomp2024_benchmarks/benchmarks/metaroom_2023/./onnx/6cnn_ry_22_3_no_custom_OP.onnx,vnncomp2024_benchmarks/benchmarks/metaroom_2023/./vnnlib/spec_idx_111_eps_0.00000436.vnnlib,2.566814900,unsat,7.025609,9.811038873
metaroom_2023,vnncomp2024_benchmarks/benchmarks/metaroom_2023/./onnx/6cnn_tz_41_6_no_custom_OP.onnx,vnncomp2024_benchmarks/benchmarks/metaroom_2023/./vnnlib/spec_idx_183_eps_0.00001000.vnnlib,2.549576565,unsat,6.845449,9.622444662
metaroom_2023,vnncomp2024_benchmarks/benchmarks/metaroom_2023/./onnx/4cnn_tz_4_0_no_custom_OP.onnx,vnncomp2024_benchmarks/benchmarks/metaroom_2023/./vnnlib/spec_idx_71_eps_0.00001000.vnnlib,2.103962861,unsat,4.183832,6.961354474
metaroom_2023,vnncomp2024_benchmarks/benchmarks/metaroom_2023/./onnx/6cnn_tz_15_2_no_custom_OP.onnx,vnncomp2024_benchmarks/benchmarks/metaroom_2023/./vnnlib/spec_idx_165_eps_0.00001000.vnnlib,2.572953195,unsat,6.811300,9.595407639
metaroom_2023,vnncomp2024_benchmarks/benchmarks/metaroom_2023/./onnx/6cnn_ry_105_17_no_custom_OP.onnx,vnncomp2024_benchmarks/benchmarks/metaroom_2023/./vnnlib/spec_idx_97_eps_0.00000436.vnnlib,2.576004951,timeout,210.475491,213.326148736
metaroom_2023,vnncomp2024_benchmarks/benchmarks/metaroom_2023/./onnx/6cnn_ry_39_6_no_custom_OP.onnx,vnncomp2024_benchmarks/benchmarks/metaroom_2023/./vnnlib/spec_idx_119_eps_0.00000436.vnnlib,2.610780424,timeout,210.230937,213.199725788
metaroom_2023,vnncomp2024_benchmarks/benchmarks/metaroom_2023/./onnx/6cnn_tz_31_5_no_custom_OP.onnx,vnncomp2024_benchmarks/benchmarks/metaroom_2023/./vnnlib/spec_idx_175_eps_0.00001000.vnnlib,2.569333353,unsat,7.327317,10.157029856
metaroom_2023,vnncomp2024_benchmarks/benchmarks/metaroom_2023/./onnx/4cnn_tz_39_6_no_custom_OP.onnx,vnncomp2024_benchmarks/benchmarks/metaroom_2023/./vnnlib/spec_idx_63_eps_0.00001000.vnnlib,2.061598408,unsat,4.190701,6.968684834
metaroom_2023,vnncomp2024_benchmarks/benchmarks/metaroom_2023/./onnx/4cnn_tz_0_0_no_custom_OP.onnx,vnncomp2024_benchmarks/benchmarks/metaroom_2023/./vnnlib/spec_idx_45_eps_0.00001000.vnnlib,2.073471241,unsat,4.188269,6.963355990
metaroom_2023,vnncomp2024_benchmarks/benchmarks/metaroom_2023/./onnx/4cnn_ry_0_0_no_custom_OP.onnx,vnncomp2024_benchmarks/benchmarks/metaroom_2023/./vnnlib/spec_idx_0_eps_0.00000436.vnnlib,2.057933921,unsat,4.183898,6.956876802
metaroom_2023,vnncomp2024_benchmarks/benchmarks/metaroom_2023/./onnx/6cnn_tz_4_0_no_custom_OP.onnx,vnncomp2024_benchmarks/benchmarks/metaroom_2023/./vnnlib/spec_idx_186_eps_0.00001000.vnnlib,2.582246448,unsat,7.247359,10.021555149
metaroom_2023,vnncomp2024_benchmarks/benchmarks/metaroom_2023/./onnx/4cnn_ry_57_9_no_custom_OP.onnx,vnncomp2024_benchmarks/benchmarks/metaroom_2023/./vnnlib/spec_idx_28_eps_0.00000436.vnnlib,2.067943406,unsat,66.889431,69.783465320
metaroom_2023,vnncomp2024_benchmarks/benchmarks/metaroom_2023/./onnx/4cnn_ry_20_3_no_custom_OP.onnx,vnncomp2024_benchmarks/benchmarks/metaroom_2023/./vnnlib/spec_idx_7_eps_0.00000436.vnnlib,2.055592938,unsat,4.181968,6.962095382
metaroom_2023,vnncomp2024_benchmarks/benchmarks/metaroom_2023/./onnx/4cnn_tz_52_8_no_custom_OP.onnx,vnncomp2024_benchmarks/benchmarks/metaroom_2023/./vnnlib/spec_idx_72_eps_0.00001000.vnnlib,2.050140841,unsat,4.213988,6.997388383
metaroom_2023,vnncomp2024_benchmarks/benchmarks/metaroom_2023/./onnx/4cnn_ry_111_18_no_custom_OP.onnx,vnncomp2024_benchmarks/benchmarks/metaroom_2023/./vnnlib/spec_idx_2_eps_0.00000436.vnnlib,2.047082812,sat,1.244765,4.002606410
metaroom_2023,vnncomp2024_benchmarks/benchmarks/metaroom_2023/./onnx/4cnn_ry_41_6_no_custom_OP.onnx,vnncomp2024_benchmarks/benchmarks/metaroom_2023/./vnnlib/spec_idx_19_eps_0.00000436.vnnlib,2.052098563,unsat,4.198303,7.018102779
metaroom_2023,vnncomp2024_benchmarks/benchmarks/metaroom_2023/./onnx/4cnn_tz_57_9_no_custom_OP.onnx,vnncomp2024_benchmarks/benchmarks/metaroom_2023/./vnnlib/spec_idx_74_eps_0.00001000.vnnlib,2.063857708,unsat,4.184698,6.955137549
metaroom_2023,vnncomp2024_benchmarks/benchmarks/metaroom_2023/./onnx/6cnn_tz_75_12_no_custom_OP.onnx,vnncomp2024_benchmarks/benchmarks/metaroom_2023/./vnnlib/spec_idx_203_eps_0.00001000.vnnlib,2.664653824,unsat,7.022486,9.839975442
metaroom_2023,vnncomp2024_benchmarks/benchmarks/metaroom_2023/./onnx/4cnn_ry_58_9_no_custom_OP.onnx,vnncomp2024_benchmarks/benchmarks/metaroom_2023/./vnnlib/spec_idx_29_eps_0.00000436.vnnlib,2.063125103,unsat,4.380634,7.146512036
metaroom_2023,vnncomp2024_benchmarks/benchmarks/metaroom_2023/./onnx/4cnn_ry_45_7_no_custom_OP.onnx,vnncomp2024_benchmarks/benchmarks/metaroom_2023/./vnnlib/spec_idx_22_eps_0.00000436.vnnlib,2.053130520,sat,0.929227,3.713131151
metaroom_2023,vnncomp2024_benchmarks/benchmarks/metaroom_2023/./onnx/6cnn_tz_22_3_no_custom_OP.onnx,vnncomp2024_benchmarks/benchmarks/metaroom_2023/./vnnlib/spec_idx_171_eps_0.00001000.vnnlib,2.593337156,unsat,6.681317,9.508801446
metaroom_2023,vnncomp2024_benchmarks/benchmarks/metaroom_2023/./onnx/4cnn_ry_71_11_no_custom_OP.onnx,vnncomp2024_benchmarks/benchmarks/metaroom_2023/./vnnlib/spec_idx_37_eps_0.00000436.vnnlib,2.048933711,unsat,4.207526,6.987859916
metaroom_2023,vnncomp2024_benchmarks/benchmarks/metaroom_2023/./onnx/6cnn_tz_94_15_no_custom_OP.onnx,vnncomp2024_benchmarks/benchmarks/metaroom_2023/./vnnlib/spec_idx_209_eps_0.00001000.vnnlib,2.566810009,unsat,6.626607,9.412459649
metaroom_2023,vnncomp2024_benchmarks/benchmarks/metaroom_2023/./onnx/4cnn_ry_3_0_no_custom_OP.onnx,vnncomp2024_benchmarks/benchmarks/metaroom_2023/./vnnlib/spec_idx_17_eps_0.00000436.vnnlib,2.054961597,unsat,4.261152,7.035580262
metaroom_2023,vnncomp2024_benchmarks/benchmarks/metaroom_2023/./onnx/6cnn_tz_57_9_no_custom_OP.onnx,vnncomp2024_benchmarks/benchmarks/metaroom_2023/./vnnlib/spec_idx_191_eps_0.00001000.vnnlib,2.575496051,unsat,7.359418,10.141929548
metaroom_2023,vnncomp2024_benchmarks/benchmarks/metaroom_2023/./onnx/6cnn_ry_70_11_no_custom_OP.onnx,vnncomp2024_benchmarks/benchmarks/metaroom_2023/./vnnlib/spec_idx_138_eps_0.00000436.vnnlib,2.593393218,unsat,7.357714,10.166800371
metaroom_2023,vnncomp2024_benchmarks/benchmarks/metaroom_2023/./onnx/6cnn_tz_54_9_no_custom_OP.onnx,vnncomp2024_benchmarks/benchmarks/metaroom_2023/./vnnlib/spec_idx_189_eps_0.00001000.vnnlib,2.635991141,unsat,7.744769,10.527210131
metaroom_2023,vnncomp2024_benchmarks/benchmarks/metaroom_2023/./onnx/6cnn_tz_38_6_no_custom_OP.onnx,vnncomp2024_benchmarks/benchmarks/metaroom_2023/./vnnlib/spec_idx_179_eps_0.00001000.vnnlib,2.568675068,unsat,6.661188,9.438798548
metaroom_2023,vnncomp2024_benchmarks/benchmarks/metaroom_2023/./onnx/6cnn_ry_54_9_no_custom_OP.onnx,vnncomp2024_benchmarks/benchmarks/metaroom_2023/./vnnlib/spec_idx_128_eps_0.00000436.vnnlib,2.570092227,unsat,6.993559,9.785810040
metaroom_2023,vnncomp2024_benchmarks/benchmarks/metaroom_2023/./onnx/4cnn_tz_68_11_no_custom_OP.onnx,vnncomp2024_benchmarks/benchmarks/metaroom_2023/./vnnlib/spec_idx_80_eps_0.00001000.vnnlib,2.082238235,unsat,4.216501,6.992426704
metaroom_2023,vnncomp2024_benchmarks/benchmarks/metaroom_2023/./onnx/6cnn_tz_106_17_no_custom_OP.onnx,vnncomp2024_benchmarks/benchmarks/metaroom_2023/./vnnlib/spec_idx_157_eps_0.00001000.vnnlib,2.577650615,unsat,6.846054,9.657273701
metaroom_2023,vnncomp2024_benchmarks/benchmarks/metaroom_2023/./onnx/4cnn_tz_7_1_no_custom_OP.onnx,vnncomp2024_benchmarks/benchmarks/metaroom_2023/./vnnlib/spec_idx_85_eps_0.00001000.vnnlib,2.082700904,unsat,4.225868,7.004054828
metaroom_2023,vnncomp2024_benchmarks/benchmarks/metaroom_2023/./onnx/4cnn_tz_102_17_no_custom_OP.onnx,vnncomp2024_benchmarks/benchmarks/metaroom_2023/./vnnlib/spec_idx_46_eps_0.00001000.vnnlib,2.059862369,unsat,4.216974,7.019667181
metaroom_2023,vnncomp2024_benchmarks/benchmarks/metaroom_2023/./onnx/6cnn_ry_3_0_no_custom_OP.onnx,vnncomp2024_benchmarks/benchmarks/metaroom_2023/./vnnlib/spec_idx_120_eps_0.00000436.vnnlib,2.563082171,sat,3.868827,6.716691848
metaroom_2023,vnncomp2024_benchmarks/benchmarks/metaroom_2023/./onnx/6cnn_tz_28_4_no_custom_OP.onnx,vnncomp2024_benchmarks/benchmarks/metaroom_2023/./vnnlib/spec_idx_173_eps_0.00001000.vnnlib,2.560500140,unsat,6.791093,9.615129303
metaroom_2023,vnncomp2024_benchmarks/benchmarks/metaroom_2023/./onnx/6cnn_tz_62_10_no_custom_OP.onnx,vnncomp2024_benchmarks/benchmarks/metaroom_2023/./vnnlib/spec_idx_193_eps_0.00001000.vnnlib,2.567806133,unsat,6.681763,9.466585713
metaroom_2023,vnncomp2024_benchmarks/benchmarks/metaroom_2023/./onnx/4cnn_tz_44_7_no_custom_OP.onnx,vnncomp2024_benchmarks/benchmarks/metaroom_2023/./vnnlib/spec_idx_68_eps_0.00001000.vnnlib,2.078110295,unsat,4.197848,6.967741017
metaroom_2023,vnncomp2024_benchmarks/benchmarks/metaroom_2023/./onnx/4cnn_ry_61_10_no_custom_OP.onnx,vnncomp2024_benchmarks/benchmarks/metaroom_2023/./vnnlib/spec_idx_31_eps_0.00000436.vnnlib,2.045947250,unsat,4.348806,7.125667323
metaroom_2023,vnncomp2024_benchmarks/benchmarks/metaroom_2023/./onnx/4cnn_tz_9_1_no_custom_OP.onnx,vnncomp2024_benchmarks/benchmarks/metaroom_2023/./vnnlib/spec_idx_92_eps_0.00001000.vnnlib,2.076452501,unsat,4.204360,6.976836380
metaroom_2023,vnncomp2024_benchmarks/benchmarks/metaroom_2023/./onnx/6cnn_ry_94_15_no_custom_OP.onnx,vnncomp2024_benchmarks/benchmarks/metaroom_2023/./vnnlib/spec_idx_149_eps_0.00000436.vnnlib,2.606707506,unsat,7.369474,10.157678687
metaroom_2023,vnncomp2024_benchmarks/benchmarks/metaroom_2023/./onnx/4cnn_tz_94_15_no_custom_OP.onnx,vnncomp2024_benchmarks/benchmarks/metaroom_2023/./vnnlib/spec_idx_90_eps_0.00001000.vnnlib,2.094088222,unsat,4.219592,6.993086960
metaroom_2023,vnncomp2024_benchmarks/benchmarks/test/test_nano.onnx,vnncomp2024_benchmarks/benchmarks/test/test_nano.vnnlib,1.993624264,unsat,3.419728,6.132582686
test,vnncomp2024_benchmarks/benchmarks/test/test_nano.onnx,vnncomp2024_benchmarks/benchmarks/test/test_nano.vnnlib,2.055907670,unsat,3.426393,6.461124428
test,vnncomp2024_benchmarks/benchmarks/test/test_tiny.onnx,vnncomp2024_benchmarks/benchmarks/test/test_tiny.vnnlib,1.995219809,unsat,3.422612,6.217338479
test,vnncomp2024_benchmarks/benchmarks/test/test_small.onnx,vnncomp2024_benchmarks/benchmarks/test/test_small.vnnlib,2.053595820,unsat,3.476082,6.242864550
test,vnncomp2024_benchmarks/benchmarks/test/test_sat.onnx,vnncomp2024_benchmarks/benchmarks/test/test_prop.vnnlib,2.012784712,sat,0.281645,3.050707532
test,vnncomp2024_benchmarks/benchmarks/test/test_unsat.onnx,vnncomp2024_benchmarks/benchmarks/test/test_prop.vnnlib,1.991232923,unsat,4.233526,7.002325786
test,vnncomp2024_benchmarks/benchmarks/test/test_nano.onnx,vnncomp2024_benchmarks/benchmarks/test/test_nano.vnnlib,1.998434155,unsat,3.381235,6.149859345
