acasxu_2023,vnncomp2024_benchmarks/benchmarks/acasxu_2023/onnx/ACASXU_run2a_1_1_batch_2000.onnx,vnncomp2024_benchmarks/benchmarks/acasxu_2023/vnnlib/prop_1.vnnlib,21.754376745,unsat,9.871317410
acasxu_2023,vnncomp2024_benchmarks/benchmarks/acasxu_2023/onnx/ACASXU_run2a_1_2_batch_2000.onnx,vnncomp2024_benchmarks/benchmarks/acasxu_2023/vnnlib/prop_1.vnnlib,21.583559045,unsat,9.028725808
acasxu_2023,vnncomp2024_benchmarks/benchmarks/acasxu_2023/onnx/ACASXU_run2a_1_3_batch_2000.onnx,vnncomp2024_benchmarks/benchmarks/acasxu_2023/vnnlib/prop_1.vnnlib,21.606215403,unsat,9.242464535
acasxu_2023,vnncomp2024_benchmarks/benchmarks/acasxu_2023/onnx/ACASXU_run2a_1_4_batch_2000.onnx,vnncomp2024_benchmarks/benchmarks/acasxu_2023/vnnlib/prop_1.vnnlib,21.558997754,unsat,9.245188311
acasxu_2023,vnncomp2024_benchmarks/benchmarks/acasxu_2023/onnx/ACASXU_run2a_1_5_batch_2000.onnx,vnncomp2024_benchmarks/benchmarks/acasxu_2023/vnnlib/prop_1.vnnlib,21.552765113,unsat,9.052978834
acasxu_2023,vnncomp2024_benchmarks/benchmarks/acasxu_2023/onnx/ACASXU_run2a_1_6_batch_2000.onnx,vnncomp2024_benchmarks/benchmarks/acasxu_2023/vnnlib/prop_1.vnnlib,21.536448605,unsat,9.139853224
acasxu_2023,vnncomp2024_benchmarks/benchmarks/acasxu_2023/onnx/ACASXU_run2a_1_7_batch_2000.onnx,vnncomp2024_benchmarks/benchmarks/acasxu_2023/vnnlib/prop_1.vnnlib,21.571623009,unsat,8.954970135
acasxu_2023,vnncomp2024_benchmarks/benchmarks/acasxu_2023/onnx/ACASXU_run2a_1_8_batch_2000.onnx,vnncomp2024_benchmarks/benchmarks/acasxu_2023/vnnlib/prop_1.vnnlib,21.542313311,unsat,8.951715485
acasxu_2023,vnncomp2024_benchmarks/benchmarks/acasxu_2023/onnx/ACASXU_run2a_1_9_batch_2000.onnx,vnncomp2024_benchmarks/benchmarks/acasxu_2023/vnnlib/prop_1.vnnlib,21.553081011,unsat,8.868580274
acasxu_2023,vnncomp2024_benchmarks/benchmarks/acasxu_2023/onnx/ACASXU_run2a_2_1_batch_2000.onnx,vnncomp2024_benchmarks/benchmarks/acasxu_2023/vnnlib/prop_1.vnnlib,21.575428763,unsat,9.031897071
acasxu_2023,vnncomp2024_benchmarks/benchmarks/acasxu_2023/onnx/ACASXU_run2a_2_2_batch_2000.onnx,vnncomp2024_benchmarks/benchmarks/acasxu_2023/vnnlib/prop_1.vnnlib,21.570832411,unsat,9.267263004
acasxu_2023,vnncomp2024_benchmarks/benchmarks/acasxu_2023/onnx/ACASXU_run2a_2_3_batch_2000.onnx,vnncomp2024_benchmarks/benchmarks/acasxu_2023/vnnlib/prop_1.vnnlib,21.538816816,unsat,9.278970493
acasxu_2023,vnncomp2024_benchmarks/benchmarks/acasxu_2023/onnx/ACASXU_run2a_2_4_batch_2000.onnx,vnncomp2024_benchmarks/benchmarks/acasxu_2023/vnnlib/prop_1.vnnlib,21.553474806,unsat,9.174558225
acasxu_2023,vnncomp2024_benchmarks/benchmarks/acasxu_2023/onnx/ACASXU_run2a_2_5_batch_2000.onnx,vnncomp2024_benchmarks/benchmarks/acasxu_2023/vnnlib/prop_1.vnnlib,21.570203262,unsat,9.512950688
acasxu_2023,vnncomp2024_benchmarks/benchmarks/acasxu_2023/onnx/ACASXU_run2a_2_6_batch_2000.onnx,vnncomp2024_benchmarks/benchmarks/acasxu_2023/vnnlib/prop_1.vnnlib,21.538210515,unsat,9.508632187
acasxu_2023,vnncomp2024_benchmarks/benchmarks/acasxu_2023/onnx/ACASXU_run2a_2_7_batch_2000.onnx,vnncomp2024_benchmarks/benchmarks/acasxu_2023/vnnlib/prop_1.vnnlib,21.560663448,unsat,9.815936275
acasxu_2023,vnncomp2024_benchmarks/benchmarks/acasxu_2023/onnx/ACASXU_run2a_2_8_batch_2000.onnx,vnncomp2024_benchmarks/benchmarks/acasxu_2023/vnnlib/prop_1.vnnlib,21.540602538,unsat,9.712670143
acasxu_2023,vnncomp2024_benchmarks/benchmarks/acasxu_2023/onnx/ACASXU_run2a_2_9_batch_2000.onnx,vnncomp2024_benchmarks/benchmarks/acasxu_2023/vnnlib/prop_1.vnnlib,21.531920092,unsat,9.799123451
acasxu_2023,vnncomp2024_benchmarks/benchmarks/acasxu_2023/onnx/ACASXU_run2a_3_1_batch_2000.onnx,vnncomp2024_benchmarks/benchmarks/acasxu_2023/vnnlib/prop_1.vnnlib,21.586087745,unsat,9.264869551
acasxu_2023,vnncomp2024_benchmarks/benchmarks/acasxu_2023/onnx/ACASXU_run2a_3_2_batch_2000.onnx,vnncomp2024_benchmarks/benchmarks/acasxu_2023/vnnlib/prop_1.vnnlib,21.567226091,unsat,9.413916169
acasxu_2023,vnncomp2024_benchmarks/benchmarks/acasxu_2023/onnx/ACASXU_run2a_3_3_batch_2000.onnx,vnncomp2024_benchmarks/benchmarks/acasxu_2023/vnnlib/prop_1.vnnlib,21.539317596,unsat,9.249832223
acasxu_2023,vnncomp2024_benchmarks/benchmarks/acasxu_2023/onnx/ACASXU_run2a_3_4_batch_2000.onnx,vnncomp2024_benchmarks/benchmarks/acasxu_2023/vnnlib/prop_1.vnnlib,21.597565668,unsat,9.227992309
acasxu_2023,vnncomp2024_benchmarks/benchmarks/acasxu_2023/onnx/ACASXU_run2a_3_5_batch_2000.onnx,vnncomp2024_benchmarks/benchmarks/acasxu_2023/vnnlib/prop_1.vnnlib,21.526236277,unsat,9.459254255
acasxu_2023,vnncomp2024_benchmarks/benchmarks/acasxu_2023/onnx/ACASXU_run2a_3_6_batch_2000.onnx,vnncomp2024_benchmarks/benchmarks/acasxu_2023/vnnlib/prop_1.vnnlib,21.578024400,unsat,9.603773005
acasxu_2023,vnncomp2024_benchmarks/benchmarks/acasxu_2023/onnx/ACASXU_run2a_3_7_batch_2000.onnx,vnncomp2024_benchmarks/benchmarks/acasxu_2023/vnnlib/prop_1.vnnlib,21.579727535,unsat,9.614275490
acasxu_2023,vnncomp2024_benchmarks/benchmarks/acasxu_2023/onnx/ACASXU_run2a_3_8_batch_2000.onnx,vnncomp2024_benchmarks/benchmarks/acasxu_2023/vnnlib/prop_1.vnnlib,21.550419199,unsat,9.758953097
acasxu_2023,vnncomp2024_benchmarks/benchmarks/acasxu_2023/onnx/ACASXU_run2a_3_9_batch_2000.onnx,vnncomp2024_benchmarks/benchmarks/acasxu_2023/vnnlib/prop_1.vnnlib,21.593694296,unsat,10.151328424
acasxu_2023,vnncomp2024_benchmarks/benchmarks/acasxu_2023/onnx/ACASXU_run2a_4_1_batch_2000.onnx,vnncomp2024_benchmarks/benchmarks/acasxu_2023/vnnlib/prop_1.vnnlib,21.549136913,unsat,9.418221100
acasxu_2023,vnncomp2024_benchmarks/benchmarks/acasxu_2023/onnx/ACASXU_run2a_4_2_batch_2000.onnx,vnncomp2024_benchmarks/benchmarks/acasxu_2023/vnnlib/prop_1.vnnlib,21.579646103,unsat,9.175894683
acasxu_2023,vnncomp2024_benchmarks/benchmarks/acasxu_2023/onnx/ACASXU_run2a_4_3_batch_2000.onnx,vnncomp2024_benchmarks/benchmarks/acasxu_2023/vnnlib/prop_1.vnnlib,21.606301861,unsat,9.250067193
acasxu_2023,vnncomp2024_benchmarks/benchmarks/acasxu_2023/onnx/ACASXU_run2a_4_4_batch_2000.onnx,vnncomp2024_benchmarks/benchmarks/acasxu_2023/vnnlib/prop_1.vnnlib,21.554859315,unsat,9.230369288
acasxu_2023,vnncomp2024_benchmarks/benchmarks/acasxu_2023/onnx/ACASXU_run2a_4_5_batch_2000.onnx,vnncomp2024_benchmarks/benchmarks/acasxu_2023/vnnlib/prop_1.vnnlib,21.580500078,unsat,9.358552120
acasxu_2023,vnncomp2024_benchmarks/benchmarks/acasxu_2023/onnx/ACASXU_run2a_4_6_batch_2000.onnx,vnncomp2024_benchmarks/benchmarks/acasxu_2023/vnnlib/prop_1.vnnlib,21.576682070,unsat,9.739380276
acasxu_2023,vnncomp2024_benchmarks/benchmarks/acasxu_2023/onnx/ACASXU_run2a_4_7_batch_2000.onnx,vnncomp2024_benchmarks/benchmarks/acasxu_2023/vnnlib/prop_1.vnnlib,21.570967443,unsat,9.883043583
acasxu_2023,vnncomp2024_benchmarks/benchmarks/acasxu_2023/onnx/ACASXU_run2a_4_8_batch_2000.onnx,vnncomp2024_benchmarks/benchmarks/acasxu_2023/vnnlib/prop_1.vnnlib,21.533357308,unsat,9.703649656
acasxu_2023,vnncomp2024_benchmarks/benchmarks/acasxu_2023/onnx/ACASXU_run2a_4_9_batch_2000.onnx,vnncomp2024_benchmarks/benchmarks/acasxu_2023/vnnlib/prop_1.vnnlib,21.550695350,unsat,10.208737847
acasxu_2023,vnncomp2024_benchmarks/benchmarks/acasxu_2023/onnx/ACASXU_run2a_5_1_batch_2000.onnx,vnncomp2024_benchmarks/benchmarks/acasxu_2023/vnnlib/prop_1.vnnlib,21.542496994,unsat,9.142153883
acasxu_2023,vnncomp2024_benchmarks/benchmarks/acasxu_2023/onnx/ACASXU_run2a_5_2_batch_2000.onnx,vnncomp2024_benchmarks/benchmarks/acasxu_2023/vnnlib/prop_1.vnnlib,21.538126043,unsat,9.285964191
acasxu_2023,vnncomp2024_benchmarks/benchmarks/acasxu_2023/onnx/ACASXU_run2a_5_3_batch_2000.onnx,vnncomp2024_benchmarks/benchmarks/acasxu_2023/vnnlib/prop_1.vnnlib,21.563712274,unsat,9.180094756
acasxu_2023,vnncomp2024_benchmarks/benchmarks/acasxu_2023/onnx/ACASXU_run2a_5_4_batch_2000.onnx,vnncomp2024_benchmarks/benchmarks/acasxu_2023/vnnlib/prop_1.vnnlib,21.563918934,unsat,9.069717022
acasxu_2023,vnncomp2024_benchmarks/benchmarks/acasxu_2023/onnx/ACASXU_run2a_5_5_batch_2000.onnx,vnncomp2024_benchmarks/benchmarks/acasxu_2023/vnnlib/prop_1.vnnlib,21.537779464,unsat,9.282951953
acasxu_2023,vnncomp2024_benchmarks/benchmarks/acasxu_2023/onnx/ACASXU_run2a_5_6_batch_2000.onnx,vnncomp2024_benchmarks/benchmarks/acasxu_2023/vnnlib/prop_1.vnnlib,21.523487024,unsat,9.502131070
acasxu_2023,vnncomp2024_benchmarks/benchmarks/acasxu_2023/onnx/ACASXU_run2a_5_7_batch_2000.onnx,vnncomp2024_benchmarks/benchmarks/acasxu_2023/vnnlib/prop_1.vnnlib,21.555152722,unsat,9.557158879
acasxu_2023,vnncomp2024_benchmarks/benchmarks/acasxu_2023/onnx/ACASXU_run2a_5_8_batch_2000.onnx,vnncomp2024_benchmarks/benchmarks/acasxu_2023/vnnlib/prop_1.vnnlib,21.533516753,unsat,9.746542009
acasxu_2023,vnncomp2024_benchmarks/benchmarks/acasxu_2023/onnx/ACASXU_run2a_5_9_batch_2000.onnx,vnncomp2024_benchmarks/benchmarks/acasxu_2023/vnnlib/prop_1.vnnlib,21.543779015,unsat,9.652050882
acasxu_2023,vnncomp2024_benchmarks/benchmarks/acasxu_2023/onnx/ACASXU_run2a_1_1_batch_2000.onnx,vnncomp2024_benchmarks/benchmarks/acasxu_2023/vnnlib/prop_2.vnnlib,21.550339738,unsat,9.912285481
acasxu_2023,vnncomp2024_benchmarks/benchmarks/acasxu_2023/onnx/ACASXU_run2a_1_2_batch_2000.onnx,vnncomp2024_benchmarks/benchmarks/acasxu_2023/vnnlib/prop_2.vnnlib,21.579266521,sat,7.001848393
acasxu_2023,vnncomp2024_benchmarks/benchmarks/acasxu_2023/onnx/ACASXU_run2a_1_3_batch_2000.onnx,vnncomp2024_benchmarks/benchmarks/acasxu_2023/vnnlib/prop_2.vnnlib,21.596244825,sat,7.401952437
acasxu_2023,vnncomp2024_benchmarks/benchmarks/acasxu_2023/onnx/ACASXU_run2a_1_4_batch_2000.onnx,vnncomp2024_benchmarks/benchmarks/acasxu_2023/vnnlib/prop_2.vnnlib,21.599762845,sat,7.022824952
acasxu_2023,vnncomp2024_benchmarks/benchmarks/acasxu_2023/onnx/ACASXU_run2a_1_5_batch_2000.onnx,vnncomp2024_benchmarks/benchmarks/acasxu_2023/vnnlib/prop_2.vnnlib,21.648052790,sat,7.448506912
acasxu_2023,vnncomp2024_benchmarks/benchmarks/acasxu_2023/onnx/ACASXU_run2a_1_6_batch_2000.onnx,vnncomp2024_benchmarks/benchmarks/acasxu_2023/vnnlib/prop_2.vnnlib,21.595007043,sat,7.357902074
acasxu_2023,vnncomp2024_benchmarks/benchmarks/acasxu_2023/onnx/ACASXU_run2a_1_7_batch_2000.onnx,vnncomp2024_benchmarks/benchmarks/acasxu_2023/vnnlib/prop_2.vnnlib,21.622580090,unsat,9.557190001
acasxu_2023,vnncomp2024_benchmarks/benchmarks/acasxu_2023/onnx/ACASXU_run2a_1_8_batch_2000.onnx,vnncomp2024_benchmarks/benchmarks/acasxu_2023/vnnlib/prop_2.vnnlib,21.589553757,unsat,9.588862701
acasxu_2023,vnncomp2024_benchmarks/benchmarks/acasxu_2023/onnx/ACASXU_run2a_1_9_batch_2000.onnx,vnncomp2024_benchmarks/benchmarks/acasxu_2023/vnnlib/prop_2.vnnlib,21.551627478,unsat,9.566963565
acasxu_2023,vnncomp2024_benchmarks/benchmarks/acasxu_2023/onnx/ACASXU_run2a_2_1_batch_2000.onnx,vnncomp2024_benchmarks/benchmarks/acasxu_2023/vnnlib/prop_2.vnnlib,21.582642990,sat,7.071190682
acasxu_2023,vnncomp2024_benchmarks/benchmarks/acasxu_2023/onnx/ACASXU_run2a_2_2_batch_2000.onnx,vnncomp2024_benchmarks/benchmarks/acasxu_2023/vnnlib/prop_2.vnnlib,21.584628140,sat,7.041830972
acasxu_2023,vnncomp2024_benchmarks/benchmarks/acasxu_2023/onnx/ACASXU_run2a_2_3_batch_2000.onnx,vnncomp2024_benchmarks/benchmarks/acasxu_2023/vnnlib/prop_2.vnnlib,21.593347118,sat,6.996202135
acasxu_2023,vnncomp2024_benchmarks/benchmarks/acasxu_2023/onnx/ACASXU_run2a_2_4_batch_2000.onnx,vnncomp2024_benchmarks/benchmarks/acasxu_2023/vnnlib/prop_2.vnnlib,21.584024954,sat,7.023163888
acasxu_2023,vnncomp2024_benchmarks/benchmarks/acasxu_2023/onnx/ACASXU_run2a_2_5_batch_2000.onnx,vnncomp2024_benchmarks/benchmarks/acasxu_2023/vnnlib/prop_2.vnnlib,21.629155577,sat,6.979372058
acasxu_2023,vnncomp2024_benchmarks/benchmarks/acasxu_2023/onnx/ACASXU_run2a_2_6_batch_2000.onnx,vnncomp2024_benchmarks/benchmarks/acasxu_2023/vnnlib/prop_2.vnnlib,21.563272547,sat,6.999656196
acasxu_2023,vnncomp2024_benchmarks/benchmarks/acasxu_2023/onnx/ACASXU_run2a_2_7_batch_2000.onnx,vnncomp2024_benchmarks/benchmarks/acasxu_2023/vnnlib/prop_2.vnnlib,21.594102082,sat,7.000599716
acasxu_2023,vnncomp2024_benchmarks/benchmarks/acasxu_2023/onnx/ACASXU_run2a_2_8_batch_2000.onnx,vnncomp2024_benchmarks/benchmarks/acasxu_2023/vnnlib/prop_2.vnnlib,21.624359362,sat,6.991838428
acasxu_2023,vnncomp2024_benchmarks/benchmarks/acasxu_2023/onnx/ACASXU_run2a_2_9_batch_2000.onnx,vnncomp2024_benchmarks/benchmarks/acasxu_2023/vnnlib/prop_2.vnnlib,21.575116435,sat,7.022540740
acasxu_2023,vnncomp2024_benchmarks/benchmarks/acasxu_2023/onnx/ACASXU_run2a_3_1_batch_2000.onnx,vnncomp2024_benchmarks/benchmarks/acasxu_2023/vnnlib/prop_2.vnnlib,21.597140879,sat,7.008124991
acasxu_2023,vnncomp2024_benchmarks/benchmarks/acasxu_2023/onnx/ACASXU_run2a_3_2_batch_2000.onnx,vnncomp2024_benchmarks/benchmarks/acasxu_2023/vnnlib/prop_2.vnnlib,21.668347537,sat,7.369406727
acasxu_2023,vnncomp2024_benchmarks/benchmarks/acasxu_2023/onnx/ACASXU_run2a_3_3_batch_2000.onnx,vnncomp2024_benchmarks/benchmarks/acasxu_2023/vnnlib/prop_2.vnnlib,21.596968337,unsat,21.640538963
acasxu_2023,vnncomp2024_benchmarks/benchmarks/acasxu_2023/onnx/ACASXU_run2a_3_4_batch_2000.onnx,vnncomp2024_benchmarks/benchmarks/acasxu_2023/vnnlib/prop_2.vnnlib,21.685881786,sat,7.004379775
acasxu_2023,vnncomp2024_benchmarks/benchmarks/acasxu_2023/onnx/ACASXU_run2a_3_5_batch_2000.onnx,vnncomp2024_benchmarks/benchmarks/acasxu_2023/vnnlib/prop_2.vnnlib,21.632128141,sat,7.003244226
acasxu_2023,vnncomp2024_benchmarks/benchmarks/acasxu_2023/onnx/ACASXU_run2a_3_6_batch_2000.onnx,vnncomp2024_benchmarks/benchmarks/acasxu_2023/vnnlib/prop_2.vnnlib,21.619174895,sat,7.001921927
acasxu_2023,vnncomp2024_benchmarks/benchmarks/acasxu_2023/onnx/ACASXU_run2a_3_7_batch_2000.onnx,vnncomp2024_benchmarks/benchmarks/acasxu_2023/vnnlib/prop_2.vnnlib,21.609540576,sat,7.018082584
acasxu_2023,vnncomp2024_benchmarks/benchmarks/acasxu_2023/onnx/ACASXU_run2a_3_8_batch_2000.onnx,vnncomp2024_benchmarks/benchmarks/acasxu_2023/vnnlib/prop_2.vnnlib,21.608416409,sat,7.017700076
acasxu_2023,vnncomp2024_benchmarks/benchmarks/acasxu_2023/onnx/ACASXU_run2a_3_9_batch_2000.onnx,vnncomp2024_benchmarks/benchmarks/acasxu_2023/vnnlib/prop_2.vnnlib,21.633490414,sat,6.994635125
acasxu_2023,vnncomp2024_benchmarks/benchmarks/acasxu_2023/onnx/ACASXU_run2a_4_1_batch_2000.onnx,vnncomp2024_benchmarks/benchmarks/acasxu_2023/vnnlib/prop_2.vnnlib,21.614284620,sat,7.051571311
acasxu_2023,vnncomp2024_benchmarks/benchmarks/acasxu_2023/onnx/ACASXU_run2a_4_2_batch_2000.onnx,vnncomp2024_benchmarks/benchmarks/acasxu_2023/vnnlib/prop_2.vnnlib,21.609913034,unsat,11.682917216
acasxu_2023,vnncomp2024_benchmarks/benchmarks/acasxu_2023/onnx/ACASXU_run2a_4_3_batch_2000.onnx,vnncomp2024_benchmarks/benchmarks/acasxu_2023/vnnlib/prop_2.vnnlib,21.585868959,sat,7.000850087
acasxu_2023,vnncomp2024_benchmarks/benchmarks/acasxu_2023/onnx/ACASXU_run2a_4_4_batch_2000.onnx,vnncomp2024_benchmarks/benchmarks/acasxu_2023/vnnlib/prop_2.vnnlib,21.602675325,sat,7.044211352
acasxu_2023,vnncomp2024_benchmarks/benchmarks/acasxu_2023/onnx/ACASXU_run2a_4_5_batch_2000.onnx,vnncomp2024_benchmarks/benchmarks/acasxu_2023/vnnlib/prop_2.vnnlib,21.584497355,sat,7.020874818
acasxu_2023,vnncomp2024_benchmarks/benchmarks/acasxu_2023/onnx/ACASXU_run2a_4_6_batch_2000.onnx,vnncomp2024_benchmarks/benchmarks/acasxu_2023/vnnlib/prop_2.vnnlib,21.631757375,sat,6.983437090
acasxu_2023,vnncomp2024_benchmarks/benchmarks/acasxu_2023/onnx/ACASXU_run2a_4_7_batch_2000.onnx,vnncomp2024_benchmarks/benchmarks/acasxu_2023/vnnlib/prop_2.vnnlib,21.631438230,sat,6.988613925
acasxu_2023,vnncomp2024_benchmarks/benchmarks/acasxu_2023/onnx/ACASXU_run2a_4_8_batch_2000.onnx,vnncomp2024_benchmarks/benchmarks/acasxu_2023/vnnlib/prop_2.vnnlib,21.591826238,sat,7.006861585
acasxu_2023,vnncomp2024_benchmarks/benchmarks/acasxu_2023/onnx/ACASXU_run2a_4_9_batch_2000.onnx,vnncomp2024_benchmarks/benchmarks/acasxu_2023/vnnlib/prop_2.vnnlib,21.579375985,sat,7.014297816
acasxu_2023,vnncomp2024_benchmarks/benchmarks/acasxu_2023/onnx/ACASXU_run2a_5_1_batch_2000.onnx,vnncomp2024_benchmarks/benchmarks/acasxu_2023/vnnlib/prop_2.vnnlib,21.597245205,sat,6.997892517
acasxu_2023,vnncomp2024_benchmarks/benchmarks/acasxu_2023/onnx/ACASXU_run2a_5_2_batch_2000.onnx,vnncomp2024_benchmarks/benchmarks/acasxu_2023/vnnlib/prop_2.vnnlib,21.624355387,sat,7.008253605
acasxu_2023,vnncomp2024_benchmarks/benchmarks/acasxu_2023/onnx/ACASXU_run2a_5_3_batch_2000.onnx,vnncomp2024_benchmarks/benchmarks/acasxu_2023/vnnlib/prop_2.vnnlib,21.601762807,sat,7.583721041
acasxu_2023,vnncomp2024_benchmarks/benchmarks/acasxu_2023/onnx/ACASXU_run2a_5_4_batch_2000.onnx,vnncomp2024_benchmarks/benchmarks/acasxu_2023/vnnlib/prop_2.vnnlib,21.603529070,sat,7.028817686
acasxu_2023,vnncomp2024_benchmarks/benchmarks/acasxu_2023/onnx/ACASXU_run2a_5_5_batch_2000.onnx,vnncomp2024_benchmarks/benchmarks/acasxu_2023/vnnlib/prop_2.vnnlib,21.636214716,sat,7.007688712
acasxu_2023,vnncomp2024_benchmarks/benchmarks/acasxu_2023/onnx/ACASXU_run2a_5_6_batch_2000.onnx,vnncomp2024_benchmarks/benchmarks/acasxu_2023/vnnlib/prop_2.vnnlib,21.580986788,sat,7.054772495
acasxu_2023,vnncomp2024_benchmarks/benchmarks/acasxu_2023/onnx/ACASXU_run2a_5_7_batch_2000.onnx,vnncomp2024_benchmarks/benchmarks/acasxu_2023/vnnlib/prop_2.vnnlib,21.604765118,sat,7.007018891
acasxu_2023,vnncomp2024_benchmarks/benchmarks/acasxu_2023/onnx/ACASXU_run2a_5_8_batch_2000.onnx,vnncomp2024_benchmarks/benchmarks/acasxu_2023/vnnlib/prop_2.vnnlib,21.605867717,sat,7.016779139
acasxu_2023,vnncomp2024_benchmarks/benchmarks/acasxu_2023/onnx/ACASXU_run2a_5_9_batch_2000.onnx,vnncomp2024_benchmarks/benchmarks/acasxu_2023/vnnlib/prop_2.vnnlib,21.662875016,sat,7.020887578
acasxu_2023,vnncomp2024_benchmarks/benchmarks/acasxu_2023/onnx/ACASXU_run2a_1_1_batch_2000.onnx,vnncomp2024_benchmarks/benchmarks/acasxu_2023/vnnlib/prop_3.vnnlib,21.615497855,unsat,9.307974184
acasxu_2023,vnncomp2024_benchmarks/benchmarks/acasxu_2023/onnx/ACASXU_run2a_1_2_batch_2000.onnx,vnncomp2024_benchmarks/benchmarks/acasxu_2023/vnnlib/prop_3.vnnlib,21.554082420,unsat,8.551574711
acasxu_2023,vnncomp2024_benchmarks/benchmarks/acasxu_2023/onnx/ACASXU_run2a_1_3_batch_2000.onnx,vnncomp2024_benchmarks/benchmarks/acasxu_2023/vnnlib/prop_3.vnnlib,21.547210668,unsat,8.832281492
acasxu_2023,vnncomp2024_benchmarks/benchmarks/acasxu_2023/onnx/ACASXU_run2a_1_4_batch_2000.onnx,vnncomp2024_benchmarks/benchmarks/acasxu_2023/vnnlib/prop_3.vnnlib,21.553430705,unsat,8.364979023
acasxu_2023,vnncomp2024_benchmarks/benchmarks/acasxu_2023/onnx/ACASXU_run2a_1_5_batch_2000.onnx,vnncomp2024_benchmarks/benchmarks/acasxu_2023/vnnlib/prop_3.vnnlib,21.567872570,unsat,8.307882575
acasxu_2023,vnncomp2024_benchmarks/benchmarks/acasxu_2023/onnx/ACASXU_run2a_1_6_batch_2000.onnx,vnncomp2024_benchmarks/benchmarks/acasxu_2023/vnnlib/prop_3.vnnlib,21.548620279,unsat,7.817019095
acasxu_2023,vnncomp2024_benchmarks/benchmarks/acasxu_2023/onnx/ACASXU_run2a_1_7_batch_2000.onnx,vnncomp2024_benchmarks/benchmarks/acasxu_2023/vnnlib/prop_3.vnnlib,21.634448391,sat,7.029888883
acasxu_2023,vnncomp2024_benchmarks/benchmarks/acasxu_2023/onnx/ACASXU_run2a_1_8_batch_2000.onnx,vnncomp2024_benchmarks/benchmarks/acasxu_2023/vnnlib/prop_3.vnnlib,21.620026112,sat,6.994607984
acasxu_2023,vnncomp2024_benchmarks/benchmarks/acasxu_2023/onnx/ACASXU_run2a_1_9_batch_2000.onnx,vnncomp2024_benchmarks/benchmarks/acasxu_2023/vnnlib/prop_3.vnnlib,21.585916289,sat,7.044053839
acasxu_2023,vnncomp2024_benchmarks/benchmarks/acasxu_2023/onnx/ACASXU_run2a_2_1_batch_2000.onnx,vnncomp2024_benchmarks/benchmarks/acasxu_2023/vnnlib/prop_3.vnnlib,21.610696818,unsat,8.917595274
acasxu_2023,vnncomp2024_benchmarks/benchmarks/acasxu_2023/onnx/ACASXU_run2a_2_2_batch_2000.onnx,vnncomp2024_benchmarks/benchmarks/acasxu_2023/vnnlib/prop_3.vnnlib,21.587475752,unsat,8.847565085
acasxu_2023,vnncomp2024_benchmarks/benchmarks/acasxu_2023/onnx/ACASXU_run2a_2_3_batch_2000.onnx,vnncomp2024_benchmarks/benchmarks/acasxu_2023/vnnlib/prop_3.vnnlib,21.582294392,unsat,8.840854930
acasxu_2023,vnncomp2024_benchmarks/benchmarks/acasxu_2023/onnx/ACASXU_run2a_2_4_batch_2000.onnx,vnncomp2024_benchmarks/benchmarks/acasxu_2023/vnnlib/prop_3.vnnlib,21.570512492,unsat,7.826712522
acasxu_2023,vnncomp2024_benchmarks/benchmarks/acasxu_2023/onnx/ACASXU_run2a_2_5_batch_2000.onnx,vnncomp2024_benchmarks/benchmarks/acasxu_2023/vnnlib/prop_3.vnnlib,21.596789371,unsat,8.358157380
acasxu_2023,vnncomp2024_benchmarks/benchmarks/acasxu_2023/onnx/ACASXU_run2a_2_6_batch_2000.onnx,vnncomp2024_benchmarks/benchmarks/acasxu_2023/vnnlib/prop_3.vnnlib,21.597333502,unsat,7.797211828
acasxu_2023,vnncomp2024_benchmarks/benchmarks/acasxu_2023/onnx/ACASXU_run2a_2_7_batch_2000.onnx,vnncomp2024_benchmarks/benchmarks/acasxu_2023/vnnlib/prop_3.vnnlib,21.590874484,unsat,7.801884276
acasxu_2023,vnncomp2024_benchmarks/benchmarks/acasxu_2023/onnx/ACASXU_run2a_2_8_batch_2000.onnx,vnncomp2024_benchmarks/benchmarks/acasxu_2023/vnnlib/prop_3.vnnlib,21.633800670,unsat,7.822044400
acasxu_2023,vnncomp2024_benchmarks/benchmarks/acasxu_2023/onnx/ACASXU_run2a_2_9_batch_2000.onnx,vnncomp2024_benchmarks/benchmarks/acasxu_2023/vnnlib/prop_3.vnnlib,21.604235926,unsat,7.831289710
acasxu_2023,vnncomp2024_benchmarks/benchmarks/acasxu_2023/onnx/ACASXU_run2a_3_1_batch_2000.onnx,vnncomp2024_benchmarks/benchmarks/acasxu_2023/vnnlib/prop_3.vnnlib,21.586404050,unsat,8.378793758
acasxu_2023,vnncomp2024_benchmarks/benchmarks/acasxu_2023/onnx/ACASXU_run2a_3_2_batch_2000.onnx,vnncomp2024_benchmarks/benchmarks/acasxu_2023/vnnlib/prop_3.vnnlib,21.535068318,unsat,8.472094131
acasxu_2023,vnncomp2024_benchmarks/benchmarks/acasxu_2023/onnx/ACASXU_run2a_3_3_batch_2000.onnx,vnncomp2024_benchmarks/benchmarks/acasxu_2023/vnnlib/prop_3.vnnlib,21.545143287,unsat,8.459541771
acasxu_2023,vnncomp2024_benchmarks/benchmarks/acasxu_2023/onnx/ACASXU_run2a_3_4_batch_2000.onnx,vnncomp2024_benchmarks/benchmarks/acasxu_2023/vnnlib/prop_3.vnnlib,21.576462844,unsat,8.708361679
acasxu_2023,vnncomp2024_benchmarks/benchmarks/acasxu_2023/onnx/ACASXU_run2a_3_5_batch_2000.onnx,vnncomp2024_benchmarks/benchmarks/acasxu_2023/vnnlib/prop_3.vnnlib,21.571453459,unsat,8.232362261
acasxu_2023,vnncomp2024_benchmarks/benchmarks/acasxu_2023/onnx/ACASXU_run2a_3_6_batch_2000.onnx,vnncomp2024_benchmarks/benchmarks/acasxu_2023/vnnlib/prop_3.vnnlib,21.540377879,unsat,8.467002784
acasxu_2023,vnncomp2024_benchmarks/benchmarks/acasxu_2023/onnx/ACASXU_run2a_3_7_batch_2000.onnx,vnncomp2024_benchmarks/benchmarks/acasxu_2023/vnnlib/prop_3.vnnlib,21.557448375,unsat,7.772502672
acasxu_2023,vnncomp2024_benchmarks/benchmarks/acasxu_2023/onnx/ACASXU_run2a_3_8_batch_2000.onnx,vnncomp2024_benchmarks/benchmarks/acasxu_2023/vnnlib/prop_3.vnnlib,21.586502117,unsat,8.216793025
acasxu_2023,vnncomp2024_benchmarks/benchmarks/acasxu_2023/onnx/ACASXU_run2a_3_9_batch_2000.onnx,vnncomp2024_benchmarks/benchmarks/acasxu_2023/vnnlib/prop_3.vnnlib,21.573792688,unsat,8.332729414
acasxu_2023,vnncomp2024_benchmarks/benchmarks/acasxu_2023/onnx/ACASXU_run2a_4_1_batch_2000.onnx,vnncomp2024_benchmarks/benchmarks/acasxu_2023/vnnlib/prop_3.vnnlib,21.554131886,unsat,8.545979315
acasxu_2023,vnncomp2024_benchmarks/benchmarks/acasxu_2023/onnx/ACASXU_run2a_4_2_batch_2000.onnx,vnncomp2024_benchmarks/benchmarks/acasxu_2023/vnnlib/prop_3.vnnlib,21.593000668,unsat,8.584526796
acasxu_2023,vnncomp2024_benchmarks/benchmarks/acasxu_2023/onnx/ACASXU_run2a_4_3_batch_2000.onnx,vnncomp2024_benchmarks/benchmarks/acasxu_2023/vnnlib/prop_3.vnnlib,21.559918937,unsat,9.080551463
acasxu_2023,vnncomp2024_benchmarks/benchmarks/acasxu_2023/onnx/ACASXU_run2a_4_4_batch_2000.onnx,vnncomp2024_benchmarks/benchmarks/acasxu_2023/vnnlib/prop_3.vnnlib,21.528160881,unsat,8.358227718
acasxu_2023,vnncomp2024_benchmarks/benchmarks/acasxu_2023/onnx/ACASXU_run2a_4_5_batch_2000.onnx,vnncomp2024_benchmarks/benchmarks/acasxu_2023/vnnlib/prop_3.vnnlib,21.557467821,unsat,7.932294707
acasxu_2023,vnncomp2024_benchmarks/benchmarks/acasxu_2023/onnx/ACASXU_run2a_4_6_batch_2000.onnx,vnncomp2024_benchmarks/benchmarks/acasxu_2023/vnnlib/prop_3.vnnlib,21.629252245,unsat,8.356605243
acasxu_2023,vnncomp2024_benchmarks/benchmarks/acasxu_2023/onnx/ACASXU_run2a_4_7_batch_2000.onnx,vnncomp2024_benchmarks/benchmarks/acasxu_2023/vnnlib/prop_3.vnnlib,21.546473334,unsat,8.350867326
acasxu_2023,vnncomp2024_benchmarks/benchmarks/acasxu_2023/onnx/ACASXU_run2a_4_8_batch_2000.onnx,vnncomp2024_benchmarks/benchmarks/acasxu_2023/vnnlib/prop_3.vnnlib,21.565889640,unsat,7.768651482
acasxu_2023,vnncomp2024_benchmarks/benchmarks/acasxu_2023/onnx/ACASXU_run2a_4_9_batch_2000.onnx,vnncomp2024_benchmarks/benchmarks/acasxu_2023/vnnlib/prop_3.vnnlib,21.613893297,unsat,8.746981408
acasxu_2023,vnncomp2024_benchmarks/benchmarks/acasxu_2023/onnx/ACASXU_run2a_5_1_batch_2000.onnx,vnncomp2024_benchmarks/benchmarks/acasxu_2023/vnnlib/prop_3.vnnlib,21.573258933,unsat,8.543068504
acasxu_2023,vnncomp2024_benchmarks/benchmarks/acasxu_2023/onnx/ACASXU_run2a_5_2_batch_2000.onnx,vnncomp2024_benchmarks/benchmarks/acasxu_2023/vnnlib/prop_3.vnnlib,21.557564036,unsat,8.691746691
acasxu_2023,vnncomp2024_benchmarks/benchmarks/acasxu_2023/onnx/ACASXU_run2a_5_3_batch_2000.onnx,vnncomp2024_benchmarks/benchmarks/acasxu_2023/vnnlib/prop_3.vnnlib,21.568609489,unsat,8.403035125
acasxu_2023,vnncomp2024_benchmarks/benchmarks/acasxu_2023/onnx/ACASXU_run2a_5_4_batch_2000.onnx,vnncomp2024_benchmarks/benchmarks/acasxu_2023/vnnlib/prop_3.vnnlib,21.555718304,unsat,8.374146793
acasxu_2023,vnncomp2024_benchmarks/benchmarks/acasxu_2023/onnx/ACASXU_run2a_5_5_batch_2000.onnx,vnncomp2024_benchmarks/benchmarks/acasxu_2023/vnnlib/prop_3.vnnlib,21.580188005,unsat,8.431916015
acasxu_2023,vnncomp2024_benchmarks/benchmarks/acasxu_2023/onnx/ACASXU_run2a_5_6_batch_2000.onnx,vnncomp2024_benchmarks/benchmarks/acasxu_2023/vnnlib/prop_3.vnnlib,21.551713877,unsat,8.221219255
acasxu_2023,vnncomp2024_benchmarks/benchmarks/acasxu_2023/onnx/ACASXU_run2a_5_7_batch_2000.onnx,vnncomp2024_benchmarks/benchmarks/acasxu_2023/vnnlib/prop_3.vnnlib,21.535622865,unsat,7.921322023
acasxu_2023,vnncomp2024_benchmarks/benchmarks/acasxu_2023/onnx/ACASXU_run2a_5_8_batch_2000.onnx,vnncomp2024_benchmarks/benchmarks/acasxu_2023/vnnlib/prop_3.vnnlib,21.618195709,unsat,8.230921069
acasxu_2023,vnncomp2024_benchmarks/benchmarks/acasxu_2023/onnx/ACASXU_run2a_5_9_batch_2000.onnx,vnncomp2024_benchmarks/benchmarks/acasxu_2023/vnnlib/prop_3.vnnlib,21.587691787,unsat,8.375908955
acasxu_2023,vnncomp2024_benchmarks/benchmarks/acasxu_2023/onnx/ACASXU_run2a_1_1_batch_2000.onnx,vnncomp2024_benchmarks/benchmarks/acasxu_2023/vnnlib/prop_4.vnnlib,21.536153505,unsat,8.652839738
acasxu_2023,vnncomp2024_benchmarks/benchmarks/acasxu_2023/onnx/ACASXU_run2a_1_2_batch_2000.onnx,vnncomp2024_benchmarks/benchmarks/acasxu_2023/vnnlib/prop_4.vnnlib,21.587163907,unsat,8.451774536
acasxu_2023,vnncomp2024_benchmarks/benchmarks/acasxu_2023/onnx/ACASXU_run2a_1_3_batch_2000.onnx,vnncomp2024_benchmarks/benchmarks/acasxu_2023/vnnlib/prop_4.vnnlib,21.558675806,unsat,8.552155782
acasxu_2023,vnncomp2024_benchmarks/benchmarks/acasxu_2023/onnx/ACASXU_run2a_1_4_batch_2000.onnx,vnncomp2024_benchmarks/benchmarks/acasxu_2023/vnnlib/prop_4.vnnlib,21.545430042,unsat,8.465556060
acasxu_2023,vnncomp2024_benchmarks/benchmarks/acasxu_2023/onnx/ACASXU_run2a_1_5_batch_2000.onnx,vnncomp2024_benchmarks/benchmarks/acasxu_2023/vnnlib/prop_4.vnnlib,21.551456089,unsat,8.314512476
acasxu_2023,vnncomp2024_benchmarks/benchmarks/acasxu_2023/onnx/ACASXU_run2a_1_6_batch_2000.onnx,vnncomp2024_benchmarks/benchmarks/acasxu_2023/vnnlib/prop_4.vnnlib,21.572925940,unsat,8.238256652
acasxu_2023,vnncomp2024_benchmarks/benchmarks/acasxu_2023/onnx/ACASXU_run2a_1_7_batch_2000.onnx,vnncomp2024_benchmarks/benchmarks/acasxu_2023/vnnlib/prop_4.vnnlib,21.573641942,sat,7.052159897
acasxu_2023,vnncomp2024_benchmarks/benchmarks/acasxu_2023/onnx/ACASXU_run2a_1_8_batch_2000.onnx,vnncomp2024_benchmarks/benchmarks/acasxu_2023/vnnlib/prop_4.vnnlib,21.685207552,sat,7.004603822
acasxu_2023,vnncomp2024_benchmarks/benchmarks/acasxu_2023/onnx/ACASXU_run2a_1_9_batch_2000.onnx,vnncomp2024_benchmarks/benchmarks/acasxu_2023/vnnlib/prop_4.vnnlib,21.603514422,sat,7.000699934
acasxu_2023,vnncomp2024_benchmarks/benchmarks/acasxu_2023/onnx/ACASXU_run2a_2_1_batch_2000.onnx,vnncomp2024_benchmarks/benchmarks/acasxu_2023/vnnlib/prop_4.vnnlib,21.598857959,unsat,8.378518251
acasxu_2023,vnncomp2024_benchmarks/benchmarks/acasxu_2023/onnx/ACASXU_run2a_2_2_batch_2000.onnx,vnncomp2024_benchmarks/benchmarks/acasxu_2023/vnnlib/prop_4.vnnlib,21.572866606,unsat,8.370916521
acasxu_2023,vnncomp2024_benchmarks/benchmarks/acasxu_2023/onnx/ACASXU_run2a_2_3_batch_2000.onnx,vnncomp2024_benchmarks/benchmarks/acasxu_2023/vnnlib/prop_4.vnnlib,21.566275137,unsat,8.257532384
acasxu_2023,vnncomp2024_benchmarks/benchmarks/acasxu_2023/onnx/ACASXU_run2a_2_4_batch_2000.onnx,vnncomp2024_benchmarks/benchmarks/acasxu_2023/vnnlib/prop_4.vnnlib,21.578257785,unsat,8.385854425
acasxu_2023,vnncomp2024_benchmarks/benchmarks/acasxu_2023/onnx/ACASXU_run2a_2_5_batch_2000.onnx,vnncomp2024_benchmarks/benchmarks/acasxu_2023/vnnlib/prop_4.vnnlib,21.591171900,unsat,8.360325843
acasxu_2023,vnncomp2024_benchmarks/benchmarks/acasxu_2023/onnx/ACASXU_run2a_2_6_batch_2000.onnx,vnncomp2024_benchmarks/benchmarks/acasxu_2023/vnnlib/prop_4.vnnlib,21.649378578,unsat,8.366754299
acasxu_2023,vnncomp2024_benchmarks/benchmarks/acasxu_2023/onnx/ACASXU_run2a_2_7_batch_2000.onnx,vnncomp2024_benchmarks/benchmarks/acasxu_2023/vnnlib/prop_4.vnnlib,21.593848882,unsat,8.413589583
acasxu_2023,vnncomp2024_benchmarks/benchmarks/acasxu_2023/onnx/ACASXU_run2a_2_8_batch_2000.onnx,vnncomp2024_benchmarks/benchmarks/acasxu_2023/vnnlib/prop_4.vnnlib,21.565553168,unsat,8.798873963
acasxu_2023,vnncomp2024_benchmarks/benchmarks/acasxu_2023/onnx/ACASXU_run2a_2_9_batch_2000.onnx,vnncomp2024_benchmarks/benchmarks/acasxu_2023/vnnlib/prop_4.vnnlib,21.591261526,unsat,7.817654710
acasxu_2023,vnncomp2024_benchmarks/benchmarks/acasxu_2023/onnx/ACASXU_run2a_3_1_batch_2000.onnx,vnncomp2024_benchmarks/benchmarks/acasxu_2023/vnnlib/prop_4.vnnlib,21.654222175,unsat,8.440146201
acasxu_2023,vnncomp2024_benchmarks/benchmarks/acasxu_2023/onnx/ACASXU_run2a_3_2_batch_2000.onnx,vnncomp2024_benchmarks/benchmarks/acasxu_2023/vnnlib/prop_4.vnnlib,21.553089314,unsat,8.494234147
acasxu_2023,vnncomp2024_benchmarks/benchmarks/acasxu_2023/onnx/ACASXU_run2a_3_3_batch_2000.onnx,vnncomp2024_benchmarks/benchmarks/acasxu_2023/vnnlib/prop_4.vnnlib,21.533279694,unsat,7.988280648
acasxu_2023,vnncomp2024_benchmarks/benchmarks/acasxu_2023/onnx/ACASXU_run2a_3_4_batch_2000.onnx,vnncomp2024_benchmarks/benchmarks/acasxu_2023/vnnlib/prop_4.vnnlib,21.603357586,unsat,8.208064620
acasxu_2023,vnncomp2024_benchmarks/benchmarks/acasxu_2023/onnx/ACASXU_run2a_3_5_batch_2000.onnx,vnncomp2024_benchmarks/benchmarks/acasxu_2023/vnnlib/prop_4.vnnlib,21.637650080,unsat,8.354730186
acasxu_2023,vnncomp2024_benchmarks/benchmarks/acasxu_2023/onnx/ACASXU_run2a_3_6_batch_2000.onnx,vnncomp2024_benchmarks/benchmarks/acasxu_2023/vnnlib/prop_4.vnnlib,21.548742454,unsat,8.661836765
acasxu_2023,vnncomp2024_benchmarks/benchmarks/acasxu_2023/onnx/ACASXU_run2a_3_7_batch_2000.onnx,vnncomp2024_benchmarks/benchmarks/acasxu_2023/vnnlib/prop_4.vnnlib,21.529661052,unsat,8.375157462
acasxu_2023,vnncomp2024_benchmarks/benchmarks/acasxu_2023/onnx/ACASXU_run2a_3_8_batch_2000.onnx,vnncomp2024_benchmarks/benchmarks/acasxu_2023/vnnlib/prop_4.vnnlib,21.568173461,unsat,8.475028023
acasxu_2023,vnncomp2024_benchmarks/benchmarks/acasxu_2023/onnx/ACASXU_run2a_3_9_batch_2000.onnx,vnncomp2024_benchmarks/benchmarks/acasxu_2023/vnnlib/prop_4.vnnlib,21.611484219,unsat,8.383152265
acasxu_2023,vnncomp2024_benchmarks/benchmarks/acasxu_2023/onnx/ACASXU_run2a_4_1_batch_2000.onnx,vnncomp2024_benchmarks/benchmarks/acasxu_2023/vnnlib/prop_4.vnnlib,21.582961611,unsat,7.807493442
acasxu_2023,vnncomp2024_benchmarks/benchmarks/acasxu_2023/onnx/ACASXU_run2a_4_2_batch_2000.onnx,vnncomp2024_benchmarks/benchmarks/acasxu_2023/vnnlib/prop_4.vnnlib,21.597286861,unsat,8.664357350
acasxu_2023,vnncomp2024_benchmarks/benchmarks/acasxu_2023/onnx/ACASXU_run2a_4_3_batch_2000.onnx,vnncomp2024_benchmarks/benchmarks/acasxu_2023/vnnlib/prop_4.vnnlib,21.527937336,unsat,8.380201263
acasxu_2023,vnncomp2024_benchmarks/benchmarks/acasxu_2023/onnx/ACASXU_run2a_4_4_batch_2000.onnx,vnncomp2024_benchmarks/benchmarks/acasxu_2023/vnnlib/prop_4.vnnlib,21.562448020,unsat,8.361937006
acasxu_2023,vnncomp2024_benchmarks/benchmarks/acasxu_2023/onnx/ACASXU_run2a_4_5_batch_2000.onnx,vnncomp2024_benchmarks/benchmarks/acasxu_2023/vnnlib/prop_4.vnnlib,21.540987635,unsat,8.348050009
acasxu_2023,vnncomp2024_benchmarks/benchmarks/acasxu_2023/onnx/ACASXU_run2a_4_6_batch_2000.onnx,vnncomp2024_benchmarks/benchmarks/acasxu_2023/vnnlib/prop_4.vnnlib,21.571439705,unsat,8.329731590
acasxu_2023,vnncomp2024_benchmarks/benchmarks/acasxu_2023/onnx/ACASXU_run2a_4_7_batch_2000.onnx,vnncomp2024_benchmarks/benchmarks/acasxu_2023/vnnlib/prop_4.vnnlib,21.615358050,unsat,8.215191891
acasxu_2023,vnncomp2024_benchmarks/benchmarks/acasxu_2023/onnx/ACASXU_run2a_4_8_batch_2000.onnx,vnncomp2024_benchmarks/benchmarks/acasxu_2023/vnnlib/prop_4.vnnlib,21.535090666,unsat,8.420046456
acasxu_2023,vnncomp2024_benchmarks/benchmarks/acasxu_2023/onnx/ACASXU_run2a_4_9_batch_2000.onnx,vnncomp2024_benchmarks/benchmarks/acasxu_2023/vnnlib/prop_4.vnnlib,21.519809567,unsat,8.387489627
acasxu_2023,vnncomp2024_benchmarks/benchmarks/acasxu_2023/onnx/ACASXU_run2a_5_1_batch_2000.onnx,vnncomp2024_benchmarks/benchmarks/acasxu_2023/vnnlib/prop_4.vnnlib,21.573252982,unsat,8.353865479
acasxu_2023,vnncomp2024_benchmarks/benchmarks/acasxu_2023/onnx/ACASXU_run2a_5_2_batch_2000.onnx,vnncomp2024_benchmarks/benchmarks/acasxu_2023/vnnlib/prop_4.vnnlib,21.567897521,unsat,8.314878040
acasxu_2023,vnncomp2024_benchmarks/benchmarks/acasxu_2023/onnx/ACASXU_run2a_5_3_batch_2000.onnx,vnncomp2024_benchmarks/benchmarks/acasxu_2023/vnnlib/prop_4.vnnlib,21.598288915,unsat,8.392045338
acasxu_2023,vnncomp2024_benchmarks/benchmarks/acasxu_2023/onnx/ACASXU_run2a_5_4_batch_2000.onnx,vnncomp2024_benchmarks/benchmarks/acasxu_2023/vnnlib/prop_4.vnnlib,21.570891850,unsat,8.217304443
acasxu_2023,vnncomp2024_benchmarks/benchmarks/acasxu_2023/onnx/ACASXU_run2a_5_5_batch_2000.onnx,vnncomp2024_benchmarks/benchmarks/acasxu_2023/vnnlib/prop_4.vnnlib,21.599899590,unsat,8.473251757
acasxu_2023,vnncomp2024_benchmarks/benchmarks/acasxu_2023/onnx/ACASXU_run2a_5_6_batch_2000.onnx,vnncomp2024_benchmarks/benchmarks/acasxu_2023/vnnlib/prop_4.vnnlib,21.539491613,unsat,7.765053404
acasxu_2023,vnncomp2024_benchmarks/benchmarks/acasxu_2023/onnx/ACASXU_run2a_5_7_batch_2000.onnx,vnncomp2024_benchmarks/benchmarks/acasxu_2023/vnnlib/prop_4.vnnlib,21.602250134,unsat,7.916201267
acasxu_2023,vnncomp2024_benchmarks/benchmarks/acasxu_2023/onnx/ACASXU_run2a_5_8_batch_2000.onnx,vnncomp2024_benchmarks/benchmarks/acasxu_2023/vnnlib/prop_4.vnnlib,21.623219799,unsat,8.395635763
acasxu_2023,vnncomp2024_benchmarks/benchmarks/acasxu_2023/onnx/ACASXU_run2a_5_9_batch_2000.onnx,vnncomp2024_benchmarks/benchmarks/acasxu_2023/vnnlib/prop_4.vnnlib,21.591242140,unsat,8.257365820
acasxu_2023,vnncomp2024_benchmarks/benchmarks/acasxu_2023/onnx/ACASXU_run2a_1_1_batch_2000.onnx,vnncomp2024_benchmarks/benchmarks/acasxu_2023/vnnlib/prop_5.vnnlib,21.581029618,unsat,13.675128807
acasxu_2023,vnncomp2024_benchmarks/benchmarks/acasxu_2023/onnx/ACASXU_run2a_1_1_batch_2000.onnx,vnncomp2024_benchmarks/benchmarks/acasxu_2023/vnnlib/prop_6.vnnlib,21.604993663,unsat,15.541742029
acasxu_2023,vnncomp2024_benchmarks/benchmarks/acasxu_2023/onnx/ACASXU_run2a_1_9_batch_2000.onnx,vnncomp2024_benchmarks/benchmarks/acasxu_2023/vnnlib/prop_7.vnnlib,21.741289551,sat,7.398607226
acasxu_2023,vnncomp2024_benchmarks/benchmarks/acasxu_2023/onnx/ACASXU_run2a_2_9_batch_2000.onnx,vnncomp2024_benchmarks/benchmarks/acasxu_2023/vnnlib/prop_8.vnnlib,21.602404672,sat,7.035232734
acasxu_2023,vnncomp2024_benchmarks/benchmarks/acasxu_2023/onnx/ACASXU_run2a_3_3_batch_2000.onnx,vnncomp2024_benchmarks/benchmarks/acasxu_2023/vnnlib/prop_9.vnnlib,21.596563739,unsat,12.993550898
acasxu_2023,vnncomp2024_benchmarks/benchmarks/acasxu_2023/onnx/ACASXU_run2a_4_5_batch_2000.onnx,vnncomp2024_benchmarks/benchmarks/acasxu_2023/vnnlib/prop_10.vnnlib,21.580465480,unsat,12.131874410
acasxu_2023,vnncomp2024_benchmarks/benchmarks/test/test_nano.onnx,vnncomp2024_benchmarks/benchmarks/test/test_nano.vnnlib,21.582766468,unsat,7.055575098
cctsdb_yolo_2023,vnncomp2024_benchmarks/benchmarks/cctsdb_yolo_2023/onnx/patch-1.onnx,vnncomp2024_benchmarks/benchmarks/cctsdb_yolo_2023/vnnlib/spec_onnx_patch-1_idx_00559_0.vnnlib,22.033222455,unsat,8.392332244
cctsdb_yolo_2023,vnncomp2024_benchmarks/benchmarks/cctsdb_yolo_2023/onnx/patch-1.onnx,vnncomp2024_benchmarks/benchmarks/cctsdb_yolo_2023/vnnlib/spec_onnx_patch-1_idx_16972_2.vnnlib,21.799132041,sat,7.698193823
cctsdb_yolo_2023,vnncomp2024_benchmarks/benchmarks/cctsdb_yolo_2023/onnx/patch-3.onnx,vnncomp2024_benchmarks/benchmarks/cctsdb_yolo_2023/vnnlib/spec_onnx_patch-3_idx_05840_0.vnnlib,21.935402503,sat,7.761861633
cctsdb_yolo_2023,vnncomp2024_benchmarks/benchmarks/cctsdb_yolo_2023/onnx/patch-1.onnx,vnncomp2024_benchmarks/benchmarks/cctsdb_yolo_2023/vnnlib/spec_onnx_patch-1_idx_01937_0.vnnlib,21.796392482,sat,7.745507127
cctsdb_yolo_2023,vnncomp2024_benchmarks/benchmarks/cctsdb_yolo_2023/onnx/patch-1.onnx,vnncomp2024_benchmarks/benchmarks/cctsdb_yolo_2023/vnnlib/spec_onnx_patch-1_idx_12559_0.vnnlib,21.846893023,sat,7.699700691
cctsdb_yolo_2023,vnncomp2024_benchmarks/benchmarks/cctsdb_yolo_2023/onnx/patch-3.onnx,vnncomp2024_benchmarks/benchmarks/cctsdb_yolo_2023/vnnlib/spec_onnx_patch-3_idx_00303_0.vnnlib,21.847429525,unsat,7.652608534
cctsdb_yolo_2023,vnncomp2024_benchmarks/benchmarks/cctsdb_yolo_2023/onnx/patch-3.onnx,vnncomp2024_benchmarks/benchmarks/cctsdb_yolo_2023/vnnlib/spec_onnx_patch-3_idx_03292_0.vnnlib,21.832103013,sat,7.721424475
cctsdb_yolo_2023,vnncomp2024_benchmarks/benchmarks/cctsdb_yolo_2023/onnx/patch-1.onnx,vnncomp2024_benchmarks/benchmarks/cctsdb_yolo_2023/vnnlib/spec_onnx_patch-1_idx_01849_0.vnnlib,21.847944596,unsat,7.640629613
cctsdb_yolo_2023,vnncomp2024_benchmarks/benchmarks/cctsdb_yolo_2023/onnx/patch-1.onnx,vnncomp2024_benchmarks/benchmarks/cctsdb_yolo_2023/vnnlib/spec_onnx_patch-1_idx_02037_0.vnnlib,21.851964296,unsat,7.685866485
cctsdb_yolo_2023,vnncomp2024_benchmarks/benchmarks/cctsdb_yolo_2023/onnx/patch-1.onnx,vnncomp2024_benchmarks/benchmarks/cctsdb_yolo_2023/vnnlib/spec_onnx_patch-1_idx_13786_0.vnnlib,21.828532987,sat,7.723389156
cctsdb_yolo_2023,vnncomp2024_benchmarks/benchmarks/cctsdb_yolo_2023/onnx/patch-1.onnx,vnncomp2024_benchmarks/benchmarks/cctsdb_yolo_2023/vnnlib/spec_onnx_patch-1_idx_07658_0.vnnlib,21.839819877,sat,7.706034155
cctsdb_yolo_2023,vnncomp2024_benchmarks/benchmarks/cctsdb_yolo_2023/onnx/patch-3.onnx,vnncomp2024_benchmarks/benchmarks/cctsdb_yolo_2023/vnnlib/spec_onnx_patch-3_idx_01534_0.vnnlib,21.843912230,sat,7.716181138
cctsdb_yolo_2023,vnncomp2024_benchmarks/benchmarks/cctsdb_yolo_2023/onnx/patch-3.onnx,vnncomp2024_benchmarks/benchmarks/cctsdb_yolo_2023/vnnlib/spec_onnx_patch-3_idx_15377_1.vnnlib,21.803868278,sat,7.700921537
cctsdb_yolo_2023,vnncomp2024_benchmarks/benchmarks/cctsdb_yolo_2023/onnx/patch-3.onnx,vnncomp2024_benchmarks/benchmarks/cctsdb_yolo_2023/vnnlib/spec_onnx_patch-3_idx_03396_1.vnnlib,21.858609547,sat,7.726931751
cctsdb_yolo_2023,vnncomp2024_benchmarks/benchmarks/cctsdb_yolo_2023/onnx/patch-1.onnx,vnncomp2024_benchmarks/benchmarks/cctsdb_yolo_2023/vnnlib/spec_onnx_patch-1_idx_00087_1.vnnlib,21.802819283,unsat,7.650463984
cctsdb_yolo_2023,vnncomp2024_benchmarks/benchmarks/cctsdb_yolo_2023/onnx/patch-3.onnx,vnncomp2024_benchmarks/benchmarks/cctsdb_yolo_2023/vnnlib/spec_onnx_patch-3_idx_12878_4.vnnlib,21.862203696,sat,7.732165304
cctsdb_yolo_2023,vnncomp2024_benchmarks/benchmarks/cctsdb_yolo_2023/onnx/patch-1.onnx,vnncomp2024_benchmarks/benchmarks/cctsdb_yolo_2023/vnnlib/spec_onnx_patch-1_idx_03775_0.vnnlib,21.822903403,sat,7.745992639
cctsdb_yolo_2023,vnncomp2024_benchmarks/benchmarks/cctsdb_yolo_2023/onnx/patch-1.onnx,vnncomp2024_benchmarks/benchmarks/cctsdb_yolo_2023/vnnlib/spec_onnx_patch-1_idx_00099_1.vnnlib,21.810097402,sat,7.705326269
cctsdb_yolo_2023,vnncomp2024_benchmarks/benchmarks/cctsdb_yolo_2023/onnx/patch-3.onnx,vnncomp2024_benchmarks/benchmarks/cctsdb_yolo_2023/vnnlib/spec_onnx_patch-3_idx_14771_0.vnnlib,21.819870294,sat,7.699219828
cctsdb_yolo_2023,vnncomp2024_benchmarks/benchmarks/cctsdb_yolo_2023/onnx/patch-1.onnx,vnncomp2024_benchmarks/benchmarks/cctsdb_yolo_2023/vnnlib/spec_onnx_patch-1_idx_00269_0.vnnlib,21.839229847,sat,7.720165697
cctsdb_yolo_2023,vnncomp2024_benchmarks/benchmarks/cctsdb_yolo_2023/onnx/patch-3.onnx,vnncomp2024_benchmarks/benchmarks/cctsdb_yolo_2023/vnnlib/spec_onnx_patch-3_idx_01673_0.vnnlib,21.832301892,sat,7.710833884
cctsdb_yolo_2023,vnncomp2024_benchmarks/benchmarks/cctsdb_yolo_2023/onnx/patch-3.onnx,vnncomp2024_benchmarks/benchmarks/cctsdb_yolo_2023/vnnlib/spec_onnx_patch-3_idx_01613_0.vnnlib,21.804735589,sat,7.718543781
cctsdb_yolo_2023,vnncomp2024_benchmarks/benchmarks/cctsdb_yolo_2023/onnx/patch-1.onnx,vnncomp2024_benchmarks/benchmarks/cctsdb_yolo_2023/vnnlib/spec_onnx_patch-1_idx_16845_1.vnnlib,21.828901807,sat,7.760303389
cctsdb_yolo_2023,vnncomp2024_benchmarks/benchmarks/cctsdb_yolo_2023/onnx/patch-1.onnx,vnncomp2024_benchmarks/benchmarks/cctsdb_yolo_2023/vnnlib/spec_onnx_patch-1_idx_00206_0.vnnlib,21.829262788,unsat,7.688831997
cctsdb_yolo_2023,vnncomp2024_benchmarks/benchmarks/cctsdb_yolo_2023/onnx/patch-3.onnx,vnncomp2024_benchmarks/benchmarks/cctsdb_yolo_2023/vnnlib/spec_onnx_patch-3_idx_08544_0.vnnlib,21.840745886,sat,7.704641968
cctsdb_yolo_2023,vnncomp2024_benchmarks/benchmarks/cctsdb_yolo_2023/onnx/patch-1.onnx,vnncomp2024_benchmarks/benchmarks/cctsdb_yolo_2023/vnnlib/spec_onnx_patch-1_idx_04746_0.vnnlib,21.848675106,sat,7.701730951
cctsdb_yolo_2023,vnncomp2024_benchmarks/benchmarks/cctsdb_yolo_2023/onnx/patch-3.onnx,vnncomp2024_benchmarks/benchmarks/cctsdb_yolo_2023/vnnlib/spec_onnx_patch-3_idx_03372_1.vnnlib,21.862155599,sat,7.715260613
cctsdb_yolo_2023,vnncomp2024_benchmarks/benchmarks/cctsdb_yolo_2023/onnx/patch-3.onnx,vnncomp2024_benchmarks/benchmarks/cctsdb_yolo_2023/vnnlib/spec_onnx_patch-3_idx_01366_0.vnnlib,21.875434486,unsat,7.670652781
cctsdb_yolo_2023,vnncomp2024_benchmarks/benchmarks/cctsdb_yolo_2023/onnx/patch-3.onnx,vnncomp2024_benchmarks/benchmarks/cctsdb_yolo_2023/vnnlib/spec_onnx_patch-3_idx_02945_0.vnnlib,21.875498104,unsat,7.650538791
cctsdb_yolo_2023,vnncomp2024_benchmarks/benchmarks/cctsdb_yolo_2023/onnx/patch-1.onnx,vnncomp2024_benchmarks/benchmarks/cctsdb_yolo_2023/vnnlib/spec_onnx_patch-1_idx_02827_0.vnnlib,21.805903371,unsat,7.669491512
cctsdb_yolo_2023,vnncomp2024_benchmarks/benchmarks/cctsdb_yolo_2023/onnx/patch-3.onnx,vnncomp2024_benchmarks/benchmarks/cctsdb_yolo_2023/vnnlib/spec_onnx_patch-3_idx_00055_0.vnnlib,21.818019953,sat,7.728878977
cctsdb_yolo_2023,vnncomp2024_benchmarks/benchmarks/cctsdb_yolo_2023/onnx/patch-1.onnx,vnncomp2024_benchmarks/benchmarks/cctsdb_yolo_2023/vnnlib/spec_onnx_patch-1_idx_15842_2.vnnlib,21.836165975,sat,7.704596443
cctsdb_yolo_2023,vnncomp2024_benchmarks/benchmarks/cctsdb_yolo_2023/onnx/patch-1.onnx,vnncomp2024_benchmarks/benchmarks/cctsdb_yolo_2023/vnnlib/spec_onnx_patch-1_idx_01613_0.vnnlib,21.841610303,unsat,7.641537397
cctsdb_yolo_2023,vnncomp2024_benchmarks/benchmarks/cctsdb_yolo_2023/onnx/patch-3.onnx,vnncomp2024_benchmarks/benchmarks/cctsdb_yolo_2023/vnnlib/spec_onnx_patch-3_idx_03746_1.vnnlib,21.835522804,sat,7.713009104
cctsdb_yolo_2023,vnncomp2024_benchmarks/benchmarks/cctsdb_yolo_2023/onnx/patch-3.onnx,vnncomp2024_benchmarks/benchmarks/cctsdb_yolo_2023/vnnlib/spec_onnx_patch-3_idx_06844_2.vnnlib,21.840981100,sat,7.715282583
cctsdb_yolo_2023,vnncomp2024_benchmarks/benchmarks/cctsdb_yolo_2023/onnx/patch-1.onnx,vnncomp2024_benchmarks/benchmarks/cctsdb_yolo_2023/vnnlib/spec_onnx_patch-1_idx_01045_0.vnnlib,21.845192683,unsat,7.669280051
cctsdb_yolo_2023,vnncomp2024_benchmarks/benchmarks/cctsdb_yolo_2023/onnx/patch-3.onnx,vnncomp2024_benchmarks/benchmarks/cctsdb_yolo_2023/vnnlib/spec_onnx_patch-3_idx_13330_0.vnnlib,21.854430311,sat,7.723301496
cctsdb_yolo_2023,vnncomp2024_benchmarks/benchmarks/cctsdb_yolo_2023/onnx/patch-3.onnx,vnncomp2024_benchmarks/benchmarks/cctsdb_yolo_2023/vnnlib/spec_onnx_patch-3_idx_00559_0.vnnlib,21.811521938,sat,7.733369800
cctsdb_yolo_2023,vnncomp2024_benchmarks/benchmarks/cctsdb_yolo_2023/onnx/patch-3.onnx,vnncomp2024_benchmarks/benchmarks/cctsdb_yolo_2023/vnnlib/spec_onnx_patch-3_idx_16384_0.vnnlib,21.851785345,sat,7.706131435
cctsdb_yolo_2023,vnncomp2024_benchmarks/benchmarks/test/test_nano.onnx,vnncomp2024_benchmarks/benchmarks/test/test_nano.vnnlib,21.597228840,unsat,7.063064907
cgan_2023,vnncomp2024_benchmarks/benchmarks/cgan_2023/onnx/cGAN_imgSz32_nCh_1.onnx,vnncomp2024_benchmarks/benchmarks/cgan_2023/vnnlib/cGAN_imgSz32_nCh_1_prop_0_input_eps_0.010_output_eps_0.015.vnnlib,23.377850758,sat,7.330772474
cgan_2023,vnncomp2024_benchmarks/benchmarks/cgan_2023/onnx/cGAN_imgSz32_nCh_1.onnx,vnncomp2024_benchmarks/benchmarks/cgan_2023/vnnlib/cGAN_imgSz32_nCh_1_prop_1_input_eps_0.020_output_eps_0.025.vnnlib,21.596787358,sat,7.333627948
cgan_2023,vnncomp2024_benchmarks/benchmarks/cgan_2023/onnx/cGAN_imgSz32_nCh_1.onnx,vnncomp2024_benchmarks/benchmarks/cgan_2023/vnnlib/cGAN_imgSz32_nCh_1_prop_2_input_eps_0.020_output_eps_0.025.vnnlib,21.651330890,sat,7.383587038
cgan_2023,vnncomp2024_benchmarks/benchmarks/cgan_2023/onnx/cGAN_imgSz32_nCh_1.onnx,vnncomp2024_benchmarks/benchmarks/cgan_2023/vnnlib/cGAN_imgSz32_nCh_1_prop_3_input_eps_0.020_output_eps_0.025.vnnlib,21.636686805,unsat,11.638975614
cgan_2023,vnncomp2024_benchmarks/benchmarks/cgan_2023/onnx/cGAN_imgSz32_nCh_3.onnx,vnncomp2024_benchmarks/benchmarks/cgan_2023/vnnlib/cGAN_imgSz32_nCh_3_prop_0_input_eps_0.015_output_eps_0.020.vnnlib,23.117346303,sat,7.349224894
cgan_2023,vnncomp2024_benchmarks/benchmarks/cgan_2023/onnx/cGAN_imgSz32_nCh_3.onnx,vnncomp2024_benchmarks/benchmarks/cgan_2023/vnnlib/cGAN_imgSz32_nCh_3_prop_1_input_eps_0.010_output_eps_0.015.vnnlib,21.609415196,unsat,14.428066366
cgan_2023,vnncomp2024_benchmarks/benchmarks/cgan_2023/onnx/cGAN_imgSz32_nCh_3.onnx,vnncomp2024_benchmarks/benchmarks/cgan_2023/vnnlib/cGAN_imgSz32_nCh_3_prop_2_input_eps_0.010_output_eps_0.015.vnnlib,21.559215156,sat,7.184092170
cgan_2023,vnncomp2024_benchmarks/benchmarks/cgan_2023/onnx/cGAN_imgSz32_nCh_3.onnx,vnncomp2024_benchmarks/benchmarks/cgan_2023/vnnlib/cGAN_imgSz32_nCh_3_prop_3_input_eps_0.010_output_eps_0.015.vnnlib,21.597081257,sat,7.305495031
cgan_2023,vnncomp2024_benchmarks/benchmarks/cgan_2023/onnx/cGAN_imgSz64_nCh_1.onnx,vnncomp2024_benchmarks/benchmarks/cgan_2023/vnnlib/cGAN_imgSz64_nCh_1_prop_0_input_eps_0.010_output_eps_0.015.vnnlib,23.532411968,unsat,23.279311245
cgan_2023,vnncomp2024_benchmarks/benchmarks/cgan_2023/onnx/cGAN_imgSz64_nCh_1.onnx,vnncomp2024_benchmarks/benchmarks/cgan_2023/vnnlib/cGAN_imgSz64_nCh_1_prop_1_input_eps_0.005_output_eps_0.010.vnnlib,21.839519419,unsat,16.244367908
cgan_2023,vnncomp2024_benchmarks/benchmarks/cgan_2023/onnx/cGAN_imgSz64_nCh_1.onnx,vnncomp2024_benchmarks/benchmarks/cgan_2023/vnnlib/cGAN_imgSz64_nCh_1_prop_2_input_eps_0.010_output_eps_0.015.vnnlib,21.710162131,sat,7.237238205
cgan_2023,vnncomp2024_benchmarks/benchmarks/cgan_2023/onnx/cGAN_imgSz64_nCh_1.onnx,vnncomp2024_benchmarks/benchmarks/cgan_2023/vnnlib/cGAN_imgSz64_nCh_1_prop_3_input_eps_0.005_output_eps_0.010.vnnlib,21.632319269,sat,7.212743071
cgan_2023,vnncomp2024_benchmarks/benchmarks/cgan_2023/onnx/cGAN_imgSz64_nCh_3.onnx,vnncomp2024_benchmarks/benchmarks/cgan_2023/vnnlib/cGAN_imgSz64_nCh_3_prop_0_input_eps_0.010_output_eps_0.015.vnnlib,23.570145605,unsat,17.387181193
cgan_2023,vnncomp2024_benchmarks/benchmarks/cgan_2023/onnx/cGAN_imgSz64_nCh_3.onnx,vnncomp2024_benchmarks/benchmarks/cgan_2023/vnnlib/cGAN_imgSz64_nCh_3_prop_1_input_eps_0.010_output_eps_0.015.vnnlib,21.654512579,unsat,17.080818386
cgan_2023,vnncomp2024_benchmarks/benchmarks/cgan_2023/onnx/cGAN_imgSz64_nCh_3.onnx,vnncomp2024_benchmarks/benchmarks/cgan_2023/vnnlib/cGAN_imgSz64_nCh_3_prop_2_input_eps_0.005_output_eps_0.010.vnnlib,21.724827738,sat,7.266275968
cgan_2023,vnncomp2024_benchmarks/benchmarks/cgan_2023/onnx/cGAN_imgSz64_nCh_3.onnx,vnncomp2024_benchmarks/benchmarks/cgan_2023/vnnlib/cGAN_imgSz64_nCh_3_prop_3_input_eps_0.010_output_eps_0.015.vnnlib,21.660501092,sat,7.375994392
cgan_2023,vnncomp2024_benchmarks/benchmarks/cgan_2023/onnx/cGAN_imgSz32_nCh_3_nonlinear_activations.onnx,vnncomp2024_benchmarks/benchmarks/cgan_2023/vnnlib/cGAN_imgSz32_nCh_3_nonlinear_activations_prop_0_input_eps_0.010_output_eps_0.015.vnnlib,23.184505330,unsat,11.426356499
cgan_2023,vnncomp2024_benchmarks/benchmarks/cgan_2023/onnx/cGAN_imgSz32_nCh_1_transposedConvPadding_1.onnx,vnncomp2024_benchmarks/benchmarks/cgan_2023/vnnlib/cGAN_imgSz32_nCh_1_transposedConvPadding_1_prop_0_input_eps_0.010_output_eps_0.015.vnnlib,23.213055917,sat,7.297440172
cgan_2023,vnncomp2024_benchmarks/benchmarks/cgan_2023/onnx/cGAN_imgSz32_nCh_3_upsample.onnx,vnncomp2024_benchmarks/benchmarks/cgan_2023/vnnlib/cGAN_imgSz32_nCh_3_upsample_prop_0_input_eps_0.010_output_eps_0.015.vnnlib,23.085783644,unsat,10.128159708
cgan_2023,vnncomp2024_benchmarks/benchmarks/cgan_2023/onnx/cGAN_imgSz32_nCh_3_small_transformer.onnx,vnncomp2024_benchmarks/benchmarks/cgan_2023/vnnlib/cGAN_imgSz32_nCh_3_small_transformer_prop_0_input_eps_0.005_output_eps_0.010.vnnlib,136.433302272,sat,9.360850770
cgan_2023,vnncomp2024_benchmarks/benchmarks/cgan_2023/onnx/cGAN_imgSz32_nCh_3_small_transformer.onnx,vnncomp2024_benchmarks/benchmarks/cgan_2023/vnnlib/cGAN_imgSz32_nCh_3_small_transformer_prop_1_input_eps_0.005_output_eps_0.010.vnnlib,23.462568559,sat,9.343187381
cgan_2023,vnncomp2024_benchmarks/benchmarks/test/test_nano.onnx,vnncomp2024_benchmarks/benchmarks/test/test_nano.vnnlib,21.881293791,unsat,7.095371897
test,vnncomp2024_benchmarks/benchmarks/test/test_nano.onnx,vnncomp2024_benchmarks/benchmarks/test/test_nano.vnnlib,22.029537817,unsat,7.031685064
test,vnncomp2024_benchmarks/benchmarks/test/test_tiny.onnx,vnncomp2024_benchmarks/benchmarks/test/test_tiny.vnnlib,21.582045146,unsat,7.070845050
test,vnncomp2024_benchmarks/benchmarks/test/test_small.onnx,vnncomp2024_benchmarks/benchmarks/test/test_small.vnnlib,21.601448179,unsat,7.058345720
test,vnncomp2024_benchmarks/benchmarks/test/test_sat.onnx,vnncomp2024_benchmarks/benchmarks/test/test_prop.vnnlib,21.611847057,sat,7.017631963
test,vnncomp2024_benchmarks/benchmarks/test/test_unsat.onnx,vnncomp2024_benchmarks/benchmarks/test/test_prop.vnnlib,21.602576043,unsat,7.818248360
test,vnncomp2024_benchmarks/benchmarks/test/test_nano.onnx,vnncomp2024_benchmarks/benchmarks/test/test_nano.vnnlib,21.605377863,unsat,7.029210330
