cifar100,vnncomp2024_benchmarks/benchmarks/cifar100/onnx/CIFAR100_resnet_medium.onnx,vnncomp2024_benchmarks/benchmarks/cifar100/vnnlib/CIFAR100_resnet_medium_prop_idx_3267_sidx_4884_eps_0.0039.vnnlib,27.069276255,unsat,42.344459745
cifar100,vnncomp2024_benchmarks/benchmarks/cifar100/onnx/CIFAR100_resnet_medium.onnx,vnncomp2024_benchmarks/benchmarks/cifar100/vnnlib/CIFAR100_resnet_medium_prop_idx_3965_sidx_688_eps_0.0039.vnnlib,23.362489666,unsat,17.910862519
cifar100,vnncomp2024_benchmarks/benchmarks/cifar100/onnx/CIFAR100_resnet_medium.onnx,vnncomp2024_benchmarks/benchmarks/cifar100/vnnlib/CIFAR100_resnet_medium_prop_idx_8028_sidx_5238_eps_0.0039.vnnlib,23.353506352,sat,9.807129650
cifar100,vnncomp2024_benchmarks/benchmarks/cifar100/onnx/CIFAR100_resnet_medium.onnx,vnncomp2024_benchmarks/benchmarks/cifar100/vnnlib/CIFAR100_resnet_medium_prop_idx_3995_sidx_7978_eps_0.0039.vnnlib,23.278500249,unsat,25.965513274
cifar100,vnncomp2024_benchmarks/benchmarks/cifar100/onnx/CIFAR100_resnet_medium.onnx,vnncomp2024_benchmarks/benchmarks/cifar100/vnnlib/CIFAR100_resnet_medium_prop_idx_8461_sidx_6823_eps_0.0039.vnnlib,23.506062214,unsat,32.945721710
cifar100,vnncomp2024_benchmarks/benchmarks/cifar100/onnx/CIFAR100_resnet_medium.onnx,vnncomp2024_benchmarks/benchmarks/cifar100/vnnlib/CIFAR100_resnet_medium_prop_idx_5961_sidx_9165_eps_0.0039.vnnlib,23.419060701,timeout,111.772275759
cifar100,vnncomp2024_benchmarks/benchmarks/cifar100/onnx/CIFAR100_resnet_medium.onnx,vnncomp2024_benchmarks/benchmarks/cifar100/vnnlib/CIFAR100_resnet_medium_prop_idx_1642_sidx_7494_eps_0.0039.vnnlib,23.387178459,unsat,17.970526194
cifar100,vnncomp2024_benchmarks/benchmarks/cifar100/onnx/CIFAR100_resnet_medium.onnx,vnncomp2024_benchmarks/benchmarks/cifar100/vnnlib/CIFAR100_resnet_medium_prop_idx_4553_sidx_7835_eps_0.0039.vnnlib,23.390124147,timeout,110.740771916
cifar100,vnncomp2024_benchmarks/benchmarks/cifar100/onnx/CIFAR100_resnet_medium.onnx,vnncomp2024_benchmarks/benchmarks/cifar100/vnnlib/CIFAR100_resnet_medium_prop_idx_3921_sidx_9018_eps_0.0039.vnnlib,23.440633132,unsat,36.512081694
cifar100,vnncomp2024_benchmarks/benchmarks/cifar100/onnx/CIFAR100_resnet_medium.onnx,vnncomp2024_benchmarks/benchmarks/cifar100/vnnlib/CIFAR100_resnet_medium_prop_idx_1401_sidx_3081_eps_0.0039.vnnlib,23.412092247,timeout,110.571011816
cifar100,vnncomp2024_benchmarks/benchmarks/cifar100/onnx/CIFAR100_resnet_medium.onnx,vnncomp2024_benchmarks/benchmarks/cifar100/vnnlib/CIFAR100_resnet_medium_prop_idx_251_sidx_5719_eps_0.0039.vnnlib,23.417002153,timeout,111.076895266
cifar100,vnncomp2024_benchmarks/benchmarks/cifar100/onnx/CIFAR100_resnet_medium.onnx,vnncomp2024_benchmarks/benchmarks/cifar100/vnnlib/CIFAR100_resnet_medium_prop_idx_4394_sidx_4782_eps_0.0039.vnnlib,23.425942010,unsat,14.972396284
cifar100,vnncomp2024_benchmarks/benchmarks/cifar100/onnx/CIFAR100_resnet_medium.onnx,vnncomp2024_benchmarks/benchmarks/cifar100/vnnlib/CIFAR100_resnet_medium_prop_idx_8457_sidx_4948_eps_0.0039.vnnlib,23.396415387,sat,9.718086788
cifar100,vnncomp2024_benchmarks/benchmarks/cifar100/onnx/CIFAR100_resnet_medium.onnx,vnncomp2024_benchmarks/benchmarks/cifar100/vnnlib/CIFAR100_resnet_medium_prop_idx_5955_sidx_1517_eps_0.0039.vnnlib,23.414278100,sat,9.649419212
cifar100,vnncomp2024_benchmarks/benchmarks/cifar100/onnx/CIFAR100_resnet_medium.onnx,vnncomp2024_benchmarks/benchmarks/cifar100/vnnlib/CIFAR100_resnet_medium_prop_idx_9140_sidx_5866_eps_0.0039.vnnlib,23.331391253,timeout,109.206329466
cifar100,vnncomp2024_benchmarks/benchmarks/cifar100/onnx/CIFAR100_resnet_medium.onnx,vnncomp2024_benchmarks/benchmarks/cifar100/vnnlib/CIFAR100_resnet_medium_prop_idx_6056_sidx_2919_eps_0.0039.vnnlib,23.374368773,sat,9.700413010
cifar100,vnncomp2024_benchmarks/benchmarks/cifar100/onnx/CIFAR100_resnet_medium.onnx,vnncomp2024_benchmarks/benchmarks/cifar100/vnnlib/CIFAR100_resnet_medium_prop_idx_5230_sidx_242_eps_0.0039.vnnlib,23.352347576,timeout,110.492346038
cifar100,vnncomp2024_benchmarks/benchmarks/cifar100/onnx/CIFAR100_resnet_medium.onnx,vnncomp2024_benchmarks/benchmarks/cifar100/vnnlib/CIFAR100_resnet_medium_prop_idx_8466_sidx_9309_eps_0.0039.vnnlib,23.379997285,unsat,29.993019639
cifar100,vnncomp2024_benchmarks/benchmarks/cifar100/onnx/CIFAR100_resnet_medium.onnx,vnncomp2024_benchmarks/benchmarks/cifar100/vnnlib/CIFAR100_resnet_medium_prop_idx_9280_sidx_3756_eps_0.0039.vnnlib,23.537676167,unsat,18.916068746
cifar100,vnncomp2024_benchmarks/benchmarks/cifar100/onnx/CIFAR100_resnet_medium.onnx,vnncomp2024_benchmarks/benchmarks/cifar100/vnnlib/CIFAR100_resnet_medium_prop_idx_3570_sidx_9004_eps_0.0039.vnnlib,23.353479006,unsat,17.956703712
cifar100,vnncomp2024_benchmarks/benchmarks/cifar100/onnx/CIFAR100_resnet_medium.onnx,vnncomp2024_benchmarks/benchmarks/cifar100/vnnlib/CIFAR100_resnet_medium_prop_idx_9029_sidx_5929_eps_0.0039.vnnlib,23.321091190,sat,9.822277301
cifar100,vnncomp2024_benchmarks/benchmarks/cifar100/onnx/CIFAR100_resnet_medium.onnx,vnncomp2024_benchmarks/benchmarks/cifar100/vnnlib/CIFAR100_resnet_medium_prop_idx_116_sidx_8002_eps_0.0039.vnnlib,23.236347126,sat,9.721254276
cifar100,vnncomp2024_benchmarks/benchmarks/cifar100/onnx/CIFAR100_resnet_medium.onnx,vnncomp2024_benchmarks/benchmarks/cifar100/vnnlib/CIFAR100_resnet_medium_prop_idx_8585_sidx_3963_eps_0.0039.vnnlib,23.334519131,unsat,18.013651915
cifar100,vnncomp2024_benchmarks/benchmarks/cifar100/onnx/CIFAR100_resnet_medium.onnx,vnncomp2024_benchmarks/benchmarks/cifar100/vnnlib/CIFAR100_resnet_medium_prop_idx_5573_sidx_1946_eps_0.0039.vnnlib,23.361810684,unsat,28.185076589
cifar100,vnncomp2024_benchmarks/benchmarks/cifar100/onnx/CIFAR100_resnet_medium.onnx,vnncomp2024_benchmarks/benchmarks/cifar100/vnnlib/CIFAR100_resnet_medium_prop_idx_5160_sidx_9960_eps_0.0039.vnnlib,23.504709836,timeout,110.024683582
cifar100,vnncomp2024_benchmarks/benchmarks/cifar100/onnx/CIFAR100_resnet_medium.onnx,vnncomp2024_benchmarks/benchmarks/cifar100/vnnlib/CIFAR100_resnet_medium_prop_idx_4071_sidx_6244_eps_0.0039.vnnlib,23.362746116,sat,9.710153029
cifar100,vnncomp2024_benchmarks/benchmarks/cifar100/onnx/CIFAR100_resnet_medium.onnx,vnncomp2024_benchmarks/benchmarks/cifar100/vnnlib/CIFAR100_resnet_medium_prop_idx_5657_sidx_262_eps_0.0039.vnnlib,23.337546093,unsat,17.935748882
cifar100,vnncomp2024_benchmarks/benchmarks/cifar100/onnx/CIFAR100_resnet_medium.onnx,vnncomp2024_benchmarks/benchmarks/cifar100/vnnlib/CIFAR100_resnet_medium_prop_idx_2388_sidx_4447_eps_0.0039.vnnlib,23.347435578,unsat,86.317012248
cifar100,vnncomp2024_benchmarks/benchmarks/cifar100/onnx/CIFAR100_resnet_medium.onnx,vnncomp2024_benchmarks/benchmarks/cifar100/vnnlib/CIFAR100_resnet_medium_prop_idx_1862_sidx_1111_eps_0.0039.vnnlib,23.393161100,sat,9.822882549
cifar100,vnncomp2024_benchmarks/benchmarks/cifar100/onnx/CIFAR100_resnet_medium.onnx,vnncomp2024_benchmarks/benchmarks/cifar100/vnnlib/CIFAR100_resnet_medium_prop_idx_3521_sidx_4942_eps_0.0039.vnnlib,23.315853421,unsat,17.841670606
cifar100,vnncomp2024_benchmarks/benchmarks/cifar100/onnx/CIFAR100_resnet_medium.onnx,vnncomp2024_benchmarks/benchmarks/cifar100/vnnlib/CIFAR100_resnet_medium_prop_idx_9620_sidx_2024_eps_0.0039.vnnlib,23.416266020,timeout,111.181030160
cifar100,vnncomp2024_benchmarks/benchmarks/cifar100/onnx/CIFAR100_resnet_medium.onnx,vnncomp2024_benchmarks/benchmarks/cifar100/vnnlib/CIFAR100_resnet_medium_prop_idx_497_sidx_5675_eps_0.0039.vnnlib,23.368966283,sat,9.655989091
cifar100,vnncomp2024_benchmarks/benchmarks/cifar100/onnx/CIFAR100_resnet_medium.onnx,vnncomp2024_benchmarks/benchmarks/cifar100/vnnlib/CIFAR100_resnet_medium_prop_idx_3739_sidx_4756_eps_0.0039.vnnlib,23.320843409,unsat,35.729206795
cifar100,vnncomp2024_benchmarks/benchmarks/cifar100/onnx/CIFAR100_resnet_medium.onnx,vnncomp2024_benchmarks/benchmarks/cifar100/vnnlib/CIFAR100_resnet_medium_prop_idx_7524_sidx_3195_eps_0.0039.vnnlib,23.351772296,unsat,19.002013237
cifar100,vnncomp2024_benchmarks/benchmarks/cifar100/onnx/CIFAR100_resnet_medium.onnx,vnncomp2024_benchmarks/benchmarks/cifar100/vnnlib/CIFAR100_resnet_medium_prop_idx_4626_sidx_3263_eps_0.0039.vnnlib,23.440275033,unsat,17.950178194
cifar100,vnncomp2024_benchmarks/benchmarks/cifar100/onnx/CIFAR100_resnet_medium.onnx,vnncomp2024_benchmarks/benchmarks/cifar100/vnnlib/CIFAR100_resnet_medium_prop_idx_7453_sidx_7766_eps_0.0039.vnnlib,23.342128188,unsat,18.826874778
cifar100,vnncomp2024_benchmarks/benchmarks/cifar100/onnx/CIFAR100_resnet_medium.onnx,vnncomp2024_benchmarks/benchmarks/cifar100/vnnlib/CIFAR100_resnet_medium_prop_idx_8739_sidx_1540_eps_0.0039.vnnlib,23.475392392,unsat,18.779122878
cifar100,vnncomp2024_benchmarks/benchmarks/cifar100/onnx/CIFAR100_resnet_medium.onnx,vnncomp2024_benchmarks/benchmarks/cifar100/vnnlib/CIFAR100_resnet_medium_prop_idx_9325_sidx_1211_eps_0.0039.vnnlib,23.343880082,timeout,112.624555555
cifar100,vnncomp2024_benchmarks/benchmarks/cifar100/onnx/CIFAR100_resnet_medium.onnx,vnncomp2024_benchmarks/benchmarks/cifar100/vnnlib/CIFAR100_resnet_medium_prop_idx_2590_sidx_6558_eps_0.0039.vnnlib,23.397125498,timeout,108.796224188
cifar100,vnncomp2024_benchmarks/benchmarks/cifar100/onnx/CIFAR100_resnet_medium.onnx,vnncomp2024_benchmarks/benchmarks/cifar100/vnnlib/CIFAR100_resnet_medium_prop_idx_8762_sidx_3374_eps_0.0039.vnnlib,23.397861679,unsat,17.941820504
cifar100,vnncomp2024_benchmarks/benchmarks/cifar100/onnx/CIFAR100_resnet_medium.onnx,vnncomp2024_benchmarks/benchmarks/cifar100/vnnlib/CIFAR100_resnet_medium_prop_idx_7074_sidx_2937_eps_0.0039.vnnlib,23.395488381,unsat,17.960759991
cifar100,vnncomp2024_benchmarks/benchmarks/cifar100/onnx/CIFAR100_resnet_medium.onnx,vnncomp2024_benchmarks/benchmarks/cifar100/vnnlib/CIFAR100_resnet_medium_prop_idx_5286_sidx_6796_eps_0.0039.vnnlib,23.364361099,sat,9.694434962
cifar100,vnncomp2024_benchmarks/benchmarks/cifar100/onnx/CIFAR100_resnet_medium.onnx,vnncomp2024_benchmarks/benchmarks/cifar100/vnnlib/CIFAR100_resnet_medium_prop_idx_7477_sidx_2980_eps_0.0039.vnnlib,23.331963734,unsat,17.966636738
cifar100,vnncomp2024_benchmarks/benchmarks/cifar100/onnx/CIFAR100_resnet_medium.onnx,vnncomp2024_benchmarks/benchmarks/cifar100/vnnlib/CIFAR100_resnet_medium_prop_idx_148_sidx_3290_eps_0.0039.vnnlib,23.456371571,timeout,109.870045607
cifar100,vnncomp2024_benchmarks/benchmarks/cifar100/onnx/CIFAR100_resnet_medium.onnx,vnncomp2024_benchmarks/benchmarks/cifar100/vnnlib/CIFAR100_resnet_medium_prop_idx_8596_sidx_596_eps_0.0039.vnnlib,23.373760534,timeout,109.189670986
cifar100,vnncomp2024_benchmarks/benchmarks/cifar100/onnx/CIFAR100_resnet_medium.onnx,vnncomp2024_benchmarks/benchmarks/cifar100/vnnlib/CIFAR100_resnet_medium_prop_idx_5201_sidx_2290_eps_0.0039.vnnlib,23.365643808,unsat,29.000653144
cifar100,vnncomp2024_benchmarks/benchmarks/cifar100/onnx/CIFAR100_resnet_medium.onnx,vnncomp2024_benchmarks/benchmarks/cifar100/vnnlib/CIFAR100_resnet_medium_prop_idx_7089_sidx_5353_eps_0.0039.vnnlib,23.319941310,unsat,14.855796633
cifar100,vnncomp2024_benchmarks/benchmarks/cifar100/onnx/CIFAR100_resnet_medium.onnx,vnncomp2024_benchmarks/benchmarks/cifar100/vnnlib/CIFAR100_resnet_medium_prop_idx_4141_sidx_5393_eps_0.0039.vnnlib,23.533185808,sat,9.669959726
cifar100,vnncomp2024_benchmarks/benchmarks/cifar100/onnx/CIFAR100_resnet_medium.onnx,vnncomp2024_benchmarks/benchmarks/cifar100/vnnlib/CIFAR100_resnet_medium_prop_idx_5185_sidx_142_eps_0.0039.vnnlib,23.335072665,timeout,110.247141463
cifar100,vnncomp2024_benchmarks/benchmarks/cifar100/onnx/CIFAR100_resnet_medium.onnx,vnncomp2024_benchmarks/benchmarks/cifar100/vnnlib/CIFAR100_resnet_medium_prop_idx_4956_sidx_2452_eps_0.0039.vnnlib,23.426984456,unsat,93.921935307
cifar100,vnncomp2024_benchmarks/benchmarks/cifar100/onnx/CIFAR100_resnet_medium.onnx,vnncomp2024_benchmarks/benchmarks/cifar100/vnnlib/CIFAR100_resnet_medium_prop_idx_8091_sidx_4915_eps_0.0039.vnnlib,23.355681711,sat,9.696508295
cifar100,vnncomp2024_benchmarks/benchmarks/cifar100/onnx/CIFAR100_resnet_medium.onnx,vnncomp2024_benchmarks/benchmarks/cifar100/vnnlib/CIFAR100_resnet_medium_prop_idx_1208_sidx_4993_eps_0.0039.vnnlib,23.309578008,sat,9.685644946
cifar100,vnncomp2024_benchmarks/benchmarks/cifar100/onnx/CIFAR100_resnet_medium.onnx,vnncomp2024_benchmarks/benchmarks/cifar100/vnnlib/CIFAR100_resnet_medium_prop_idx_2753_sidx_3773_eps_0.0039.vnnlib,23.321568732,sat,9.719486004
cifar100,vnncomp2024_benchmarks/benchmarks/cifar100/onnx/CIFAR100_resnet_medium.onnx,vnncomp2024_benchmarks/benchmarks/cifar100/vnnlib/CIFAR100_resnet_medium_prop_idx_469_sidx_6589_eps_0.0039.vnnlib,23.312931069,unsat,18.438792568
cifar100,vnncomp2024_benchmarks/benchmarks/cifar100/onnx/CIFAR100_resnet_medium.onnx,vnncomp2024_benchmarks/benchmarks/cifar100/vnnlib/CIFAR100_resnet_medium_prop_idx_7218_sidx_5543_eps_0.0039.vnnlib,23.357377341,sat,9.714742501
cifar100,vnncomp2024_benchmarks/benchmarks/cifar100/onnx/CIFAR100_resnet_medium.onnx,vnncomp2024_benchmarks/benchmarks/cifar100/vnnlib/CIFAR100_resnet_medium_prop_idx_3673_sidx_32_eps_0.0039.vnnlib,23.313235578,sat,9.708939116
cifar100,vnncomp2024_benchmarks/benchmarks/cifar100/onnx/CIFAR100_resnet_medium.onnx,vnncomp2024_benchmarks/benchmarks/cifar100/vnnlib/CIFAR100_resnet_medium_prop_idx_7005_sidx_2776_eps_0.0039.vnnlib,23.342117882,unsat,21.397536676
cifar100,vnncomp2024_benchmarks/benchmarks/cifar100/onnx/CIFAR100_resnet_medium.onnx,vnncomp2024_benchmarks/benchmarks/cifar100/vnnlib/CIFAR100_resnet_medium_prop_idx_1933_sidx_9361_eps_0.0039.vnnlib,23.521492279,unsat,14.760211352
cifar100,vnncomp2024_benchmarks/benchmarks/cifar100/onnx/CIFAR100_resnet_medium.onnx,vnncomp2024_benchmarks/benchmarks/cifar100/vnnlib/CIFAR100_resnet_medium_prop_idx_3443_sidx_918_eps_0.0039.vnnlib,23.405667403,timeout,109.268434287
cifar100,vnncomp2024_benchmarks/benchmarks/cifar100/onnx/CIFAR100_resnet_medium.onnx,vnncomp2024_benchmarks/benchmarks/cifar100/vnnlib/CIFAR100_resnet_medium_prop_idx_3755_sidx_9645_eps_0.0039.vnnlib,23.395873087,unsat,14.867115276
cifar100,vnncomp2024_benchmarks/benchmarks/cifar100/onnx/CIFAR100_resnet_medium.onnx,vnncomp2024_benchmarks/benchmarks/cifar100/vnnlib/CIFAR100_resnet_medium_prop_idx_3717_sidx_7096_eps_0.0039.vnnlib,23.332043743,sat,9.687872727
cifar100,vnncomp2024_benchmarks/benchmarks/cifar100/onnx/CIFAR100_resnet_medium.onnx,vnncomp2024_benchmarks/benchmarks/cifar100/vnnlib/CIFAR100_resnet_medium_prop_idx_9984_sidx_5390_eps_0.0039.vnnlib,23.243019260,unsat,19.183628494
cifar100,vnncomp2024_benchmarks/benchmarks/cifar100/onnx/CIFAR100_resnet_medium.onnx,vnncomp2024_benchmarks/benchmarks/cifar100/vnnlib/CIFAR100_resnet_medium_prop_idx_6583_sidx_8860_eps_0.0039.vnnlib,23.594454887,unsat,36.388132349
cifar100,vnncomp2024_benchmarks/benchmarks/cifar100/onnx/CIFAR100_resnet_medium.onnx,vnncomp2024_benchmarks/benchmarks/cifar100/vnnlib/CIFAR100_resnet_medium_prop_idx_3106_sidx_622_eps_0.0039.vnnlib,23.315560576,unsat,84.610944070
cifar100,vnncomp2024_benchmarks/benchmarks/cifar100/onnx/CIFAR100_resnet_medium.onnx,vnncomp2024_benchmarks/benchmarks/cifar100/vnnlib/CIFAR100_resnet_medium_prop_idx_8265_sidx_5360_eps_0.0039.vnnlib,23.374268912,unsat,17.927643356
cifar100,vnncomp2024_benchmarks/benchmarks/cifar100/onnx/CIFAR100_resnet_medium.onnx,vnncomp2024_benchmarks/benchmarks/cifar100/vnnlib/CIFAR100_resnet_medium_prop_idx_6086_sidx_4047_eps_0.0039.vnnlib,23.360917115,unsat,22.910217675
cifar100,vnncomp2024_benchmarks/benchmarks/cifar100/onnx/CIFAR100_resnet_medium.onnx,vnncomp2024_benchmarks/benchmarks/cifar100/vnnlib/CIFAR100_resnet_medium_prop_idx_5228_sidx_8900_eps_0.0039.vnnlib,23.481233424,unsat,21.717014409
cifar100,vnncomp2024_benchmarks/benchmarks/cifar100/onnx/CIFAR100_resnet_medium.onnx,vnncomp2024_benchmarks/benchmarks/cifar100/vnnlib/CIFAR100_resnet_medium_prop_idx_4063_sidx_8348_eps_0.0039.vnnlib,23.476204968,unsat,18.351960963
cifar100,vnncomp2024_benchmarks/benchmarks/cifar100/onnx/CIFAR100_resnet_medium.onnx,vnncomp2024_benchmarks/benchmarks/cifar100/vnnlib/CIFAR100_resnet_medium_prop_idx_5857_sidx_1511_eps_0.0039.vnnlib,23.403280023,unsat,17.888417719
cifar100,vnncomp2024_benchmarks/benchmarks/cifar100/onnx/CIFAR100_resnet_medium.onnx,vnncomp2024_benchmarks/benchmarks/cifar100/vnnlib/CIFAR100_resnet_medium_prop_idx_3594_sidx_2945_eps_0.0039.vnnlib,23.397592851,unsat,18.333692671
cifar100,vnncomp2024_benchmarks/benchmarks/cifar100/onnx/CIFAR100_resnet_medium.onnx,vnncomp2024_benchmarks/benchmarks/cifar100/vnnlib/CIFAR100_resnet_medium_prop_idx_5354_sidx_5944_eps_0.0039.vnnlib,23.387905667,timeout,111.392417633
cifar100,vnncomp2024_benchmarks/benchmarks/cifar100/onnx/CIFAR100_resnet_medium.onnx,vnncomp2024_benchmarks/benchmarks/cifar100/vnnlib/CIFAR100_resnet_medium_prop_idx_4345_sidx_421_eps_0.0039.vnnlib,23.392471253,timeout,110.034402504
cifar100,vnncomp2024_benchmarks/benchmarks/cifar100/onnx/CIFAR100_resnet_medium.onnx,vnncomp2024_benchmarks/benchmarks/cifar100/vnnlib/CIFAR100_resnet_medium_prop_idx_118_sidx_7476_eps_0.0039.vnnlib,23.374246820,unsat,14.116827537
cifar100,vnncomp2024_benchmarks/benchmarks/cifar100/onnx/CIFAR100_resnet_medium.onnx,vnncomp2024_benchmarks/benchmarks/cifar100/vnnlib/CIFAR100_resnet_medium_prop_idx_8019_sidx_9341_eps_0.0039.vnnlib,23.420603728,unsat,19.237681416
cifar100,vnncomp2024_benchmarks/benchmarks/cifar100/onnx/CIFAR100_resnet_medium.onnx,vnncomp2024_benchmarks/benchmarks/cifar100/vnnlib/CIFAR100_resnet_medium_prop_idx_8757_sidx_781_eps_0.0039.vnnlib,23.370306576,unsat,17.985526111
cifar100,vnncomp2024_benchmarks/benchmarks/cifar100/onnx/CIFAR100_resnet_medium.onnx,vnncomp2024_benchmarks/benchmarks/cifar100/vnnlib/CIFAR100_resnet_medium_prop_idx_5730_sidx_4116_eps_0.0039.vnnlib,23.365011600,timeout,110.830237248
cifar100,vnncomp2024_benchmarks/benchmarks/cifar100/onnx/CIFAR100_resnet_medium.onnx,vnncomp2024_benchmarks/benchmarks/cifar100/vnnlib/CIFAR100_resnet_medium_prop_idx_955_sidx_7389_eps_0.0039.vnnlib,23.388286260,timeout,108.870778371
cifar100,vnncomp2024_benchmarks/benchmarks/cifar100/onnx/CIFAR100_resnet_medium.onnx,vnncomp2024_benchmarks/benchmarks/cifar100/vnnlib/CIFAR100_resnet_medium_prop_idx_3373_sidx_5926_eps_0.0039.vnnlib,23.471164572,unsat,19.346711133
cifar100,vnncomp2024_benchmarks/benchmarks/cifar100/onnx/CIFAR100_resnet_medium.onnx,vnncomp2024_benchmarks/benchmarks/cifar100/vnnlib/CIFAR100_resnet_medium_prop_idx_1823_sidx_2050_eps_0.0039.vnnlib,23.395714018,unsat,18.983867586
cifar100,vnncomp2024_benchmarks/benchmarks/cifar100/onnx/CIFAR100_resnet_medium.onnx,vnncomp2024_benchmarks/benchmarks/cifar100/vnnlib/CIFAR100_resnet_medium_prop_idx_9179_sidx_92_eps_0.0039.vnnlib,23.384697237,timeout,108.494025148
cifar100,vnncomp2024_benchmarks/benchmarks/cifar100/onnx/CIFAR100_resnet_medium.onnx,vnncomp2024_benchmarks/benchmarks/cifar100/vnnlib/CIFAR100_resnet_medium_prop_idx_3767_sidx_7124_eps_0.0039.vnnlib,23.495349646,sat,9.708432038
cifar100,vnncomp2024_benchmarks/benchmarks/cifar100/onnx/CIFAR100_resnet_medium.onnx,vnncomp2024_benchmarks/benchmarks/cifar100/vnnlib/CIFAR100_resnet_medium_prop_idx_7297_sidx_9532_eps_0.0039.vnnlib,23.319502255,timeout,108.417635349
cifar100,vnncomp2024_benchmarks/benchmarks/cifar100/onnx/CIFAR100_resnet_medium.onnx,vnncomp2024_benchmarks/benchmarks/cifar100/vnnlib/CIFAR100_resnet_medium_prop_idx_8114_sidx_3076_eps_0.0039.vnnlib,23.402707700,unsat,17.931120538
cifar100,vnncomp2024_benchmarks/benchmarks/cifar100/onnx/CIFAR100_resnet_medium.onnx,vnncomp2024_benchmarks/benchmarks/cifar100/vnnlib/CIFAR100_resnet_medium_prop_idx_7513_sidx_8337_eps_0.0039.vnnlib,23.416883014,unsat,17.909894112
cifar100,vnncomp2024_benchmarks/benchmarks/cifar100/onnx/CIFAR100_resnet_medium.onnx,vnncomp2024_benchmarks/benchmarks/cifar100/vnnlib/CIFAR100_resnet_medium_prop_idx_5339_sidx_9521_eps_0.0039.vnnlib,23.365512493,unsat,19.729461069
cifar100,vnncomp2024_benchmarks/benchmarks/cifar100/onnx/CIFAR100_resnet_medium.onnx,vnncomp2024_benchmarks/benchmarks/cifar100/vnnlib/CIFAR100_resnet_medium_prop_idx_838_sidx_9914_eps_0.0039.vnnlib,23.557776300,sat,9.211822472
cifar100,vnncomp2024_benchmarks/benchmarks/cifar100/onnx/CIFAR100_resnet_medium.onnx,vnncomp2024_benchmarks/benchmarks/cifar100/vnnlib/CIFAR100_resnet_medium_prop_idx_5344_sidx_7738_eps_0.0039.vnnlib,23.335807196,unsat,25.559765451
cifar100,vnncomp2024_benchmarks/benchmarks/cifar100/onnx/CIFAR100_resnet_medium.onnx,vnncomp2024_benchmarks/benchmarks/cifar100/vnnlib/CIFAR100_resnet_medium_prop_idx_9080_sidx_2243_eps_0.0039.vnnlib,23.364916889,timeout,112.041072607
cifar100,vnncomp2024_benchmarks/benchmarks/cifar100/onnx/CIFAR100_resnet_medium.onnx,vnncomp2024_benchmarks/benchmarks/cifar100/vnnlib/CIFAR100_resnet_medium_prop_idx_3782_sidx_1103_eps_0.0039.vnnlib,23.415284708,unsat,20.153807834
cifar100,vnncomp2024_benchmarks/benchmarks/cifar100/onnx/CIFAR100_resnet_medium.onnx,vnncomp2024_benchmarks/benchmarks/cifar100/vnnlib/CIFAR100_resnet_medium_prop_idx_2256_sidx_8731_eps_0.0039.vnnlib,23.460147824,unsat,22.960168498
cifar100,vnncomp2024_benchmarks/benchmarks/cifar100/onnx/CIFAR100_resnet_medium.onnx,vnncomp2024_benchmarks/benchmarks/cifar100/vnnlib/CIFAR100_resnet_medium_prop_idx_509_sidx_3899_eps_0.0039.vnnlib,23.540682285,unsat,19.715440743
cifar100,vnncomp2024_benchmarks/benchmarks/cifar100/onnx/CIFAR100_resnet_medium.onnx,vnncomp2024_benchmarks/benchmarks/cifar100/vnnlib/CIFAR100_resnet_medium_prop_idx_3150_sidx_4654_eps_0.0039.vnnlib,23.457947168,unsat,19.129012018
cifar100,vnncomp2024_benchmarks/benchmarks/cifar100/onnx/CIFAR100_resnet_medium.onnx,vnncomp2024_benchmarks/benchmarks/cifar100/vnnlib/CIFAR100_resnet_medium_prop_idx_5588_sidx_9250_eps_0.0039.vnnlib,23.458871369,timeout,112.409683099
cifar100,vnncomp2024_benchmarks/benchmarks/cifar100/onnx/CIFAR100_resnet_medium.onnx,vnncomp2024_benchmarks/benchmarks/cifar100/vnnlib/CIFAR100_resnet_medium_prop_idx_6994_sidx_2409_eps_0.0039.vnnlib,23.421471592,timeout,111.472538279
cifar100,vnncomp2024_benchmarks/benchmarks/cifar100/onnx/CIFAR100_resnet_medium.onnx,vnncomp2024_benchmarks/benchmarks/cifar100/vnnlib/CIFAR100_resnet_medium_prop_idx_1190_sidx_8846_eps_0.0039.vnnlib,23.420140006,unsat,26.216195558
cifar100,vnncomp2024_benchmarks/benchmarks/cifar100/onnx/CIFAR100_resnet_medium.onnx,vnncomp2024_benchmarks/benchmarks/cifar100/vnnlib/CIFAR100_resnet_medium_prop_idx_6883_sidx_2245_eps_0.0039.vnnlib,23.557228874,unsat,29.394783158
cifar100,vnncomp2024_benchmarks/benchmarks/cifar100/onnx/CIFAR100_resnet_medium.onnx,vnncomp2024_benchmarks/benchmarks/cifar100/vnnlib/CIFAR100_resnet_medium_prop_idx_8196_sidx_3864_eps_0.0039.vnnlib,23.417139385,timeout,109.672105893
cifar100,vnncomp2024_benchmarks/benchmarks/cifar100/onnx/CIFAR100_resnet_medium.onnx,vnncomp2024_benchmarks/benchmarks/cifar100/vnnlib/CIFAR100_resnet_medium_prop_idx_7860_sidx_3471_eps_0.0039.vnnlib,23.414580950,unsat,17.848044510
cifar100,vnncomp2024_benchmarks/benchmarks/cifar100/onnx/CIFAR100_resnet_medium.onnx,vnncomp2024_benchmarks/benchmarks/cifar100/vnnlib/CIFAR100_resnet_medium_prop_idx_4429_sidx_1471_eps_0.0039.vnnlib,23.483316450,unsat,14.699292482
cifar100,vnncomp2024_benchmarks/benchmarks/cifar100/onnx/CIFAR100_resnet_medium.onnx,vnncomp2024_benchmarks/benchmarks/cifar100/vnnlib/CIFAR100_resnet_medium_prop_idx_2640_sidx_6925_eps_0.0039.vnnlib,23.425254419,sat,9.727133564
cifar100,vnncomp2024_benchmarks/benchmarks/cifar100/onnx/CIFAR100_resnet_large.onnx,vnncomp2024_benchmarks/benchmarks/cifar100/vnnlib/CIFAR100_resnet_large_prop_idx_9029_sidx_5929_eps_0.0039.vnnlib,29.405447713,unsat,25.618799980
cifar100,vnncomp2024_benchmarks/benchmarks/cifar100/onnx/CIFAR100_resnet_large.onnx,vnncomp2024_benchmarks/benchmarks/cifar100/vnnlib/CIFAR100_resnet_large_prop_idx_3460_sidx_302_eps_0.0039.vnnlib,23.832510186,unsat,13.934160838
cifar100,vnncomp2024_benchmarks/benchmarks/cifar100/onnx/CIFAR100_resnet_large.onnx,vnncomp2024_benchmarks/benchmarks/cifar100/vnnlib/CIFAR100_resnet_large_prop_idx_8527_sidx_8452_eps_0.0039.vnnlib,23.688220754,unsat,23.401231891
cifar100,vnncomp2024_benchmarks/benchmarks/cifar100/onnx/CIFAR100_resnet_large.onnx,vnncomp2024_benchmarks/benchmarks/cifar100/vnnlib/CIFAR100_resnet_large_prop_idx_7643_sidx_608_eps_0.0039.vnnlib,23.877043377,unsat,23.713599925
cifar100,vnncomp2024_benchmarks/benchmarks/cifar100/onnx/CIFAR100_resnet_large.onnx,vnncomp2024_benchmarks/benchmarks/cifar100/vnnlib/CIFAR100_resnet_large_prop_idx_2575_sidx_1066_eps_0.0039.vnnlib,23.795910899,sat,10.139592290
cifar100,vnncomp2024_benchmarks/benchmarks/cifar100/onnx/CIFAR100_resnet_large.onnx,vnncomp2024_benchmarks/benchmarks/cifar100/vnnlib/CIFAR100_resnet_large_prop_idx_7040_sidx_7018_eps_0.0039.vnnlib,23.648609052,unsat,13.601241716
cifar100,vnncomp2024_benchmarks/benchmarks/cifar100/onnx/CIFAR100_resnet_large.onnx,vnncomp2024_benchmarks/benchmarks/cifar100/vnnlib/CIFAR100_resnet_large_prop_idx_8476_sidx_3906_eps_0.0039.vnnlib,23.662403977,timeout,112.160230240
cifar100,vnncomp2024_benchmarks/benchmarks/cifar100/onnx/CIFAR100_resnet_large.onnx,vnncomp2024_benchmarks/benchmarks/cifar100/vnnlib/CIFAR100_resnet_large_prop_idx_6280_sidx_9990_eps_0.0039.vnnlib,23.831849214,unsat,21.974977297
cifar100,vnncomp2024_benchmarks/benchmarks/cifar100/onnx/CIFAR100_resnet_large.onnx,vnncomp2024_benchmarks/benchmarks/cifar100/vnnlib/CIFAR100_resnet_large_prop_idx_1518_sidx_2289_eps_0.0039.vnnlib,23.757476198,timeout,115.166941290
cifar100,vnncomp2024_benchmarks/benchmarks/cifar100/onnx/CIFAR100_resnet_large.onnx,vnncomp2024_benchmarks/benchmarks/cifar100/vnnlib/CIFAR100_resnet_large_prop_idx_5525_sidx_5598_eps_0.0039.vnnlib,23.685645186,unsat,24.375509846
cifar100,vnncomp2024_benchmarks/benchmarks/cifar100/onnx/CIFAR100_resnet_large.onnx,vnncomp2024_benchmarks/benchmarks/cifar100/vnnlib/CIFAR100_resnet_large_prop_idx_5130_sidx_3546_eps_0.0039.vnnlib,23.767784419,sat,10.054590047
cifar100,vnncomp2024_benchmarks/benchmarks/cifar100/onnx/CIFAR100_resnet_large.onnx,vnncomp2024_benchmarks/benchmarks/cifar100/vnnlib/CIFAR100_resnet_large_prop_idx_6919_sidx_325_eps_0.0039.vnnlib,23.554804566,timeout,113.181002934
cifar100,vnncomp2024_benchmarks/benchmarks/cifar100/onnx/CIFAR100_resnet_large.onnx,vnncomp2024_benchmarks/benchmarks/cifar100/vnnlib/CIFAR100_resnet_large_prop_idx_7123_sidx_8055_eps_0.0039.vnnlib,23.767857223,timeout,111.309164047
cifar100,vnncomp2024_benchmarks/benchmarks/cifar100/onnx/CIFAR100_resnet_large.onnx,vnncomp2024_benchmarks/benchmarks/cifar100/vnnlib/CIFAR100_resnet_large_prop_idx_9227_sidx_31_eps_0.0039.vnnlib,23.716560491,unsat,14.884171574
cifar100,vnncomp2024_benchmarks/benchmarks/cifar100/onnx/CIFAR100_resnet_large.onnx,vnncomp2024_benchmarks/benchmarks/cifar100/vnnlib/CIFAR100_resnet_large_prop_idx_7661_sidx_9992_eps_0.0039.vnnlib,23.681398968,timeout,111.440529060
cifar100,vnncomp2024_benchmarks/benchmarks/cifar100/onnx/CIFAR100_resnet_large.onnx,vnncomp2024_benchmarks/benchmarks/cifar100/vnnlib/CIFAR100_resnet_large_prop_idx_6653_sidx_8255_eps_0.0039.vnnlib,23.663119238,unsat,91.577678796
cifar100,vnncomp2024_benchmarks/benchmarks/cifar100/onnx/CIFAR100_resnet_large.onnx,vnncomp2024_benchmarks/benchmarks/cifar100/vnnlib/CIFAR100_resnet_large_prop_idx_9550_sidx_3717_eps_0.0039.vnnlib,23.747239315,timeout,111.736106706
cifar100,vnncomp2024_benchmarks/benchmarks/cifar100/onnx/CIFAR100_resnet_large.onnx,vnncomp2024_benchmarks/benchmarks/cifar100/vnnlib/CIFAR100_resnet_large_prop_idx_4517_sidx_7350_eps_0.0039.vnnlib,23.674426882,unsat,13.607155153
cifar100,vnncomp2024_benchmarks/benchmarks/cifar100/onnx/CIFAR100_resnet_large.onnx,vnncomp2024_benchmarks/benchmarks/cifar100/vnnlib/CIFAR100_resnet_large_prop_idx_3858_sidx_134_eps_0.0039.vnnlib,23.719340820,unsat,27.987731552
cifar100,vnncomp2024_benchmarks/benchmarks/cifar100/onnx/CIFAR100_resnet_large.onnx,vnncomp2024_benchmarks/benchmarks/cifar100/vnnlib/CIFAR100_resnet_large_prop_idx_4554_sidx_1198_eps_0.0039.vnnlib,23.769749538,unsat,102.980004301
cifar100,vnncomp2024_benchmarks/benchmarks/cifar100/onnx/CIFAR100_resnet_large.onnx,vnncomp2024_benchmarks/benchmarks/cifar100/vnnlib/CIFAR100_resnet_large_prop_idx_4535_sidx_3722_eps_0.0039.vnnlib,23.736212650,unsat,22.350983276
cifar100,vnncomp2024_benchmarks/benchmarks/cifar100/onnx/CIFAR100_resnet_large.onnx,vnncomp2024_benchmarks/benchmarks/cifar100/vnnlib/CIFAR100_resnet_large_prop_idx_2952_sidx_6665_eps_0.0039.vnnlib,23.704156632,timeout,111.864112394
cifar100,vnncomp2024_benchmarks/benchmarks/cifar100/onnx/CIFAR100_resnet_large.onnx,vnncomp2024_benchmarks/benchmarks/cifar100/vnnlib/CIFAR100_resnet_large_prop_idx_2271_sidx_2309_eps_0.0039.vnnlib,23.746606804,unsat,27.625935484
cifar100,vnncomp2024_benchmarks/benchmarks/cifar100/onnx/CIFAR100_resnet_large.onnx,vnncomp2024_benchmarks/benchmarks/cifar100/vnnlib/CIFAR100_resnet_large_prop_idx_6697_sidx_6799_eps_0.0039.vnnlib,23.659988155,timeout,111.534688883
cifar100,vnncomp2024_benchmarks/benchmarks/cifar100/onnx/CIFAR100_resnet_large.onnx,vnncomp2024_benchmarks/benchmarks/cifar100/vnnlib/CIFAR100_resnet_large_prop_idx_7871_sidx_6435_eps_0.0039.vnnlib,23.680439804,unsat,40.258888127
cifar100,vnncomp2024_benchmarks/benchmarks/cifar100/onnx/CIFAR100_resnet_large.onnx,vnncomp2024_benchmarks/benchmarks/cifar100/vnnlib/CIFAR100_resnet_large_prop_idx_1645_sidx_4955_eps_0.0039.vnnlib,23.682420644,unsat,22.527383552
cifar100,vnncomp2024_benchmarks/benchmarks/cifar100/onnx/CIFAR100_resnet_large.onnx,vnncomp2024_benchmarks/benchmarks/cifar100/vnnlib/CIFAR100_resnet_large_prop_idx_3596_sidx_5616_eps_0.0039.vnnlib,23.781823465,unsat,25.432146554
cifar100,vnncomp2024_benchmarks/benchmarks/cifar100/onnx/CIFAR100_resnet_large.onnx,vnncomp2024_benchmarks/benchmarks/cifar100/vnnlib/CIFAR100_resnet_large_prop_idx_6983_sidx_607_eps_0.0039.vnnlib,23.821487344,timeout,110.515683304
cifar100,vnncomp2024_benchmarks/benchmarks/cifar100/onnx/CIFAR100_resnet_large.onnx,vnncomp2024_benchmarks/benchmarks/cifar100/vnnlib/CIFAR100_resnet_large_prop_idx_3324_sidx_1343_eps_0.0039.vnnlib,23.651835355,timeout,111.570714134
cifar100,vnncomp2024_benchmarks/benchmarks/cifar100/onnx/CIFAR100_resnet_large.onnx,vnncomp2024_benchmarks/benchmarks/cifar100/vnnlib/CIFAR100_resnet_large_prop_idx_5346_sidx_2357_eps_0.0039.vnnlib,23.692927375,sat,10.157330893
cifar100,vnncomp2024_benchmarks/benchmarks/cifar100/onnx/CIFAR100_resnet_large.onnx,vnncomp2024_benchmarks/benchmarks/cifar100/vnnlib/CIFAR100_resnet_large_prop_idx_4576_sidx_8179_eps_0.0039.vnnlib,23.588451380,timeout,116.411265240
cifar100,vnncomp2024_benchmarks/benchmarks/cifar100/onnx/CIFAR100_resnet_large.onnx,vnncomp2024_benchmarks/benchmarks/cifar100/vnnlib/CIFAR100_resnet_large_prop_idx_7038_sidx_3035_eps_0.0039.vnnlib,23.761563351,unsat,25.601391807
cifar100,vnncomp2024_benchmarks/benchmarks/cifar100/onnx/CIFAR100_resnet_large.onnx,vnncomp2024_benchmarks/benchmarks/cifar100/vnnlib/CIFAR100_resnet_large_prop_idx_5716_sidx_7874_eps_0.0039.vnnlib,23.815329476,unsat,23.040752761
cifar100,vnncomp2024_benchmarks/benchmarks/cifar100/onnx/CIFAR100_resnet_large.onnx,vnncomp2024_benchmarks/benchmarks/cifar100/vnnlib/CIFAR100_resnet_large_prop_idx_2479_sidx_2028_eps_0.0039.vnnlib,23.779281931,unsat,32.566868830
cifar100,vnncomp2024_benchmarks/benchmarks/cifar100/onnx/CIFAR100_resnet_large.onnx,vnncomp2024_benchmarks/benchmarks/cifar100/vnnlib/CIFAR100_resnet_large_prop_idx_4319_sidx_2120_eps_0.0039.vnnlib,23.710406519,unsat,23.678672626
cifar100,vnncomp2024_benchmarks/benchmarks/cifar100/onnx/CIFAR100_resnet_large.onnx,vnncomp2024_benchmarks/benchmarks/cifar100/vnnlib/CIFAR100_resnet_large_prop_idx_2452_sidx_2953_eps_0.0039.vnnlib,23.830304771,unsat,13.746679606
cifar100,vnncomp2024_benchmarks/benchmarks/cifar100/onnx/CIFAR100_resnet_large.onnx,vnncomp2024_benchmarks/benchmarks/cifar100/vnnlib/CIFAR100_resnet_large_prop_idx_9443_sidx_9318_eps_0.0039.vnnlib,23.654298854,unsat,15.433500745
cifar100,vnncomp2024_benchmarks/benchmarks/cifar100/onnx/CIFAR100_resnet_large.onnx,vnncomp2024_benchmarks/benchmarks/cifar100/vnnlib/CIFAR100_resnet_large_prop_idx_1256_sidx_9401_eps_0.0039.vnnlib,23.690003987,unsat,24.944221310
cifar100,vnncomp2024_benchmarks/benchmarks/cifar100/onnx/CIFAR100_resnet_large.onnx,vnncomp2024_benchmarks/benchmarks/cifar100/vnnlib/CIFAR100_resnet_large_prop_idx_3133_sidx_2042_eps_0.0039.vnnlib,23.888031676,timeout,111.797868456
cifar100,vnncomp2024_benchmarks/benchmarks/cifar100/onnx/CIFAR100_resnet_large.onnx,vnncomp2024_benchmarks/benchmarks/cifar100/vnnlib/CIFAR100_resnet_large_prop_idx_3484_sidx_1686_eps_0.0039.vnnlib,23.713500001,timeout,112.319724012
cifar100,vnncomp2024_benchmarks/benchmarks/cifar100/onnx/CIFAR100_resnet_large.onnx,vnncomp2024_benchmarks/benchmarks/cifar100/vnnlib/CIFAR100_resnet_large_prop_idx_8391_sidx_4670_eps_0.0039.vnnlib,23.707680225,unsat,23.863658120
cifar100,vnncomp2024_benchmarks/benchmarks/cifar100/onnx/CIFAR100_resnet_large.onnx,vnncomp2024_benchmarks/benchmarks/cifar100/vnnlib/CIFAR100_resnet_large_prop_idx_7034_sidx_4129_eps_0.0039.vnnlib,23.782762314,unsat,24.461857553
cifar100,vnncomp2024_benchmarks/benchmarks/cifar100/onnx/CIFAR100_resnet_large.onnx,vnncomp2024_benchmarks/benchmarks/cifar100/vnnlib/CIFAR100_resnet_large_prop_idx_2090_sidx_766_eps_0.0039.vnnlib,23.887418949,unsat,14.111703778
cifar100,vnncomp2024_benchmarks/benchmarks/cifar100/onnx/CIFAR100_resnet_large.onnx,vnncomp2024_benchmarks/benchmarks/cifar100/vnnlib/CIFAR100_resnet_large_prop_idx_3351_sidx_3809_eps_0.0039.vnnlib,23.645095161,timeout,109.671957102
cifar100,vnncomp2024_benchmarks/benchmarks/cifar100/onnx/CIFAR100_resnet_large.onnx,vnncomp2024_benchmarks/benchmarks/cifar100/vnnlib/CIFAR100_resnet_large_prop_idx_7187_sidx_4191_eps_0.0039.vnnlib,23.705167249,unsat,91.445729427
cifar100,vnncomp2024_benchmarks/benchmarks/cifar100/onnx/CIFAR100_resnet_large.onnx,vnncomp2024_benchmarks/benchmarks/cifar100/vnnlib/CIFAR100_resnet_large_prop_idx_1724_sidx_7463_eps_0.0039.vnnlib,23.697876918,unsat,48.891439399
cifar100,vnncomp2024_benchmarks/benchmarks/cifar100/onnx/CIFAR100_resnet_large.onnx,vnncomp2024_benchmarks/benchmarks/cifar100/vnnlib/CIFAR100_resnet_large_prop_idx_8800_sidx_3363_eps_0.0039.vnnlib,23.708379920,unsat,14.768115921
cifar100,vnncomp2024_benchmarks/benchmarks/cifar100/onnx/CIFAR100_resnet_large.onnx,vnncomp2024_benchmarks/benchmarks/cifar100/vnnlib/CIFAR100_resnet_large_prop_idx_1481_sidx_5343_eps_0.0039.vnnlib,23.681735640,timeout,118.911658563
cifar100,vnncomp2024_benchmarks/benchmarks/cifar100/onnx/CIFAR100_resnet_large.onnx,vnncomp2024_benchmarks/benchmarks/cifar100/vnnlib/CIFAR100_resnet_large_prop_idx_9686_sidx_6346_eps_0.0039.vnnlib,23.805767758,sat,10.291489625
cifar100,vnncomp2024_benchmarks/benchmarks/cifar100/onnx/CIFAR100_resnet_large.onnx,vnncomp2024_benchmarks/benchmarks/cifar100/vnnlib/CIFAR100_resnet_large_prop_idx_9099_sidx_8444_eps_0.0039.vnnlib,23.626022731,sat,10.982209431
cifar100,vnncomp2024_benchmarks/benchmarks/cifar100/onnx/CIFAR100_resnet_large.onnx,vnncomp2024_benchmarks/benchmarks/cifar100/vnnlib/CIFAR100_resnet_large_prop_idx_8898_sidx_7094_eps_0.0039.vnnlib,23.595600890,unsat,14.093103448
cifar100,vnncomp2024_benchmarks/benchmarks/cifar100/onnx/CIFAR100_resnet_large.onnx,vnncomp2024_benchmarks/benchmarks/cifar100/vnnlib/CIFAR100_resnet_large_prop_idx_5339_sidx_9521_eps_0.0039.vnnlib,23.765299900,timeout,111.292790317
cifar100,vnncomp2024_benchmarks/benchmarks/cifar100/onnx/CIFAR100_resnet_large.onnx,vnncomp2024_benchmarks/benchmarks/cifar100/vnnlib/CIFAR100_resnet_large_prop_idx_7247_sidx_7033_eps_0.0039.vnnlib,23.680282858,unsat,27.335500323
cifar100,vnncomp2024_benchmarks/benchmarks/cifar100/onnx/CIFAR100_resnet_large.onnx,vnncomp2024_benchmarks/benchmarks/cifar100/vnnlib/CIFAR100_resnet_large_prop_idx_8480_sidx_3784_eps_0.0039.vnnlib,23.709197088,unsat,15.549088861
cifar100,vnncomp2024_benchmarks/benchmarks/cifar100/onnx/CIFAR100_resnet_large.onnx,vnncomp2024_benchmarks/benchmarks/cifar100/vnnlib/CIFAR100_resnet_large_prop_idx_723_sidx_7730_eps_0.0039.vnnlib,23.692382623,unsat,23.877191946
cifar100,vnncomp2024_benchmarks/benchmarks/cifar100/onnx/CIFAR100_resnet_large.onnx,vnncomp2024_benchmarks/benchmarks/cifar100/vnnlib/CIFAR100_resnet_large_prop_idx_841_sidx_8712_eps_0.0039.vnnlib,23.791393829,unsat,15.322411596
cifar100,vnncomp2024_benchmarks/benchmarks/cifar100/onnx/CIFAR100_resnet_large.onnx,vnncomp2024_benchmarks/benchmarks/cifar100/vnnlib/CIFAR100_resnet_large_prop_idx_6271_sidx_9342_eps_0.0039.vnnlib,23.686386599,timeout,111.827809257
cifar100,vnncomp2024_benchmarks/benchmarks/cifar100/onnx/CIFAR100_resnet_large.onnx,vnncomp2024_benchmarks/benchmarks/cifar100/vnnlib/CIFAR100_resnet_large_prop_idx_6258_sidx_69_eps_0.0039.vnnlib,23.687038088,timeout,113.346673007
cifar100,vnncomp2024_benchmarks/benchmarks/cifar100/onnx/CIFAR100_resnet_large.onnx,vnncomp2024_benchmarks/benchmarks/cifar100/vnnlib/CIFAR100_resnet_large_prop_idx_752_sidx_6315_eps_0.0039.vnnlib,23.714254472,timeout,112.302052957
cifar100,vnncomp2024_benchmarks/benchmarks/cifar100/onnx/CIFAR100_resnet_large.onnx,vnncomp2024_benchmarks/benchmarks/cifar100/vnnlib/CIFAR100_resnet_large_prop_idx_9424_sidx_7889_eps_0.0039.vnnlib,23.736164568,unsat,25.783490960
cifar100,vnncomp2024_benchmarks/benchmarks/cifar100/onnx/CIFAR100_resnet_large.onnx,vnncomp2024_benchmarks/benchmarks/cifar100/vnnlib/CIFAR100_resnet_large_prop_idx_5701_sidx_7560_eps_0.0039.vnnlib,23.791042345,timeout,111.770550955
cifar100,vnncomp2024_benchmarks/benchmarks/cifar100/onnx/CIFAR100_resnet_large.onnx,vnncomp2024_benchmarks/benchmarks/cifar100/vnnlib/CIFAR100_resnet_large_prop_idx_3472_sidx_9374_eps_0.0039.vnnlib,23.757905508,unsat,22.228434643
cifar100,vnncomp2024_benchmarks/benchmarks/cifar100/onnx/CIFAR100_resnet_large.onnx,vnncomp2024_benchmarks/benchmarks/cifar100/vnnlib/CIFAR100_resnet_large_prop_idx_9737_sidx_8927_eps_0.0039.vnnlib,23.812453792,unsat,22.676295616
cifar100,vnncomp2024_benchmarks/benchmarks/cifar100/onnx/CIFAR100_resnet_large.onnx,vnncomp2024_benchmarks/benchmarks/cifar100/vnnlib/CIFAR100_resnet_large_prop_idx_9073_sidx_5083_eps_0.0039.vnnlib,23.789560921,unsat,24.144733578
cifar100,vnncomp2024_benchmarks/benchmarks/cifar100/onnx/CIFAR100_resnet_large.onnx,vnncomp2024_benchmarks/benchmarks/cifar100/vnnlib/CIFAR100_resnet_large_prop_idx_988_sidx_1384_eps_0.0039.vnnlib,23.804785889,timeout,116.307201559
cifar100,vnncomp2024_benchmarks/benchmarks/cifar100/onnx/CIFAR100_resnet_large.onnx,vnncomp2024_benchmarks/benchmarks/cifar100/vnnlib/CIFAR100_resnet_large_prop_idx_2302_sidx_3657_eps_0.0039.vnnlib,23.787291126,unsat,14.423081777
cifar100,vnncomp2024_benchmarks/benchmarks/cifar100/onnx/CIFAR100_resnet_large.onnx,vnncomp2024_benchmarks/benchmarks/cifar100/vnnlib/CIFAR100_resnet_large_prop_idx_7397_sidx_9274_eps_0.0039.vnnlib,23.725469050,unsat,22.653527165
cifar100,vnncomp2024_benchmarks/benchmarks/cifar100/onnx/CIFAR100_resnet_large.onnx,vnncomp2024_benchmarks/benchmarks/cifar100/vnnlib/CIFAR100_resnet_large_prop_idx_8672_sidx_9364_eps_0.0039.vnnlib,23.841526099,timeout,110.860158057
cifar100,vnncomp2024_benchmarks/benchmarks/cifar100/onnx/CIFAR100_resnet_large.onnx,vnncomp2024_benchmarks/benchmarks/cifar100/vnnlib/CIFAR100_resnet_large_prop_idx_1751_sidx_4589_eps_0.0039.vnnlib,23.691227286,unsat,13.608838505
cifar100,vnncomp2024_benchmarks/benchmarks/cifar100/onnx/CIFAR100_resnet_large.onnx,vnncomp2024_benchmarks/benchmarks/cifar100/vnnlib/CIFAR100_resnet_large_prop_idx_4251_sidx_1755_eps_0.0039.vnnlib,23.713041466,sat,10.182566435
cifar100,vnncomp2024_benchmarks/benchmarks/cifar100/onnx/CIFAR100_resnet_large.onnx,vnncomp2024_benchmarks/benchmarks/cifar100/vnnlib/CIFAR100_resnet_large_prop_idx_1497_sidx_1922_eps_0.0039.vnnlib,23.605046102,unsat,13.931016414
cifar100,vnncomp2024_benchmarks/benchmarks/cifar100/onnx/CIFAR100_resnet_large.onnx,vnncomp2024_benchmarks/benchmarks/cifar100/vnnlib/CIFAR100_resnet_large_prop_idx_9928_sidx_428_eps_0.0039.vnnlib,23.736129327,unsat,24.020455889
cifar100,vnncomp2024_benchmarks/benchmarks/cifar100/onnx/CIFAR100_resnet_large.onnx,vnncomp2024_benchmarks/benchmarks/cifar100/vnnlib/CIFAR100_resnet_large_prop_idx_8502_sidx_2893_eps_0.0039.vnnlib,23.783800478,sat,9.898891083
cifar100,vnncomp2024_benchmarks/benchmarks/cifar100/onnx/CIFAR100_resnet_large.onnx,vnncomp2024_benchmarks/benchmarks/cifar100/vnnlib/CIFAR100_resnet_large_prop_idx_1372_sidx_9800_eps_0.0039.vnnlib,23.558776192,sat,10.051562055
cifar100,vnncomp2024_benchmarks/benchmarks/cifar100/onnx/CIFAR100_resnet_large.onnx,vnncomp2024_benchmarks/benchmarks/cifar100/vnnlib/CIFAR100_resnet_large_prop_idx_7072_sidx_7470_eps_0.0039.vnnlib,23.562215945,unsat,24.923418618
cifar100,vnncomp2024_benchmarks/benchmarks/cifar100/onnx/CIFAR100_resnet_large.onnx,vnncomp2024_benchmarks/benchmarks/cifar100/vnnlib/CIFAR100_resnet_large_prop_idx_9097_sidx_7313_eps_0.0039.vnnlib,23.794263412,unsat,13.891910180
cifar100,vnncomp2024_benchmarks/benchmarks/cifar100/onnx/CIFAR100_resnet_large.onnx,vnncomp2024_benchmarks/benchmarks/cifar100/vnnlib/CIFAR100_resnet_large_prop_idx_9016_sidx_8318_eps_0.0039.vnnlib,23.810483660,timeout,114.340394509
cifar100,vnncomp2024_benchmarks/benchmarks/cifar100/onnx/CIFAR100_resnet_large.onnx,vnncomp2024_benchmarks/benchmarks/cifar100/vnnlib/CIFAR100_resnet_large_prop_idx_4320_sidx_8813_eps_0.0039.vnnlib,23.810831639,unsat,35.269337540
cifar100,vnncomp2024_benchmarks/benchmarks/cifar100/onnx/CIFAR100_resnet_large.onnx,vnncomp2024_benchmarks/benchmarks/cifar100/vnnlib/CIFAR100_resnet_large_prop_idx_7089_sidx_5353_eps_0.0039.vnnlib,23.705451751,timeout,112.195061888
cifar100,vnncomp2024_benchmarks/benchmarks/cifar100/onnx/CIFAR100_resnet_large.onnx,vnncomp2024_benchmarks/benchmarks/cifar100/vnnlib/CIFAR100_resnet_large_prop_idx_613_sidx_6258_eps_0.0039.vnnlib,23.731116579,timeout,111.441298677
cifar100,vnncomp2024_benchmarks/benchmarks/cifar100/onnx/CIFAR100_resnet_large.onnx,vnncomp2024_benchmarks/benchmarks/cifar100/vnnlib/CIFAR100_resnet_large_prop_idx_4758_sidx_7103_eps_0.0039.vnnlib,23.733027222,unsat,21.895809963
cifar100,vnncomp2024_benchmarks/benchmarks/cifar100/onnx/CIFAR100_resnet_large.onnx,vnncomp2024_benchmarks/benchmarks/cifar100/vnnlib/CIFAR100_resnet_large_prop_idx_4014_sidx_5124_eps_0.0039.vnnlib,23.813456226,timeout,112.019127252
cifar100,vnncomp2024_benchmarks/benchmarks/cifar100/onnx/CIFAR100_resnet_large.onnx,vnncomp2024_benchmarks/benchmarks/cifar100/vnnlib/CIFAR100_resnet_large_prop_idx_7218_sidx_5543_eps_0.0039.vnnlib,23.768431490,unsat,24.562492611
cifar100,vnncomp2024_benchmarks/benchmarks/cifar100/onnx/CIFAR100_resnet_large.onnx,vnncomp2024_benchmarks/benchmarks/cifar100/vnnlib/CIFAR100_resnet_large_prop_idx_9132_sidx_1053_eps_0.0039.vnnlib,23.750429469,unsat,24.128100847
cifar100,vnncomp2024_benchmarks/benchmarks/cifar100/onnx/CIFAR100_resnet_large.onnx,vnncomp2024_benchmarks/benchmarks/cifar100/vnnlib/CIFAR100_resnet_large_prop_idx_3498_sidx_1404_eps_0.0039.vnnlib,23.776350018,sat,9.523564102
cifar100,vnncomp2024_benchmarks/benchmarks/cifar100/onnx/CIFAR100_resnet_large.onnx,vnncomp2024_benchmarks/benchmarks/cifar100/vnnlib/CIFAR100_resnet_large_prop_idx_5994_sidx_4429_eps_0.0039.vnnlib,23.543325551,unsat,22.465737699
cifar100,vnncomp2024_benchmarks/benchmarks/cifar100/onnx/CIFAR100_resnet_large.onnx,vnncomp2024_benchmarks/benchmarks/cifar100/vnnlib/CIFAR100_resnet_large_prop_idx_2715_sidx_8690_eps_0.0039.vnnlib,23.876596971,unsat,24.492452250
cifar100,vnncomp2024_benchmarks/benchmarks/cifar100/onnx/CIFAR100_resnet_large.onnx,vnncomp2024_benchmarks/benchmarks/cifar100/vnnlib/CIFAR100_resnet_large_prop_idx_2750_sidx_1313_eps_0.0039.vnnlib,23.774318337,unsat,28.016625506
cifar100,vnncomp2024_benchmarks/benchmarks/cifar100/onnx/CIFAR100_resnet_large.onnx,vnncomp2024_benchmarks/benchmarks/cifar100/vnnlib/CIFAR100_resnet_large_prop_idx_1827_sidx_2176_eps_0.0039.vnnlib,23.711939462,sat,10.281207058
cifar100,vnncomp2024_benchmarks/benchmarks/cifar100/onnx/CIFAR100_resnet_large.onnx,vnncomp2024_benchmarks/benchmarks/cifar100/vnnlib/CIFAR100_resnet_large_prop_idx_9773_sidx_3718_eps_0.0039.vnnlib,23.591904212,sat,10.138871143
cifar100,vnncomp2024_benchmarks/benchmarks/cifar100/onnx/CIFAR100_resnet_large.onnx,vnncomp2024_benchmarks/benchmarks/cifar100/vnnlib/CIFAR100_resnet_large_prop_idx_2668_sidx_2652_eps_0.0039.vnnlib,23.628285509,unsat,12.923320915
cifar100,vnncomp2024_benchmarks/benchmarks/cifar100/onnx/CIFAR100_resnet_large.onnx,vnncomp2024_benchmarks/benchmarks/cifar100/vnnlib/CIFAR100_resnet_large_prop_idx_656_sidx_2209_eps_0.0039.vnnlib,23.678553003,unsat,21.830251019
cifar100,vnncomp2024_benchmarks/benchmarks/cifar100/onnx/CIFAR100_resnet_large.onnx,vnncomp2024_benchmarks/benchmarks/cifar100/vnnlib/CIFAR100_resnet_large_prop_idx_2717_sidx_551_eps_0.0039.vnnlib,23.800970444,unsat,75.262864668
cifar100,vnncomp2024_benchmarks/benchmarks/cifar100/onnx/CIFAR100_resnet_large.onnx,vnncomp2024_benchmarks/benchmarks/cifar100/vnnlib/CIFAR100_resnet_large_prop_idx_2061_sidx_3325_eps_0.0039.vnnlib,23.714964731,sat,9.625642165
cifar100,vnncomp2024_benchmarks/benchmarks/cifar100/onnx/CIFAR100_resnet_large.onnx,vnncomp2024_benchmarks/benchmarks/cifar100/vnnlib/CIFAR100_resnet_large_prop_idx_6808_sidx_4725_eps_0.0039.vnnlib,23.595457349,timeout,111.709788445
cifar100,vnncomp2024_benchmarks/benchmarks/cifar100/onnx/CIFAR100_resnet_large.onnx,vnncomp2024_benchmarks/benchmarks/cifar100/vnnlib/CIFAR100_resnet_large_prop_idx_392_sidx_3695_eps_0.0039.vnnlib,23.692173416,unsat,24.280397786
cifar100,vnncomp2024_benchmarks/benchmarks/cifar100/onnx/CIFAR100_resnet_large.onnx,vnncomp2024_benchmarks/benchmarks/cifar100/vnnlib/CIFAR100_resnet_large_prop_idx_5798_sidx_5258_eps_0.0039.vnnlib,23.777185636,unsat,32.274048341
cifar100,vnncomp2024_benchmarks/benchmarks/cifar100/onnx/CIFAR100_resnet_large.onnx,vnncomp2024_benchmarks/benchmarks/cifar100/vnnlib/CIFAR100_resnet_large_prop_idx_9299_sidx_5711_eps_0.0039.vnnlib,23.699552547,unsat,23.781151281
cifar100,vnncomp2024_benchmarks/benchmarks/cifar100/onnx/CIFAR100_resnet_large.onnx,vnncomp2024_benchmarks/benchmarks/cifar100/vnnlib/CIFAR100_resnet_large_prop_idx_3316_sidx_5822_eps_0.0039.vnnlib,23.761032534,unsat,23.687451078
cifar100,vnncomp2024_benchmarks/benchmarks/cifar100/onnx/CIFAR100_resnet_large.onnx,vnncomp2024_benchmarks/benchmarks/cifar100/vnnlib/CIFAR100_resnet_large_prop_idx_6995_sidx_9302_eps_0.0039.vnnlib,23.784172428,unsat,24.023822401
cifar100,vnncomp2024_benchmarks/benchmarks/test/test_nano.onnx,vnncomp2024_benchmarks/benchmarks/test/test_nano.vnnlib,21.771333139,unsat,7.014846300
