acasxu_2023,vnncomp2024_benchmarks/benchmarks/acasxu_2023/onnx/ACASXU_run2a_1_1_batch_2000.onnx,vnncomp2024_benchmarks/benchmarks/acasxu_2023/vnnlib/prop_1.vnnlib,1.890885286,unsat,1.505709554
acasxu_2023,vnncomp2024_benchmarks/benchmarks/acasxu_2023/onnx/ACASXU_run2a_1_2_batch_2000.onnx,vnncomp2024_benchmarks/benchmarks/acasxu_2023/vnnlib/prop_1.vnnlib,2.012855777,unsat,1.416392424
acasxu_2023,vnncomp2024_benchmarks/benchmarks/acasxu_2023/onnx/ACASXU_run2a_1_3_batch_2000.onnx,vnncomp2024_benchmarks/benchmarks/acasxu_2023/vnnlib/prop_1.vnnlib,1.985118305,unsat,1.707337328
acasxu_2023,vnncomp2024_benchmarks/benchmarks/acasxu_2023/onnx/ACASXU_run2a_1_4_batch_2000.onnx,vnncomp2024_benchmarks/benchmarks/acasxu_2023/vnnlib/prop_1.vnnlib,1.940918851,unsat,1.707464371
acasxu_2023,vnncomp2024_benchmarks/benchmarks/acasxu_2023/onnx/ACASXU_run2a_1_5_batch_2000.onnx,vnncomp2024_benchmarks/benchmarks/acasxu_2023/vnnlib/prop_1.vnnlib,1.997765163,unsat,1.418276111
acasxu_2023,vnncomp2024_benchmarks/benchmarks/acasxu_2023/onnx/ACASXU_run2a_1_6_batch_2000.onnx,vnncomp2024_benchmarks/benchmarks/acasxu_2023/vnnlib/prop_1.vnnlib,2.004770828,unsat,1.699468739
acasxu_2023,vnncomp2024_benchmarks/benchmarks/acasxu_2023/onnx/ACASXU_run2a_1_7_batch_2000.onnx,vnncomp2024_benchmarks/benchmarks/acasxu_2023/vnnlib/prop_1.vnnlib,1.987787047,unsat,1.367994897
acasxu_2023,vnncomp2024_benchmarks/benchmarks/acasxu_2023/onnx/ACASXU_run2a_1_8_batch_2000.onnx,vnncomp2024_benchmarks/benchmarks/acasxu_2023/vnnlib/prop_1.vnnlib,1.840095195,unsat,1.497284229
acasxu_2023,vnncomp2024_benchmarks/benchmarks/acasxu_2023/onnx/ACASXU_run2a_1_9_batch_2000.onnx,vnncomp2024_benchmarks/benchmarks/acasxu_2023/vnnlib/prop_1.vnnlib,1.776010505,unsat,1.344479864
acasxu_2023,vnncomp2024_benchmarks/benchmarks/acasxu_2023/onnx/ACASXU_run2a_2_1_batch_2000.onnx,vnncomp2024_benchmarks/benchmarks/acasxu_2023/vnnlib/prop_1.vnnlib,1.776934815,unsat,1.686084422
acasxu_2023,vnncomp2024_benchmarks/benchmarks/acasxu_2023/onnx/ACASXU_run2a_2_2_batch_2000.onnx,vnncomp2024_benchmarks/benchmarks/acasxu_2023/vnnlib/prop_1.vnnlib,1.789230596,unsat,1.892011274
acasxu_2023,vnncomp2024_benchmarks/benchmarks/acasxu_2023/onnx/ACASXU_run2a_2_3_batch_2000.onnx,vnncomp2024_benchmarks/benchmarks/acasxu_2023/vnnlib/prop_1.vnnlib,1.798614210,unsat,1.775183033
acasxu_2023,vnncomp2024_benchmarks/benchmarks/acasxu_2023/onnx/ACASXU_run2a_2_4_batch_2000.onnx,vnncomp2024_benchmarks/benchmarks/acasxu_2023/vnnlib/prop_1.vnnlib,1.781859159,unsat,1.446303899
acasxu_2023,vnncomp2024_benchmarks/benchmarks/acasxu_2023/onnx/ACASXU_run2a_2_5_batch_2000.onnx,vnncomp2024_benchmarks/benchmarks/acasxu_2023/vnnlib/prop_1.vnnlib,1.788176996,unsat,1.887270135
acasxu_2023,vnncomp2024_benchmarks/benchmarks/acasxu_2023/onnx/ACASXU_run2a_2_6_batch_2000.onnx,vnncomp2024_benchmarks/benchmarks/acasxu_2023/vnnlib/prop_1.vnnlib,1.780109648,unsat,1.817437753
acasxu_2023,vnncomp2024_benchmarks/benchmarks/acasxu_2023/onnx/ACASXU_run2a_2_7_batch_2000.onnx,vnncomp2024_benchmarks/benchmarks/acasxu_2023/vnnlib/prop_1.vnnlib,1.825544207,unsat,2.207898336
acasxu_2023,vnncomp2024_benchmarks/benchmarks/acasxu_2023/onnx/ACASXU_run2a_2_8_batch_2000.onnx,vnncomp2024_benchmarks/benchmarks/acasxu_2023/vnnlib/prop_1.vnnlib,1.933805191,unsat,2.172737580
acasxu_2023,vnncomp2024_benchmarks/benchmarks/acasxu_2023/onnx/ACASXU_run2a_2_9_batch_2000.onnx,vnncomp2024_benchmarks/benchmarks/acasxu_2023/vnnlib/prop_1.vnnlib,1.844389595,unsat,2.383537834
acasxu_2023,vnncomp2024_benchmarks/benchmarks/acasxu_2023/onnx/ACASXU_run2a_3_1_batch_2000.onnx,vnncomp2024_benchmarks/benchmarks/acasxu_2023/vnnlib/prop_1.vnnlib,1.789097188,unsat,1.613456548
acasxu_2023,vnncomp2024_benchmarks/benchmarks/acasxu_2023/onnx/ACASXU_run2a_3_2_batch_2000.onnx,vnncomp2024_benchmarks/benchmarks/acasxu_2023/vnnlib/prop_1.vnnlib,1.785733221,unsat,1.526795984
acasxu_2023,vnncomp2024_benchmarks/benchmarks/acasxu_2023/onnx/ACASXU_run2a_3_3_batch_2000.onnx,vnncomp2024_benchmarks/benchmarks/acasxu_2023/vnnlib/prop_1.vnnlib,1.782421049,unsat,1.534576147
acasxu_2023,vnncomp2024_benchmarks/benchmarks/acasxu_2023/onnx/ACASXU_run2a_3_4_batch_2000.onnx,vnncomp2024_benchmarks/benchmarks/acasxu_2023/vnnlib/prop_1.vnnlib,1.806389580,unsat,1.458931627
acasxu_2023,vnncomp2024_benchmarks/benchmarks/acasxu_2023/onnx/ACASXU_run2a_3_5_batch_2000.onnx,vnncomp2024_benchmarks/benchmarks/acasxu_2023/vnnlib/prop_1.vnnlib,1.802113534,unsat,1.722012108
acasxu_2023,vnncomp2024_benchmarks/benchmarks/acasxu_2023/onnx/ACASXU_run2a_3_6_batch_2000.onnx,vnncomp2024_benchmarks/benchmarks/acasxu_2023/vnnlib/prop_1.vnnlib,1.807627888,unsat,2.428925113
acasxu_2023,vnncomp2024_benchmarks/benchmarks/acasxu_2023/onnx/ACASXU_run2a_3_7_batch_2000.onnx,vnncomp2024_benchmarks/benchmarks/acasxu_2023/vnnlib/prop_1.vnnlib,1.920860647,unsat,2.392685764
acasxu_2023,vnncomp2024_benchmarks/benchmarks/acasxu_2023/onnx/ACASXU_run2a_3_8_batch_2000.onnx,vnncomp2024_benchmarks/benchmarks/acasxu_2023/vnnlib/prop_1.vnnlib,1.982486358,unsat,2.170956356
acasxu_2023,vnncomp2024_benchmarks/benchmarks/acasxu_2023/onnx/ACASXU_run2a_3_9_batch_2000.onnx,vnncomp2024_benchmarks/benchmarks/acasxu_2023/vnnlib/prop_1.vnnlib,1.936308977,unsat,1.993748926
acasxu_2023,vnncomp2024_benchmarks/benchmarks/acasxu_2023/onnx/ACASXU_run2a_4_1_batch_2000.onnx,vnncomp2024_benchmarks/benchmarks/acasxu_2023/vnnlib/prop_1.vnnlib,1.966334131,unsat,1.929869220
acasxu_2023,vnncomp2024_benchmarks/benchmarks/acasxu_2023/onnx/ACASXU_run2a_4_2_batch_2000.onnx,vnncomp2024_benchmarks/benchmarks/acasxu_2023/vnnlib/prop_1.vnnlib,1.853508539,unsat,1.792671863
acasxu_2023,vnncomp2024_benchmarks/benchmarks/acasxu_2023/onnx/ACASXU_run2a_4_3_batch_2000.onnx,vnncomp2024_benchmarks/benchmarks/acasxu_2023/vnnlib/prop_1.vnnlib,1.859427693,unsat,1.710478880
acasxu_2023,vnncomp2024_benchmarks/benchmarks/acasxu_2023/onnx/ACASXU_run2a_4_4_batch_2000.onnx,vnncomp2024_benchmarks/benchmarks/acasxu_2023/vnnlib/prop_1.vnnlib,1.804172913,unsat,1.524583181
acasxu_2023,vnncomp2024_benchmarks/benchmarks/acasxu_2023/onnx/ACASXU_run2a_4_5_batch_2000.onnx,vnncomp2024_benchmarks/benchmarks/acasxu_2023/vnnlib/prop_1.vnnlib,1.780318175,unsat,1.816628207
acasxu_2023,vnncomp2024_benchmarks/benchmarks/acasxu_2023/onnx/ACASXU_run2a_4_6_batch_2000.onnx,vnncomp2024_benchmarks/benchmarks/acasxu_2023/vnnlib/prop_1.vnnlib,1.796486339,unsat,2.798274473
acasxu_2023,vnncomp2024_benchmarks/benchmarks/acasxu_2023/onnx/ACASXU_run2a_4_7_batch_2000.onnx,vnncomp2024_benchmarks/benchmarks/acasxu_2023/vnnlib/prop_1.vnnlib,1.839750907,unsat,2.293062104
acasxu_2023,vnncomp2024_benchmarks/benchmarks/acasxu_2023/onnx/ACASXU_run2a_4_8_batch_2000.onnx,vnncomp2024_benchmarks/benchmarks/acasxu_2023/vnnlib/prop_1.vnnlib,1.846498025,unsat,2.094980959
acasxu_2023,vnncomp2024_benchmarks/benchmarks/acasxu_2023/onnx/ACASXU_run2a_4_9_batch_2000.onnx,vnncomp2024_benchmarks/benchmarks/acasxu_2023/vnnlib/prop_1.vnnlib,1.928663642,unsat,3.344287124
acasxu_2023,vnncomp2024_benchmarks/benchmarks/acasxu_2023/onnx/ACASXU_run2a_5_1_batch_2000.onnx,vnncomp2024_benchmarks/benchmarks/acasxu_2023/vnnlib/prop_1.vnnlib,1.920960373,unsat,1.503607525
acasxu_2023,vnncomp2024_benchmarks/benchmarks/acasxu_2023/onnx/ACASXU_run2a_5_2_batch_2000.onnx,vnncomp2024_benchmarks/benchmarks/acasxu_2023/vnnlib/prop_1.vnnlib,1.895007509,unsat,1.673493805
acasxu_2023,vnncomp2024_benchmarks/benchmarks/acasxu_2023/onnx/ACASXU_run2a_5_3_batch_2000.onnx,vnncomp2024_benchmarks/benchmarks/acasxu_2023/vnnlib/prop_1.vnnlib,1.913774912,unsat,1.645607598
acasxu_2023,vnncomp2024_benchmarks/benchmarks/acasxu_2023/onnx/ACASXU_run2a_5_4_batch_2000.onnx,vnncomp2024_benchmarks/benchmarks/acasxu_2023/vnnlib/prop_1.vnnlib,1.852213086,unsat,1.634936276
acasxu_2023,vnncomp2024_benchmarks/benchmarks/acasxu_2023/onnx/ACASXU_run2a_5_5_batch_2000.onnx,vnncomp2024_benchmarks/benchmarks/acasxu_2023/vnnlib/prop_1.vnnlib,1.878103958,unsat,1.556829451
acasxu_2023,vnncomp2024_benchmarks/benchmarks/acasxu_2023/onnx/ACASXU_run2a_5_6_batch_2000.onnx,vnncomp2024_benchmarks/benchmarks/acasxu_2023/vnnlib/prop_1.vnnlib,1.779427092,unsat,1.942269962
acasxu_2023,vnncomp2024_benchmarks/benchmarks/acasxu_2023/onnx/ACASXU_run2a_5_7_batch_2000.onnx,vnncomp2024_benchmarks/benchmarks/acasxu_2023/vnnlib/prop_1.vnnlib,1.781045611,unsat,1.968285646
acasxu_2023,vnncomp2024_benchmarks/benchmarks/acasxu_2023/onnx/ACASXU_run2a_5_8_batch_2000.onnx,vnncomp2024_benchmarks/benchmarks/acasxu_2023/vnnlib/prop_1.vnnlib,1.796937105,unsat,2.091064999
acasxu_2023,vnncomp2024_benchmarks/benchmarks/acasxu_2023/onnx/ACASXU_run2a_5_9_batch_2000.onnx,vnncomp2024_benchmarks/benchmarks/acasxu_2023/vnnlib/prop_1.vnnlib,1.794307645,unsat,2.311503384
acasxu_2023,vnncomp2024_benchmarks/benchmarks/acasxu_2023/onnx/ACASXU_run2a_1_1_batch_2000.onnx,vnncomp2024_benchmarks/benchmarks/acasxu_2023/vnnlib/prop_2.vnnlib,1.789290258,unsat,1.493703537
acasxu_2023,vnncomp2024_benchmarks/benchmarks/acasxu_2023/onnx/ACASXU_run2a_1_2_batch_2000.onnx,vnncomp2024_benchmarks/benchmarks/acasxu_2023/vnnlib/prop_2.vnnlib,1.793648805,sat,1.185861170
acasxu_2023,vnncomp2024_benchmarks/benchmarks/acasxu_2023/onnx/ACASXU_run2a_1_3_batch_2000.onnx,vnncomp2024_benchmarks/benchmarks/acasxu_2023/vnnlib/prop_2.vnnlib,1.775439620,sat,1.731798023
acasxu_2023,vnncomp2024_benchmarks/benchmarks/acasxu_2023/onnx/ACASXU_run2a_1_4_batch_2000.onnx,vnncomp2024_benchmarks/benchmarks/acasxu_2023/vnnlib/prop_2.vnnlib,1.799404420,sat,1.200888534
acasxu_2023,vnncomp2024_benchmarks/benchmarks/acasxu_2023/onnx/ACASXU_run2a_1_5_batch_2000.onnx,vnncomp2024_benchmarks/benchmarks/acasxu_2023/vnnlib/prop_2.vnnlib,1.794691385,sat,1.169474174
acasxu_2023,vnncomp2024_benchmarks/benchmarks/acasxu_2023/onnx/ACASXU_run2a_1_6_batch_2000.onnx,vnncomp2024_benchmarks/benchmarks/acasxu_2023/vnnlib/prop_2.vnnlib,1.927460842,sat,1.782713727
acasxu_2023,vnncomp2024_benchmarks/benchmarks/acasxu_2023/onnx/ACASXU_run2a_1_7_batch_2000.onnx,vnncomp2024_benchmarks/benchmarks/acasxu_2023/vnnlib/prop_2.vnnlib,1.956456272,unsat,1.765353885
acasxu_2023,vnncomp2024_benchmarks/benchmarks/acasxu_2023/onnx/ACASXU_run2a_1_8_batch_2000.onnx,vnncomp2024_benchmarks/benchmarks/acasxu_2023/vnnlib/prop_2.vnnlib,1.926687008,unsat,2.088200502
acasxu_2023,vnncomp2024_benchmarks/benchmarks/acasxu_2023/onnx/ACASXU_run2a_1_9_batch_2000.onnx,vnncomp2024_benchmarks/benchmarks/acasxu_2023/vnnlib/prop_2.vnnlib,1.943077629,unsat,1.864768485
acasxu_2023,vnncomp2024_benchmarks/benchmarks/acasxu_2023/onnx/ACASXU_run2a_2_1_batch_2000.onnx,vnncomp2024_benchmarks/benchmarks/acasxu_2023/vnnlib/prop_2.vnnlib,1.984398743,sat,1.138046101
acasxu_2023,vnncomp2024_benchmarks/benchmarks/acasxu_2023/onnx/ACASXU_run2a_2_2_batch_2000.onnx,vnncomp2024_benchmarks/benchmarks/acasxu_2023/vnnlib/prop_2.vnnlib,1.877804530,sat,1.199524471
acasxu_2023,vnncomp2024_benchmarks/benchmarks/acasxu_2023/onnx/ACASXU_run2a_2_3_batch_2000.onnx,vnncomp2024_benchmarks/benchmarks/acasxu_2023/vnnlib/prop_2.vnnlib,2.002063496,sat,1.164136631
acasxu_2023,vnncomp2024_benchmarks/benchmarks/acasxu_2023/onnx/ACASXU_run2a_2_4_batch_2000.onnx,vnncomp2024_benchmarks/benchmarks/acasxu_2023/vnnlib/prop_2.vnnlib,1.961187252,sat,1.176966746
acasxu_2023,vnncomp2024_benchmarks/benchmarks/acasxu_2023/onnx/ACASXU_run2a_2_5_batch_2000.onnx,vnncomp2024_benchmarks/benchmarks/acasxu_2023/vnnlib/prop_2.vnnlib,1.918184149,sat,1.207033825
acasxu_2023,vnncomp2024_benchmarks/benchmarks/acasxu_2023/onnx/ACASXU_run2a_2_6_batch_2000.onnx,vnncomp2024_benchmarks/benchmarks/acasxu_2023/vnnlib/prop_2.vnnlib,1.959595147,sat,1.187111872
acasxu_2023,vnncomp2024_benchmarks/benchmarks/acasxu_2023/onnx/ACASXU_run2a_2_7_batch_2000.onnx,vnncomp2024_benchmarks/benchmarks/acasxu_2023/vnnlib/prop_2.vnnlib,1.970751282,sat,1.178420754
acasxu_2023,vnncomp2024_benchmarks/benchmarks/acasxu_2023/onnx/ACASXU_run2a_2_8_batch_2000.onnx,vnncomp2024_benchmarks/benchmarks/acasxu_2023/vnnlib/prop_2.vnnlib,2.014447130,sat,1.167492655
acasxu_2023,vnncomp2024_benchmarks/benchmarks/acasxu_2023/onnx/ACASXU_run2a_2_9_batch_2000.onnx,vnncomp2024_benchmarks/benchmarks/acasxu_2023/vnnlib/prop_2.vnnlib,1.993713753,sat,1.282574337
acasxu_2023,vnncomp2024_benchmarks/benchmarks/acasxu_2023/onnx/ACASXU_run2a_3_1_batch_2000.onnx,vnncomp2024_benchmarks/benchmarks/acasxu_2023/vnnlib/prop_2.vnnlib,1.984005731,sat,1.108737833
acasxu_2023,vnncomp2024_benchmarks/benchmarks/acasxu_2023/onnx/ACASXU_run2a_3_2_batch_2000.onnx,vnncomp2024_benchmarks/benchmarks/acasxu_2023/vnnlib/prop_2.vnnlib,1.843337161,sat,1.179767492
acasxu_2023,vnncomp2024_benchmarks/benchmarks/acasxu_2023/onnx/ACASXU_run2a_3_3_batch_2000.onnx,vnncomp2024_benchmarks/benchmarks/acasxu_2023/vnnlib/prop_2.vnnlib,1.937404696,unsat,5.427905603
acasxu_2023,vnncomp2024_benchmarks/benchmarks/acasxu_2023/onnx/ACASXU_run2a_3_4_batch_2000.onnx,vnncomp2024_benchmarks/benchmarks/acasxu_2023/vnnlib/prop_2.vnnlib,1.784981511,sat,1.096450973
acasxu_2023,vnncomp2024_benchmarks/benchmarks/acasxu_2023/onnx/ACASXU_run2a_3_5_batch_2000.onnx,vnncomp2024_benchmarks/benchmarks/acasxu_2023/vnnlib/prop_2.vnnlib,1.846346131,sat,1.124456238
acasxu_2023,vnncomp2024_benchmarks/benchmarks/acasxu_2023/onnx/ACASXU_run2a_3_6_batch_2000.onnx,vnncomp2024_benchmarks/benchmarks/acasxu_2023/vnnlib/prop_2.vnnlib,1.984368222,sat,1.183617376
acasxu_2023,vnncomp2024_benchmarks/benchmarks/acasxu_2023/onnx/ACASXU_run2a_3_7_batch_2000.onnx,vnncomp2024_benchmarks/benchmarks/acasxu_2023/vnnlib/prop_2.vnnlib,1.962584381,sat,1.402903472
acasxu_2023,vnncomp2024_benchmarks/benchmarks/acasxu_2023/onnx/ACASXU_run2a_3_8_batch_2000.onnx,vnncomp2024_benchmarks/benchmarks/acasxu_2023/vnnlib/prop_2.vnnlib,1.855496200,sat,1.142660955
acasxu_2023,vnncomp2024_benchmarks/benchmarks/acasxu_2023/onnx/ACASXU_run2a_3_9_batch_2000.onnx,vnncomp2024_benchmarks/benchmarks/acasxu_2023/vnnlib/prop_2.vnnlib,1.931113773,sat,1.143701307
acasxu_2023,vnncomp2024_benchmarks/benchmarks/acasxu_2023/onnx/ACASXU_run2a_4_1_batch_2000.onnx,vnncomp2024_benchmarks/benchmarks/acasxu_2023/vnnlib/prop_2.vnnlib,1.917831743,sat,1.193758499
acasxu_2023,vnncomp2024_benchmarks/benchmarks/acasxu_2023/onnx/ACASXU_run2a_4_2_batch_2000.onnx,vnncomp2024_benchmarks/benchmarks/acasxu_2023/vnnlib/prop_2.vnnlib,1.947598937,unsat,5.837872976
acasxu_2023,vnncomp2024_benchmarks/benchmarks/acasxu_2023/onnx/ACASXU_run2a_4_3_batch_2000.onnx,vnncomp2024_benchmarks/benchmarks/acasxu_2023/vnnlib/prop_2.vnnlib,1.818903704,sat,1.095644054
acasxu_2023,vnncomp2024_benchmarks/benchmarks/acasxu_2023/onnx/ACASXU_run2a_4_4_batch_2000.onnx,vnncomp2024_benchmarks/benchmarks/acasxu_2023/vnnlib/prop_2.vnnlib,1.789357075,sat,1.149165464
acasxu_2023,vnncomp2024_benchmarks/benchmarks/acasxu_2023/onnx/ACASXU_run2a_4_5_batch_2000.onnx,vnncomp2024_benchmarks/benchmarks/acasxu_2023/vnnlib/prop_2.vnnlib,1.919780099,sat,1.218501210
acasxu_2023,vnncomp2024_benchmarks/benchmarks/acasxu_2023/onnx/ACASXU_run2a_4_6_batch_2000.onnx,vnncomp2024_benchmarks/benchmarks/acasxu_2023/vnnlib/prop_2.vnnlib,2.003338042,sat,1.190269395
acasxu_2023,vnncomp2024_benchmarks/benchmarks/acasxu_2023/onnx/ACASXU_run2a_4_7_batch_2000.onnx,vnncomp2024_benchmarks/benchmarks/acasxu_2023/vnnlib/prop_2.vnnlib,1.972629147,sat,1.189426538
acasxu_2023,vnncomp2024_benchmarks/benchmarks/acasxu_2023/onnx/ACASXU_run2a_4_8_batch_2000.onnx,vnncomp2024_benchmarks/benchmarks/acasxu_2023/vnnlib/prop_2.vnnlib,1.986881467,sat,1.207194559
acasxu_2023,vnncomp2024_benchmarks/benchmarks/acasxu_2023/onnx/ACASXU_run2a_4_9_batch_2000.onnx,vnncomp2024_benchmarks/benchmarks/acasxu_2023/vnnlib/prop_2.vnnlib,1.957003660,sat,1.180343729
acasxu_2023,vnncomp2024_benchmarks/benchmarks/acasxu_2023/onnx/ACASXU_run2a_5_1_batch_2000.onnx,vnncomp2024_benchmarks/benchmarks/acasxu_2023/vnnlib/prop_2.vnnlib,1.983623117,sat,1.165895639
acasxu_2023,vnncomp2024_benchmarks/benchmarks/acasxu_2023/onnx/ACASXU_run2a_5_2_batch_2000.onnx,vnncomp2024_benchmarks/benchmarks/acasxu_2023/vnnlib/prop_2.vnnlib,1.974994873,sat,1.202483407
acasxu_2023,vnncomp2024_benchmarks/benchmarks/acasxu_2023/onnx/ACASXU_run2a_5_3_batch_2000.onnx,vnncomp2024_benchmarks/benchmarks/acasxu_2023/vnnlib/prop_2.vnnlib,1.976689229,sat,1.513966695
acasxu_2023,vnncomp2024_benchmarks/benchmarks/acasxu_2023/onnx/ACASXU_run2a_5_4_batch_2000.onnx,vnncomp2024_benchmarks/benchmarks/acasxu_2023/vnnlib/prop_2.vnnlib,1.974964562,sat,1.193736358
acasxu_2023,vnncomp2024_benchmarks/benchmarks/acasxu_2023/onnx/ACASXU_run2a_5_5_batch_2000.onnx,vnncomp2024_benchmarks/benchmarks/acasxu_2023/vnnlib/prop_2.vnnlib,2.004916262,sat,1.209707075
acasxu_2023,vnncomp2024_benchmarks/benchmarks/acasxu_2023/onnx/ACASXU_run2a_5_6_batch_2000.onnx,vnncomp2024_benchmarks/benchmarks/acasxu_2023/vnnlib/prop_2.vnnlib,1.976134988,sat,1.224593222
acasxu_2023,vnncomp2024_benchmarks/benchmarks/acasxu_2023/onnx/ACASXU_run2a_5_7_batch_2000.onnx,vnncomp2024_benchmarks/benchmarks/acasxu_2023/vnnlib/prop_2.vnnlib,1.954735265,sat,1.162116749
acasxu_2023,vnncomp2024_benchmarks/benchmarks/acasxu_2023/onnx/ACASXU_run2a_5_8_batch_2000.onnx,vnncomp2024_benchmarks/benchmarks/acasxu_2023/vnnlib/prop_2.vnnlib,1.903817630,sat,1.137042393
acasxu_2023,vnncomp2024_benchmarks/benchmarks/acasxu_2023/onnx/ACASXU_run2a_5_9_batch_2000.onnx,vnncomp2024_benchmarks/benchmarks/acasxu_2023/vnnlib/prop_2.vnnlib,1.957481131,sat,1.180416393
acasxu_2023,vnncomp2024_benchmarks/benchmarks/acasxu_2023/onnx/ACASXU_run2a_1_1_batch_2000.onnx,vnncomp2024_benchmarks/benchmarks/acasxu_2023/vnnlib/prop_3.vnnlib,1.970558837,unsat,1.531771253
acasxu_2023,vnncomp2024_benchmarks/benchmarks/acasxu_2023/onnx/ACASXU_run2a_1_2_batch_2000.onnx,vnncomp2024_benchmarks/benchmarks/acasxu_2023/vnnlib/prop_3.vnnlib,1.968500227,unsat,1.482786314
acasxu_2023,vnncomp2024_benchmarks/benchmarks/acasxu_2023/onnx/ACASXU_run2a_1_3_batch_2000.onnx,vnncomp2024_benchmarks/benchmarks/acasxu_2023/vnnlib/prop_3.vnnlib,1.994334070,unsat,1.373197282
acasxu_2023,vnncomp2024_benchmarks/benchmarks/acasxu_2023/onnx/ACASXU_run2a_1_4_batch_2000.onnx,vnncomp2024_benchmarks/benchmarks/acasxu_2023/vnnlib/prop_3.vnnlib,1.929557467,unsat,1.213573819
acasxu_2023,vnncomp2024_benchmarks/benchmarks/acasxu_2023/onnx/ACASXU_run2a_1_5_batch_2000.onnx,vnncomp2024_benchmarks/benchmarks/acasxu_2023/vnnlib/prop_3.vnnlib,1.940143837,unsat,1.234879266
acasxu_2023,vnncomp2024_benchmarks/benchmarks/acasxu_2023/onnx/ACASXU_run2a_1_6_batch_2000.onnx,vnncomp2024_benchmarks/benchmarks/acasxu_2023/vnnlib/prop_3.vnnlib,1.954260573,unsat,1.145254460
acasxu_2023,vnncomp2024_benchmarks/benchmarks/acasxu_2023/onnx/ACASXU_run2a_1_7_batch_2000.onnx,vnncomp2024_benchmarks/benchmarks/acasxu_2023/vnnlib/prop_3.vnnlib,1.981407635,sat,1.143937663
acasxu_2023,vnncomp2024_benchmarks/benchmarks/acasxu_2023/onnx/ACASXU_run2a_1_8_batch_2000.onnx,vnncomp2024_benchmarks/benchmarks/acasxu_2023/vnnlib/prop_3.vnnlib,1.995545567,sat,1.187853458
acasxu_2023,vnncomp2024_benchmarks/benchmarks/acasxu_2023/onnx/ACASXU_run2a_1_9_batch_2000.onnx,vnncomp2024_benchmarks/benchmarks/acasxu_2023/vnnlib/prop_3.vnnlib,2.010442444,sat,1.183987779
acasxu_2023,vnncomp2024_benchmarks/benchmarks/acasxu_2023/onnx/ACASXU_run2a_2_1_batch_2000.onnx,vnncomp2024_benchmarks/benchmarks/acasxu_2023/vnnlib/prop_3.vnnlib,1.976853994,unsat,1.399826596
acasxu_2023,vnncomp2024_benchmarks/benchmarks/acasxu_2023/onnx/ACASXU_run2a_2_2_batch_2000.onnx,vnncomp2024_benchmarks/benchmarks/acasxu_2023/vnnlib/prop_3.vnnlib,2.001345621,unsat,1.392628051
acasxu_2023,vnncomp2024_benchmarks/benchmarks/acasxu_2023/onnx/ACASXU_run2a_2_3_batch_2000.onnx,vnncomp2024_benchmarks/benchmarks/acasxu_2023/vnnlib/prop_3.vnnlib,1.999380014,unsat,1.368814236
acasxu_2023,vnncomp2024_benchmarks/benchmarks/acasxu_2023/onnx/ACASXU_run2a_2_4_batch_2000.onnx,vnncomp2024_benchmarks/benchmarks/acasxu_2023/vnnlib/prop_3.vnnlib,1.944892059,unsat,.956328943
acasxu_2023,vnncomp2024_benchmarks/benchmarks/acasxu_2023/onnx/ACASXU_run2a_2_5_batch_2000.onnx,vnncomp2024_benchmarks/benchmarks/acasxu_2023/vnnlib/prop_3.vnnlib,2.002857112,unsat,1.214145497
acasxu_2023,vnncomp2024_benchmarks/benchmarks/acasxu_2023/onnx/ACASXU_run2a_2_6_batch_2000.onnx,vnncomp2024_benchmarks/benchmarks/acasxu_2023/vnnlib/prop_3.vnnlib,1.952051020,unsat,1.198292480
acasxu_2023,vnncomp2024_benchmarks/benchmarks/acasxu_2023/onnx/ACASXU_run2a_2_7_batch_2000.onnx,vnncomp2024_benchmarks/benchmarks/acasxu_2023/vnnlib/prop_3.vnnlib,1.947513906,unsat,1.174509455
acasxu_2023,vnncomp2024_benchmarks/benchmarks/acasxu_2023/onnx/ACASXU_run2a_2_8_batch_2000.onnx,vnncomp2024_benchmarks/benchmarks/acasxu_2023/vnnlib/prop_3.vnnlib,2.002157144,unsat,1.170009461
acasxu_2023,vnncomp2024_benchmarks/benchmarks/acasxu_2023/onnx/ACASXU_run2a_2_9_batch_2000.onnx,vnncomp2024_benchmarks/benchmarks/acasxu_2023/vnnlib/prop_3.vnnlib,1.964041328,unsat,.941878839
acasxu_2023,vnncomp2024_benchmarks/benchmarks/acasxu_2023/onnx/ACASXU_run2a_3_1_batch_2000.onnx,vnncomp2024_benchmarks/benchmarks/acasxu_2023/vnnlib/prop_3.vnnlib,1.955659701,unsat,1.132669617
acasxu_2023,vnncomp2024_benchmarks/benchmarks/acasxu_2023/onnx/ACASXU_run2a_3_2_batch_2000.onnx,vnncomp2024_benchmarks/benchmarks/acasxu_2023/vnnlib/prop_3.vnnlib,1.896730989,unsat,1.501044873
acasxu_2023,vnncomp2024_benchmarks/benchmarks/acasxu_2023/onnx/ACASXU_run2a_3_3_batch_2000.onnx,vnncomp2024_benchmarks/benchmarks/acasxu_2023/vnnlib/prop_3.vnnlib,1.973302005,unsat,1.359871465
acasxu_2023,vnncomp2024_benchmarks/benchmarks/acasxu_2023/onnx/ACASXU_run2a_3_4_batch_2000.onnx,vnncomp2024_benchmarks/benchmarks/acasxu_2023/vnnlib/prop_3.vnnlib,2.015482324,unsat,1.264067076
acasxu_2023,vnncomp2024_benchmarks/benchmarks/acasxu_2023/onnx/ACASXU_run2a_3_5_batch_2000.onnx,vnncomp2024_benchmarks/benchmarks/acasxu_2023/vnnlib/prop_3.vnnlib,1.969394445,unsat,1.140834164
acasxu_2023,vnncomp2024_benchmarks/benchmarks/acasxu_2023/onnx/ACASXU_run2a_3_6_batch_2000.onnx,vnncomp2024_benchmarks/benchmarks/acasxu_2023/vnnlib/prop_3.vnnlib,1.853392503,unsat,1.148840220
acasxu_2023,vnncomp2024_benchmarks/benchmarks/acasxu_2023/onnx/ACASXU_run2a_3_7_batch_2000.onnx,vnncomp2024_benchmarks/benchmarks/acasxu_2023/vnnlib/prop_3.vnnlib,1.930486417,unsat,1.102030004
acasxu_2023,vnncomp2024_benchmarks/benchmarks/acasxu_2023/onnx/ACASXU_run2a_3_8_batch_2000.onnx,vnncomp2024_benchmarks/benchmarks/acasxu_2023/vnnlib/prop_3.vnnlib,1.796640693,unsat,1.091554444
acasxu_2023,vnncomp2024_benchmarks/benchmarks/acasxu_2023/onnx/ACASXU_run2a_3_9_batch_2000.onnx,vnncomp2024_benchmarks/benchmarks/acasxu_2023/vnnlib/prop_3.vnnlib,1.785937174,unsat,1.089234084
acasxu_2023,vnncomp2024_benchmarks/benchmarks/acasxu_2023/onnx/ACASXU_run2a_4_1_batch_2000.onnx,vnncomp2024_benchmarks/benchmarks/acasxu_2023/vnnlib/prop_3.vnnlib,1.792176743,unsat,1.121723898
acasxu_2023,vnncomp2024_benchmarks/benchmarks/acasxu_2023/onnx/ACASXU_run2a_4_2_batch_2000.onnx,vnncomp2024_benchmarks/benchmarks/acasxu_2023/vnnlib/prop_3.vnnlib,1.771436533,unsat,1.382888394
acasxu_2023,vnncomp2024_benchmarks/benchmarks/acasxu_2023/onnx/ACASXU_run2a_4_3_batch_2000.onnx,vnncomp2024_benchmarks/benchmarks/acasxu_2023/vnnlib/prop_3.vnnlib,1.788077954,unsat,1.516378587
acasxu_2023,vnncomp2024_benchmarks/benchmarks/acasxu_2023/onnx/ACASXU_run2a_4_4_batch_2000.onnx,vnncomp2024_benchmarks/benchmarks/acasxu_2023/vnnlib/prop_3.vnnlib,1.863198137,unsat,1.162440204
acasxu_2023,vnncomp2024_benchmarks/benchmarks/acasxu_2023/onnx/ACASXU_run2a_4_5_batch_2000.onnx,vnncomp2024_benchmarks/benchmarks/acasxu_2023/vnnlib/prop_3.vnnlib,1.970805765,unsat,1.254952785
acasxu_2023,vnncomp2024_benchmarks/benchmarks/acasxu_2023/onnx/ACASXU_run2a_4_6_batch_2000.onnx,vnncomp2024_benchmarks/benchmarks/acasxu_2023/vnnlib/prop_3.vnnlib,1.984114625,unsat,1.162942524
acasxu_2023,vnncomp2024_benchmarks/benchmarks/acasxu_2023/onnx/ACASXU_run2a_4_7_batch_2000.onnx,vnncomp2024_benchmarks/benchmarks/acasxu_2023/vnnlib/prop_3.vnnlib,1.939123195,unsat,1.158204178
acasxu_2023,vnncomp2024_benchmarks/benchmarks/acasxu_2023/onnx/ACASXU_run2a_4_8_batch_2000.onnx,vnncomp2024_benchmarks/benchmarks/acasxu_2023/vnnlib/prop_3.vnnlib,1.942326249,unsat,1.151183362
acasxu_2023,vnncomp2024_benchmarks/benchmarks/acasxu_2023/onnx/ACASXU_run2a_4_9_batch_2000.onnx,vnncomp2024_benchmarks/benchmarks/acasxu_2023/vnnlib/prop_3.vnnlib,1.858992354,unsat,1.144109825
acasxu_2023,vnncomp2024_benchmarks/benchmarks/acasxu_2023/onnx/ACASXU_run2a_5_1_batch_2000.onnx,vnncomp2024_benchmarks/benchmarks/acasxu_2023/vnnlib/prop_3.vnnlib,1.932996796,unsat,1.418808843
acasxu_2023,vnncomp2024_benchmarks/benchmarks/acasxu_2023/onnx/ACASXU_run2a_5_2_batch_2000.onnx,vnncomp2024_benchmarks/benchmarks/acasxu_2023/vnnlib/prop_3.vnnlib,1.892191823,unsat,1.172631142
acasxu_2023,vnncomp2024_benchmarks/benchmarks/acasxu_2023/onnx/ACASXU_run2a_5_3_batch_2000.onnx,vnncomp2024_benchmarks/benchmarks/acasxu_2023/vnnlib/prop_3.vnnlib,1.915037423,unsat,1.239175785
acasxu_2023,vnncomp2024_benchmarks/benchmarks/acasxu_2023/onnx/ACASXU_run2a_5_4_batch_2000.onnx,vnncomp2024_benchmarks/benchmarks/acasxu_2023/vnnlib/prop_3.vnnlib,1.900664709,unsat,1.091158145
acasxu_2023,vnncomp2024_benchmarks/benchmarks/acasxu_2023/onnx/ACASXU_run2a_5_5_batch_2000.onnx,vnncomp2024_benchmarks/benchmarks/acasxu_2023/vnnlib/prop_3.vnnlib,1.850167055,unsat,1.195643428
acasxu_2023,vnncomp2024_benchmarks/benchmarks/acasxu_2023/onnx/ACASXU_run2a_5_6_batch_2000.onnx,vnncomp2024_benchmarks/benchmarks/acasxu_2023/vnnlib/prop_3.vnnlib,1.983406486,unsat,1.179163476
acasxu_2023,vnncomp2024_benchmarks/benchmarks/acasxu_2023/onnx/ACASXU_run2a_5_7_batch_2000.onnx,vnncomp2024_benchmarks/benchmarks/acasxu_2023/vnnlib/prop_3.vnnlib,1.794840154,unsat,.883897107
acasxu_2023,vnncomp2024_benchmarks/benchmarks/acasxu_2023/onnx/ACASXU_run2a_5_8_batch_2000.onnx,vnncomp2024_benchmarks/benchmarks/acasxu_2023/vnnlib/prop_3.vnnlib,1.795577164,unsat,1.089773901
acasxu_2023,vnncomp2024_benchmarks/benchmarks/acasxu_2023/onnx/ACASXU_run2a_5_9_batch_2000.onnx,vnncomp2024_benchmarks/benchmarks/acasxu_2023/vnnlib/prop_3.vnnlib,1.785820028,unsat,.885839277
acasxu_2023,vnncomp2024_benchmarks/benchmarks/acasxu_2023/onnx/ACASXU_run2a_1_1_batch_2000.onnx,vnncomp2024_benchmarks/benchmarks/acasxu_2023/vnnlib/prop_4.vnnlib,1.784617166,unsat,1.359169196
acasxu_2023,vnncomp2024_benchmarks/benchmarks/acasxu_2023/onnx/ACASXU_run2a_1_2_batch_2000.onnx,vnncomp2024_benchmarks/benchmarks/acasxu_2023/vnnlib/prop_4.vnnlib,1.795965875,unsat,1.323017573
acasxu_2023,vnncomp2024_benchmarks/benchmarks/acasxu_2023/onnx/ACASXU_run2a_1_3_batch_2000.onnx,vnncomp2024_benchmarks/benchmarks/acasxu_2023/vnnlib/prop_4.vnnlib,1.775006888,unsat,1.258456580
acasxu_2023,vnncomp2024_benchmarks/benchmarks/acasxu_2023/onnx/ACASXU_run2a_1_4_batch_2000.onnx,vnncomp2024_benchmarks/benchmarks/acasxu_2023/vnnlib/prop_4.vnnlib,1.918829588,unsat,1.158684021
acasxu_2023,vnncomp2024_benchmarks/benchmarks/acasxu_2023/onnx/ACASXU_run2a_1_5_batch_2000.onnx,vnncomp2024_benchmarks/benchmarks/acasxu_2023/vnnlib/prop_4.vnnlib,1.795287362,unsat,1.228960960
acasxu_2023,vnncomp2024_benchmarks/benchmarks/acasxu_2023/onnx/ACASXU_run2a_1_6_batch_2000.onnx,vnncomp2024_benchmarks/benchmarks/acasxu_2023/vnnlib/prop_4.vnnlib,1.795715726,unsat,1.195189315
acasxu_2023,vnncomp2024_benchmarks/benchmarks/acasxu_2023/onnx/ACASXU_run2a_1_7_batch_2000.onnx,vnncomp2024_benchmarks/benchmarks/acasxu_2023/vnnlib/prop_4.vnnlib,1.803434573,sat,1.086326441
acasxu_2023,vnncomp2024_benchmarks/benchmarks/acasxu_2023/onnx/ACASXU_run2a_1_8_batch_2000.onnx,vnncomp2024_benchmarks/benchmarks/acasxu_2023/vnnlib/prop_4.vnnlib,1.841189594,sat,1.120691828
acasxu_2023,vnncomp2024_benchmarks/benchmarks/acasxu_2023/onnx/ACASXU_run2a_1_9_batch_2000.onnx,vnncomp2024_benchmarks/benchmarks/acasxu_2023/vnnlib/prop_4.vnnlib,1.990576903,sat,1.180615480
acasxu_2023,vnncomp2024_benchmarks/benchmarks/acasxu_2023/onnx/ACASXU_run2a_2_1_batch_2000.onnx,vnncomp2024_benchmarks/benchmarks/acasxu_2023/vnnlib/prop_4.vnnlib,1.990813066,unsat,1.246350911
acasxu_2023,vnncomp2024_benchmarks/benchmarks/acasxu_2023/onnx/ACASXU_run2a_2_2_batch_2000.onnx,vnncomp2024_benchmarks/benchmarks/acasxu_2023/vnnlib/prop_4.vnnlib,1.992276019,unsat,1.243753163
acasxu_2023,vnncomp2024_benchmarks/benchmarks/acasxu_2023/onnx/ACASXU_run2a_2_3_batch_2000.onnx,vnncomp2024_benchmarks/benchmarks/acasxu_2023/vnnlib/prop_4.vnnlib,2.002610185,unsat,1.185349793
acasxu_2023,vnncomp2024_benchmarks/benchmarks/acasxu_2023/onnx/ACASXU_run2a_2_4_batch_2000.onnx,vnncomp2024_benchmarks/benchmarks/acasxu_2023/vnnlib/prop_4.vnnlib,1.993983256,unsat,1.191397135
acasxu_2023,vnncomp2024_benchmarks/benchmarks/acasxu_2023/onnx/ACASXU_run2a_2_5_batch_2000.onnx,vnncomp2024_benchmarks/benchmarks/acasxu_2023/vnnlib/prop_4.vnnlib,1.990856495,unsat,1.207098339
acasxu_2023,vnncomp2024_benchmarks/benchmarks/acasxu_2023/onnx/ACASXU_run2a_2_6_batch_2000.onnx,vnncomp2024_benchmarks/benchmarks/acasxu_2023/vnnlib/prop_4.vnnlib,1.929640737,unsat,1.225250236
acasxu_2023,vnncomp2024_benchmarks/benchmarks/acasxu_2023/onnx/ACASXU_run2a_2_7_batch_2000.onnx,vnncomp2024_benchmarks/benchmarks/acasxu_2023/vnnlib/prop_4.vnnlib,2.005143788,unsat,1.191975290
acasxu_2023,vnncomp2024_benchmarks/benchmarks/acasxu_2023/onnx/ACASXU_run2a_2_8_batch_2000.onnx,vnncomp2024_benchmarks/benchmarks/acasxu_2023/vnnlib/prop_4.vnnlib,1.965739008,unsat,1.212543234
acasxu_2023,vnncomp2024_benchmarks/benchmarks/acasxu_2023/onnx/ACASXU_run2a_2_9_batch_2000.onnx,vnncomp2024_benchmarks/benchmarks/acasxu_2023/vnnlib/prop_4.vnnlib,1.888307190,unsat,.943822088
acasxu_2023,vnncomp2024_benchmarks/benchmarks/acasxu_2023/onnx/ACASXU_run2a_3_1_batch_2000.onnx,vnncomp2024_benchmarks/benchmarks/acasxu_2023/vnnlib/prop_4.vnnlib,1.984035813,unsat,1.162710324
acasxu_2023,vnncomp2024_benchmarks/benchmarks/acasxu_2023/onnx/ACASXU_run2a_3_2_batch_2000.onnx,vnncomp2024_benchmarks/benchmarks/acasxu_2023/vnnlib/prop_4.vnnlib,1.918179711,unsat,1.225728636
acasxu_2023,vnncomp2024_benchmarks/benchmarks/acasxu_2023/onnx/ACASXU_run2a_3_3_batch_2000.onnx,vnncomp2024_benchmarks/benchmarks/acasxu_2023/vnnlib/prop_4.vnnlib,1.788048419,unsat,1.080376016
acasxu_2023,vnncomp2024_benchmarks/benchmarks/acasxu_2023/onnx/ACASXU_run2a_3_4_batch_2000.onnx,vnncomp2024_benchmarks/benchmarks/acasxu_2023/vnnlib/prop_4.vnnlib,1.790789823,unsat,1.083076060
acasxu_2023,vnncomp2024_benchmarks/benchmarks/acasxu_2023/onnx/ACASXU_run2a_3_5_batch_2000.onnx,vnncomp2024_benchmarks/benchmarks/acasxu_2023/vnnlib/prop_4.vnnlib,1.776197482,unsat,1.138200202
acasxu_2023,vnncomp2024_benchmarks/benchmarks/acasxu_2023/onnx/ACASXU_run2a_3_6_batch_2000.onnx,vnncomp2024_benchmarks/benchmarks/acasxu_2023/vnnlib/prop_4.vnnlib,1.792171918,unsat,1.176034311
acasxu_2023,vnncomp2024_benchmarks/benchmarks/acasxu_2023/onnx/ACASXU_run2a_3_7_batch_2000.onnx,vnncomp2024_benchmarks/benchmarks/acasxu_2023/vnnlib/prop_4.vnnlib,1.793833067,unsat,1.115538915
acasxu_2023,vnncomp2024_benchmarks/benchmarks/acasxu_2023/onnx/ACASXU_run2a_3_8_batch_2000.onnx,vnncomp2024_benchmarks/benchmarks/acasxu_2023/vnnlib/prop_4.vnnlib,1.780510077,unsat,1.124712771
acasxu_2023,vnncomp2024_benchmarks/benchmarks/acasxu_2023/onnx/ACASXU_run2a_3_9_batch_2000.onnx,vnncomp2024_benchmarks/benchmarks/acasxu_2023/vnnlib/prop_4.vnnlib,1.787559688,unsat,1.208204314
acasxu_2023,vnncomp2024_benchmarks/benchmarks/acasxu_2023/onnx/ACASXU_run2a_4_1_batch_2000.onnx,vnncomp2024_benchmarks/benchmarks/acasxu_2023/vnnlib/prop_4.vnnlib,1.840547508,unsat,1.115193361
acasxu_2023,vnncomp2024_benchmarks/benchmarks/acasxu_2023/onnx/ACASXU_run2a_4_2_batch_2000.onnx,vnncomp2024_benchmarks/benchmarks/acasxu_2023/vnnlib/prop_4.vnnlib,1.808925887,unsat,1.098981398
acasxu_2023,vnncomp2024_benchmarks/benchmarks/acasxu_2023/onnx/ACASXU_run2a_4_3_batch_2000.onnx,vnncomp2024_benchmarks/benchmarks/acasxu_2023/vnnlib/prop_4.vnnlib,1.775111141,unsat,1.093257769
acasxu_2023,vnncomp2024_benchmarks/benchmarks/acasxu_2023/onnx/ACASXU_run2a_4_4_batch_2000.onnx,vnncomp2024_benchmarks/benchmarks/acasxu_2023/vnnlib/prop_4.vnnlib,1.862663871,unsat,1.173547704
acasxu_2023,vnncomp2024_benchmarks/benchmarks/acasxu_2023/onnx/ACASXU_run2a_4_5_batch_2000.onnx,vnncomp2024_benchmarks/benchmarks/acasxu_2023/vnnlib/prop_4.vnnlib,1.803944752,unsat,1.095069023
acasxu_2023,vnncomp2024_benchmarks/benchmarks/acasxu_2023/onnx/ACASXU_run2a_4_6_batch_2000.onnx,vnncomp2024_benchmarks/benchmarks/acasxu_2023/vnnlib/prop_4.vnnlib,1.826000720,unsat,1.126545648
acasxu_2023,vnncomp2024_benchmarks/benchmarks/acasxu_2023/onnx/ACASXU_run2a_4_7_batch_2000.onnx,vnncomp2024_benchmarks/benchmarks/acasxu_2023/vnnlib/prop_4.vnnlib,1.781477333,unsat,1.084991501
acasxu_2023,vnncomp2024_benchmarks/benchmarks/acasxu_2023/onnx/ACASXU_run2a_4_8_batch_2000.onnx,vnncomp2024_benchmarks/benchmarks/acasxu_2023/vnnlib/prop_4.vnnlib,1.838671711,unsat,1.147701035
acasxu_2023,vnncomp2024_benchmarks/benchmarks/acasxu_2023/onnx/ACASXU_run2a_4_9_batch_2000.onnx,vnncomp2024_benchmarks/benchmarks/acasxu_2023/vnnlib/prop_4.vnnlib,1.875535975,unsat,1.204639085
acasxu_2023,vnncomp2024_benchmarks/benchmarks/acasxu_2023/onnx/ACASXU_run2a_5_1_batch_2000.onnx,vnncomp2024_benchmarks/benchmarks/acasxu_2023/vnnlib/prop_4.vnnlib,1.833410237,unsat,1.128560282
acasxu_2023,vnncomp2024_benchmarks/benchmarks/acasxu_2023/onnx/ACASXU_run2a_5_2_batch_2000.onnx,vnncomp2024_benchmarks/benchmarks/acasxu_2023/vnnlib/prop_4.vnnlib,1.792688299,unsat,1.080887497
acasxu_2023,vnncomp2024_benchmarks/benchmarks/acasxu_2023/onnx/ACASXU_run2a_5_3_batch_2000.onnx,vnncomp2024_benchmarks/benchmarks/acasxu_2023/vnnlib/prop_4.vnnlib,1.775637904,unsat,1.094823485
acasxu_2023,vnncomp2024_benchmarks/benchmarks/acasxu_2023/onnx/ACASXU_run2a_5_4_batch_2000.onnx,vnncomp2024_benchmarks/benchmarks/acasxu_2023/vnnlib/prop_4.vnnlib,1.822982994,unsat,1.113310680
acasxu_2023,vnncomp2024_benchmarks/benchmarks/acasxu_2023/onnx/ACASXU_run2a_5_5_batch_2000.onnx,vnncomp2024_benchmarks/benchmarks/acasxu_2023/vnnlib/prop_4.vnnlib,1.958971258,unsat,1.209660848
acasxu_2023,vnncomp2024_benchmarks/benchmarks/acasxu_2023/onnx/ACASXU_run2a_5_6_batch_2000.onnx,vnncomp2024_benchmarks/benchmarks/acasxu_2023/vnnlib/prop_4.vnnlib,1.912193276,unsat,1.156459726
acasxu_2023,vnncomp2024_benchmarks/benchmarks/acasxu_2023/onnx/ACASXU_run2a_5_7_batch_2000.onnx,vnncomp2024_benchmarks/benchmarks/acasxu_2023/vnnlib/prop_4.vnnlib,1.908685133,unsat,1.145816786
acasxu_2023,vnncomp2024_benchmarks/benchmarks/acasxu_2023/onnx/ACASXU_run2a_5_8_batch_2000.onnx,vnncomp2024_benchmarks/benchmarks/acasxu_2023/vnnlib/prop_4.vnnlib,1.890928537,unsat,1.141844917
acasxu_2023,vnncomp2024_benchmarks/benchmarks/acasxu_2023/onnx/ACASXU_run2a_5_9_batch_2000.onnx,vnncomp2024_benchmarks/benchmarks/acasxu_2023/vnnlib/prop_4.vnnlib,1.993162164,unsat,1.185115940
acasxu_2023,vnncomp2024_benchmarks/benchmarks/acasxu_2023/onnx/ACASXU_run2a_1_1_batch_2000.onnx,vnncomp2024_benchmarks/benchmarks/acasxu_2023/vnnlib/prop_5.vnnlib,1.940988313,unsat,1.882749249
acasxu_2023,vnncomp2024_benchmarks/benchmarks/acasxu_2023/onnx/ACASXU_run2a_1_1_batch_2000.onnx,vnncomp2024_benchmarks/benchmarks/acasxu_2023/vnnlib/prop_6.vnnlib,1.996495231,unsat,5.170551446
acasxu_2023,vnncomp2024_benchmarks/benchmarks/acasxu_2023/onnx/ACASXU_run2a_1_9_batch_2000.onnx,vnncomp2024_benchmarks/benchmarks/acasxu_2023/vnnlib/prop_7.vnnlib,2.009956749,timeout,117.084903215
acasxu_2023,vnncomp2024_benchmarks/benchmarks/acasxu_2023/onnx/ACASXU_run2a_2_9_batch_2000.onnx,vnncomp2024_benchmarks/benchmarks/acasxu_2023/vnnlib/prop_8.vnnlib,1.984464957,sat,1.217940439
acasxu_2023,vnncomp2024_benchmarks/benchmarks/acasxu_2023/onnx/ACASXU_run2a_3_3_batch_2000.onnx,vnncomp2024_benchmarks/benchmarks/acasxu_2023/vnnlib/prop_9.vnnlib,1.973505344,unsat,3.146704250
acasxu_2023,vnncomp2024_benchmarks/benchmarks/acasxu_2023/onnx/ACASXU_run2a_4_5_batch_2000.onnx,vnncomp2024_benchmarks/benchmarks/acasxu_2023/vnnlib/prop_10.vnnlib,1.990952140,unsat,1.605334601
acasxu_2023,vnncomp2024_benchmarks/benchmarks/test/test_nano.onnx,vnncomp2024_benchmarks/benchmarks/test/test_nano.vnnlib,1.963113444,unsat,.974778528
