acasxu_2023,vnncomp2024_benchmarks/benchmarks/acasxu_2023/onnx/ACASXU_run2a_1_1_batch_2000.onnx,vnncomp2024_benchmarks/benchmarks/acasxu_2023/vnnlib/prop_1.vnnlib,.029368562,timeout,126.565734090
acasxu_2023,vnncomp2024_benchmarks/benchmarks/acasxu_2023/onnx/ACASXU_run2a_1_2_batch_2000.onnx,vnncomp2024_benchmarks/benchmarks/acasxu_2023/vnnlib/prop_1.vnnlib,.087267470,timeout,123.566464042
acasxu_2023,vnncomp2024_benchmarks/benchmarks/acasxu_2023/onnx/ACASXU_run2a_1_3_batch_2000.onnx,vnncomp2024_benchmarks/benchmarks/acasxu_2023/vnnlib/prop_1.vnnlib,.064334648,timeout,123.608415109
acasxu_2023,vnncomp2024_benchmarks/benchmarks/acasxu_2023/onnx/ACASXU_run2a_1_4_batch_2000.onnx,vnncomp2024_benchmarks/benchmarks/acasxu_2023/vnnlib/prop_1.vnnlib,.074152819,timeout,123.386697995
acasxu_2023,vnncomp2024_benchmarks/benchmarks/acasxu_2023/onnx/ACASXU_run2a_1_5_batch_2000.onnx,vnncomp2024_benchmarks/benchmarks/acasxu_2023/vnnlib/prop_1.vnnlib,.092465164,timeout,123.541027245
acasxu_2023,vnncomp2024_benchmarks/benchmarks/acasxu_2023/onnx/ACASXU_run2a_1_6_batch_2000.onnx,vnncomp2024_benchmarks/benchmarks/acasxu_2023/vnnlib/prop_1.vnnlib,.057905491,timeout,123.501977091
acasxu_2023,vnncomp2024_benchmarks/benchmarks/acasxu_2023/onnx/ACASXU_run2a_1_7_batch_2000.onnx,vnncomp2024_benchmarks/benchmarks/acasxu_2023/vnnlib/prop_1.vnnlib,.061357874,timeout,123.346634179
acasxu_2023,vnncomp2024_benchmarks/benchmarks/acasxu_2023/onnx/ACASXU_run2a_1_8_batch_2000.onnx,vnncomp2024_benchmarks/benchmarks/acasxu_2023/vnnlib/prop_1.vnnlib,.083891586,timeout,123.529841356
acasxu_2023,vnncomp2024_benchmarks/benchmarks/acasxu_2023/onnx/ACASXU_run2a_1_9_batch_2000.onnx,vnncomp2024_benchmarks/benchmarks/acasxu_2023/vnnlib/prop_1.vnnlib,.110643036,timeout,123.354416852
acasxu_2023,vnncomp2024_benchmarks/benchmarks/acasxu_2023/onnx/ACASXU_run2a_2_1_batch_2000.onnx,vnncomp2024_benchmarks/benchmarks/acasxu_2023/vnnlib/prop_1.vnnlib,.070197813,timeout,123.534395182
acasxu_2023,vnncomp2024_benchmarks/benchmarks/acasxu_2023/onnx/ACASXU_run2a_2_2_batch_2000.onnx,vnncomp2024_benchmarks/benchmarks/acasxu_2023/vnnlib/prop_1.vnnlib,.066162436,timeout,123.497944329
acasxu_2023,vnncomp2024_benchmarks/benchmarks/acasxu_2023/onnx/ACASXU_run2a_2_3_batch_2000.onnx,vnncomp2024_benchmarks/benchmarks/acasxu_2023/vnnlib/prop_1.vnnlib,.100431070,timeout,123.598146659
acasxu_2023,vnncomp2024_benchmarks/benchmarks/acasxu_2023/onnx/ACASXU_run2a_2_4_batch_2000.onnx,vnncomp2024_benchmarks/benchmarks/acasxu_2023/vnnlib/prop_1.vnnlib,.062255623,timeout,123.526039253
acasxu_2023,vnncomp2024_benchmarks/benchmarks/acasxu_2023/onnx/ACASXU_run2a_2_5_batch_2000.onnx,vnncomp2024_benchmarks/benchmarks/acasxu_2023/vnnlib/prop_1.vnnlib,.094700761,timeout,123.413056636
acasxu_2023,vnncomp2024_benchmarks/benchmarks/acasxu_2023/onnx/ACASXU_run2a_2_6_batch_2000.onnx,vnncomp2024_benchmarks/benchmarks/acasxu_2023/vnnlib/prop_1.vnnlib,.102856970,timeout,123.443823980
acasxu_2023,vnncomp2024_benchmarks/benchmarks/acasxu_2023/onnx/ACASXU_run2a_2_7_batch_2000.onnx,vnncomp2024_benchmarks/benchmarks/acasxu_2023/vnnlib/prop_1.vnnlib,.062854389,timeout,123.555470604
acasxu_2023,vnncomp2024_benchmarks/benchmarks/acasxu_2023/onnx/ACASXU_run2a_2_8_batch_2000.onnx,vnncomp2024_benchmarks/benchmarks/acasxu_2023/vnnlib/prop_1.vnnlib,.110163803,timeout,123.571500762
acasxu_2023,vnncomp2024_benchmarks/benchmarks/acasxu_2023/onnx/ACASXU_run2a_2_9_batch_2000.onnx,vnncomp2024_benchmarks/benchmarks/acasxu_2023/vnnlib/prop_1.vnnlib,.061597609,timeout,123.400630451
acasxu_2023,vnncomp2024_benchmarks/benchmarks/acasxu_2023/onnx/ACASXU_run2a_3_1_batch_2000.onnx,vnncomp2024_benchmarks/benchmarks/acasxu_2023/vnnlib/prop_1.vnnlib,.076945464,timeout,123.372759276
acasxu_2023,vnncomp2024_benchmarks/benchmarks/acasxu_2023/onnx/ACASXU_run2a_3_2_batch_2000.onnx,vnncomp2024_benchmarks/benchmarks/acasxu_2023/vnnlib/prop_1.vnnlib,.092464244,timeout,123.482854701
acasxu_2023,vnncomp2024_benchmarks/benchmarks/acasxu_2023/onnx/ACASXU_run2a_3_3_batch_2000.onnx,vnncomp2024_benchmarks/benchmarks/acasxu_2023/vnnlib/prop_1.vnnlib,.089293938,timeout,123.285316096
acasxu_2023,vnncomp2024_benchmarks/benchmarks/acasxu_2023/onnx/ACASXU_run2a_3_4_batch_2000.onnx,vnncomp2024_benchmarks/benchmarks/acasxu_2023/vnnlib/prop_1.vnnlib,.113410172,timeout,123.651943191
acasxu_2023,vnncomp2024_benchmarks/benchmarks/acasxu_2023/onnx/ACASXU_run2a_3_5_batch_2000.onnx,vnncomp2024_benchmarks/benchmarks/acasxu_2023/vnnlib/prop_1.vnnlib,.067768265,timeout,123.358269459
acasxu_2023,vnncomp2024_benchmarks/benchmarks/acasxu_2023/onnx/ACASXU_run2a_3_6_batch_2000.onnx,vnncomp2024_benchmarks/benchmarks/acasxu_2023/vnnlib/prop_1.vnnlib,.104118134,timeout,123.636020964
acasxu_2023,vnncomp2024_benchmarks/benchmarks/acasxu_2023/onnx/ACASXU_run2a_3_7_batch_2000.onnx,vnncomp2024_benchmarks/benchmarks/acasxu_2023/vnnlib/prop_1.vnnlib,.082952654,timeout,123.423465144
acasxu_2023,vnncomp2024_benchmarks/benchmarks/acasxu_2023/onnx/ACASXU_run2a_3_8_batch_2000.onnx,vnncomp2024_benchmarks/benchmarks/acasxu_2023/vnnlib/prop_1.vnnlib,.089645271,timeout,123.585604574
acasxu_2023,vnncomp2024_benchmarks/benchmarks/acasxu_2023/onnx/ACASXU_run2a_3_9_batch_2000.onnx,vnncomp2024_benchmarks/benchmarks/acasxu_2023/vnnlib/prop_1.vnnlib,.063771755,timeout,123.478548283
acasxu_2023,vnncomp2024_benchmarks/benchmarks/acasxu_2023/onnx/ACASXU_run2a_4_1_batch_2000.onnx,vnncomp2024_benchmarks/benchmarks/acasxu_2023/vnnlib/prop_1.vnnlib,.116558204,timeout,123.285576738
acasxu_2023,vnncomp2024_benchmarks/benchmarks/acasxu_2023/onnx/ACASXU_run2a_4_2_batch_2000.onnx,vnncomp2024_benchmarks/benchmarks/acasxu_2023/vnnlib/prop_1.vnnlib,.071217210,timeout,123.568587921
acasxu_2023,vnncomp2024_benchmarks/benchmarks/acasxu_2023/onnx/ACASXU_run2a_4_3_batch_2000.onnx,vnncomp2024_benchmarks/benchmarks/acasxu_2023/vnnlib/prop_1.vnnlib,.099927516,timeout,123.482936584
acasxu_2023,vnncomp2024_benchmarks/benchmarks/acasxu_2023/onnx/ACASXU_run2a_4_4_batch_2000.onnx,vnncomp2024_benchmarks/benchmarks/acasxu_2023/vnnlib/prop_1.vnnlib,.072375641,timeout,123.459677017
acasxu_2023,vnncomp2024_benchmarks/benchmarks/acasxu_2023/onnx/ACASXU_run2a_4_5_batch_2000.onnx,vnncomp2024_benchmarks/benchmarks/acasxu_2023/vnnlib/prop_1.vnnlib,.055224143,timeout,123.469837855
acasxu_2023,vnncomp2024_benchmarks/benchmarks/acasxu_2023/onnx/ACASXU_run2a_4_6_batch_2000.onnx,vnncomp2024_benchmarks/benchmarks/acasxu_2023/vnnlib/prop_1.vnnlib,.067504749,timeout,123.540086810
acasxu_2023,vnncomp2024_benchmarks/benchmarks/acasxu_2023/onnx/ACASXU_run2a_4_7_batch_2000.onnx,vnncomp2024_benchmarks/benchmarks/acasxu_2023/vnnlib/prop_1.vnnlib,.098097284,timeout,123.556934320
acasxu_2023,vnncomp2024_benchmarks/benchmarks/acasxu_2023/onnx/ACASXU_run2a_4_8_batch_2000.onnx,vnncomp2024_benchmarks/benchmarks/acasxu_2023/vnnlib/prop_1.vnnlib,.066223687,timeout,123.296572966
acasxu_2023,vnncomp2024_benchmarks/benchmarks/acasxu_2023/onnx/ACASXU_run2a_4_9_batch_2000.onnx,vnncomp2024_benchmarks/benchmarks/acasxu_2023/vnnlib/prop_1.vnnlib,.109235830,timeout,123.312484742
acasxu_2023,vnncomp2024_benchmarks/benchmarks/acasxu_2023/onnx/ACASXU_run2a_5_1_batch_2000.onnx,vnncomp2024_benchmarks/benchmarks/acasxu_2023/vnnlib/prop_1.vnnlib,.078017263,timeout,123.464913609
acasxu_2023,vnncomp2024_benchmarks/benchmarks/acasxu_2023/onnx/ACASXU_run2a_5_2_batch_2000.onnx,vnncomp2024_benchmarks/benchmarks/acasxu_2023/vnnlib/prop_1.vnnlib,.060966489,timeout,123.544091075
acasxu_2023,vnncomp2024_benchmarks/benchmarks/acasxu_2023/onnx/ACASXU_run2a_5_3_batch_2000.onnx,vnncomp2024_benchmarks/benchmarks/acasxu_2023/vnnlib/prop_1.vnnlib,.063119053,timeout,123.318011078
acasxu_2023,vnncomp2024_benchmarks/benchmarks/acasxu_2023/onnx/ACASXU_run2a_5_4_batch_2000.onnx,vnncomp2024_benchmarks/benchmarks/acasxu_2023/vnnlib/prop_1.vnnlib,.090186178,timeout,123.428109737
acasxu_2023,vnncomp2024_benchmarks/benchmarks/acasxu_2023/onnx/ACASXU_run2a_5_5_batch_2000.onnx,vnncomp2024_benchmarks/benchmarks/acasxu_2023/vnnlib/prop_1.vnnlib,.079917939,timeout,123.728084333
acasxu_2023,vnncomp2024_benchmarks/benchmarks/acasxu_2023/onnx/ACASXU_run2a_5_6_batch_2000.onnx,vnncomp2024_benchmarks/benchmarks/acasxu_2023/vnnlib/prop_1.vnnlib,.064727397,timeout,123.414910137
acasxu_2023,vnncomp2024_benchmarks/benchmarks/acasxu_2023/onnx/ACASXU_run2a_5_7_batch_2000.onnx,vnncomp2024_benchmarks/benchmarks/acasxu_2023/vnnlib/prop_1.vnnlib,.085878340,timeout,123.626505321
acasxu_2023,vnncomp2024_benchmarks/benchmarks/acasxu_2023/onnx/ACASXU_run2a_5_8_batch_2000.onnx,vnncomp2024_benchmarks/benchmarks/acasxu_2023/vnnlib/prop_1.vnnlib,.057732357,timeout,123.610007560
acasxu_2023,vnncomp2024_benchmarks/benchmarks/acasxu_2023/onnx/ACASXU_run2a_5_9_batch_2000.onnx,vnncomp2024_benchmarks/benchmarks/acasxu_2023/vnnlib/prop_1.vnnlib,.209351908,timeout,123.794748632
acasxu_2023,vnncomp2024_benchmarks/benchmarks/acasxu_2023/onnx/ACASXU_run2a_1_1_batch_2000.onnx,vnncomp2024_benchmarks/benchmarks/acasxu_2023/vnnlib/prop_2.vnnlib,.062758026,timeout,123.505020856
acasxu_2023,vnncomp2024_benchmarks/benchmarks/acasxu_2023/onnx/ACASXU_run2a_1_2_batch_2000.onnx,vnncomp2024_benchmarks/benchmarks/acasxu_2023/vnnlib/prop_2.vnnlib,.089642944,timeout,123.478447379
acasxu_2023,vnncomp2024_benchmarks/benchmarks/acasxu_2023/onnx/ACASXU_run2a_1_3_batch_2000.onnx,vnncomp2024_benchmarks/benchmarks/acasxu_2023/vnnlib/prop_2.vnnlib,.105294258,timeout,123.675907170
acasxu_2023,vnncomp2024_benchmarks/benchmarks/acasxu_2023/onnx/ACASXU_run2a_1_4_batch_2000.onnx,vnncomp2024_benchmarks/benchmarks/acasxu_2023/vnnlib/prop_2.vnnlib,.062084477,timeout,123.383092326
acasxu_2023,vnncomp2024_benchmarks/benchmarks/acasxu_2023/onnx/ACASXU_run2a_1_5_batch_2000.onnx,vnncomp2024_benchmarks/benchmarks/acasxu_2023/vnnlib/prop_2.vnnlib,.082334017,timeout,123.442935256
acasxu_2023,vnncomp2024_benchmarks/benchmarks/acasxu_2023/onnx/ACASXU_run2a_1_6_batch_2000.onnx,vnncomp2024_benchmarks/benchmarks/acasxu_2023/vnnlib/prop_2.vnnlib,.103341915,timeout,123.648449039
acasxu_2023,vnncomp2024_benchmarks/benchmarks/acasxu_2023/onnx/ACASXU_run2a_1_7_batch_2000.onnx,vnncomp2024_benchmarks/benchmarks/acasxu_2023/vnnlib/prop_2.vnnlib,.063419132,timeout,123.572822580
acasxu_2023,vnncomp2024_benchmarks/benchmarks/acasxu_2023/onnx/ACASXU_run2a_1_8_batch_2000.onnx,vnncomp2024_benchmarks/benchmarks/acasxu_2023/vnnlib/prop_2.vnnlib,.093657254,timeout,123.556176682
acasxu_2023,vnncomp2024_benchmarks/benchmarks/acasxu_2023/onnx/ACASXU_run2a_1_9_batch_2000.onnx,vnncomp2024_benchmarks/benchmarks/acasxu_2023/vnnlib/prop_2.vnnlib,.092143765,timeout,123.303399921
acasxu_2023,vnncomp2024_benchmarks/benchmarks/acasxu_2023/onnx/ACASXU_run2a_2_1_batch_2000.onnx,vnncomp2024_benchmarks/benchmarks/acasxu_2023/vnnlib/prop_2.vnnlib,.085565222,timeout,123.463436853
acasxu_2023,vnncomp2024_benchmarks/benchmarks/acasxu_2023/onnx/ACASXU_run2a_2_2_batch_2000.onnx,vnncomp2024_benchmarks/benchmarks/acasxu_2023/vnnlib/prop_2.vnnlib,.081898033,sat,25.700937400
acasxu_2023,vnncomp2024_benchmarks/benchmarks/acasxu_2023/onnx/ACASXU_run2a_2_3_batch_2000.onnx,vnncomp2024_benchmarks/benchmarks/acasxu_2023/vnnlib/prop_2.vnnlib,.029495361,sat,25.576332671
acasxu_2023,vnncomp2024_benchmarks/benchmarks/acasxu_2023/onnx/ACASXU_run2a_2_4_batch_2000.onnx,vnncomp2024_benchmarks/benchmarks/acasxu_2023/vnnlib/prop_2.vnnlib,.029386429,timeout,123.469876631
acasxu_2023,vnncomp2024_benchmarks/benchmarks/acasxu_2023/onnx/ACASXU_run2a_2_5_batch_2000.onnx,vnncomp2024_benchmarks/benchmarks/acasxu_2023/vnnlib/prop_2.vnnlib,.096700367,sat,25.942200919
acasxu_2023,vnncomp2024_benchmarks/benchmarks/acasxu_2023/onnx/ACASXU_run2a_2_6_batch_2000.onnx,vnncomp2024_benchmarks/benchmarks/acasxu_2023/vnnlib/prop_2.vnnlib,.028385804,sat,25.560260871
acasxu_2023,vnncomp2024_benchmarks/benchmarks/acasxu_2023/onnx/ACASXU_run2a_2_7_batch_2000.onnx,vnncomp2024_benchmarks/benchmarks/acasxu_2023/vnnlib/prop_2.vnnlib,.027666767,sat,25.641230512
acasxu_2023,vnncomp2024_benchmarks/benchmarks/acasxu_2023/onnx/ACASXU_run2a_2_8_batch_2000.onnx,vnncomp2024_benchmarks/benchmarks/acasxu_2023/vnnlib/prop_2.vnnlib,.029630009,sat,25.527420526
acasxu_2023,vnncomp2024_benchmarks/benchmarks/acasxu_2023/onnx/ACASXU_run2a_2_9_batch_2000.onnx,vnncomp2024_benchmarks/benchmarks/acasxu_2023/vnnlib/prop_2.vnnlib,.029509583,timeout,123.261328143
acasxu_2023,vnncomp2024_benchmarks/benchmarks/acasxu_2023/onnx/ACASXU_run2a_3_1_batch_2000.onnx,vnncomp2024_benchmarks/benchmarks/acasxu_2023/vnnlib/prop_2.vnnlib,.077395467,sat,26.038109969
acasxu_2023,vnncomp2024_benchmarks/benchmarks/acasxu_2023/onnx/ACASXU_run2a_3_2_batch_2000.onnx,vnncomp2024_benchmarks/benchmarks/acasxu_2023/vnnlib/prop_2.vnnlib,.027978268,timeout,123.391690333
acasxu_2023,vnncomp2024_benchmarks/benchmarks/acasxu_2023/onnx/ACASXU_run2a_3_3_batch_2000.onnx,vnncomp2024_benchmarks/benchmarks/acasxu_2023/vnnlib/prop_2.vnnlib,.092460116,timeout,123.492059212
acasxu_2023,vnncomp2024_benchmarks/benchmarks/acasxu_2023/onnx/ACASXU_run2a_3_4_batch_2000.onnx,vnncomp2024_benchmarks/benchmarks/acasxu_2023/vnnlib/prop_2.vnnlib,.096868756,sat,26.014296522
acasxu_2023,vnncomp2024_benchmarks/benchmarks/acasxu_2023/onnx/ACASXU_run2a_3_5_batch_2000.onnx,vnncomp2024_benchmarks/benchmarks/acasxu_2023/vnnlib/prop_2.vnnlib,.030077446,sat,26.594990219
acasxu_2023,vnncomp2024_benchmarks/benchmarks/acasxu_2023/onnx/ACASXU_run2a_3_6_batch_2000.onnx,vnncomp2024_benchmarks/benchmarks/acasxu_2023/vnnlib/prop_2.vnnlib,.029793040,sat,25.531628675
acasxu_2023,vnncomp2024_benchmarks/benchmarks/acasxu_2023/onnx/ACASXU_run2a_3_7_batch_2000.onnx,vnncomp2024_benchmarks/benchmarks/acasxu_2023/vnnlib/prop_2.vnnlib,.028394397,timeout,123.643830077
acasxu_2023,vnncomp2024_benchmarks/benchmarks/acasxu_2023/onnx/ACASXU_run2a_3_8_batch_2000.onnx,vnncomp2024_benchmarks/benchmarks/acasxu_2023/vnnlib/prop_2.vnnlib,.089843718,timeout,123.639221994
acasxu_2023,vnncomp2024_benchmarks/benchmarks/acasxu_2023/onnx/ACASXU_run2a_3_9_batch_2000.onnx,vnncomp2024_benchmarks/benchmarks/acasxu_2023/vnnlib/prop_2.vnnlib,.059598425,sat,25.500566366
acasxu_2023,vnncomp2024_benchmarks/benchmarks/acasxu_2023/onnx/ACASXU_run2a_4_1_batch_2000.onnx,vnncomp2024_benchmarks/benchmarks/acasxu_2023/vnnlib/prop_2.vnnlib,.029285430,timeout,123.417597689
acasxu_2023,vnncomp2024_benchmarks/benchmarks/acasxu_2023/onnx/ACASXU_run2a_4_2_batch_2000.onnx,vnncomp2024_benchmarks/benchmarks/acasxu_2023/vnnlib/prop_2.vnnlib,.103748605,timeout,123.472194546
acasxu_2023,vnncomp2024_benchmarks/benchmarks/acasxu_2023/onnx/ACASXU_run2a_4_3_batch_2000.onnx,vnncomp2024_benchmarks/benchmarks/acasxu_2023/vnnlib/prop_2.vnnlib,.089196605,sat,25.744704675
acasxu_2023,vnncomp2024_benchmarks/benchmarks/acasxu_2023/onnx/ACASXU_run2a_4_4_batch_2000.onnx,vnncomp2024_benchmarks/benchmarks/acasxu_2023/vnnlib/prop_2.vnnlib,.028205465,sat,25.648862165
acasxu_2023,vnncomp2024_benchmarks/benchmarks/acasxu_2023/onnx/ACASXU_run2a_4_5_batch_2000.onnx,vnncomp2024_benchmarks/benchmarks/acasxu_2023/vnnlib/prop_2.vnnlib,.029879378,timeout,123.277724458
acasxu_2023,vnncomp2024_benchmarks/benchmarks/acasxu_2023/onnx/ACASXU_run2a_4_6_batch_2000.onnx,vnncomp2024_benchmarks/benchmarks/acasxu_2023/vnnlib/prop_2.vnnlib,.085060676,sat,25.585414769
acasxu_2023,vnncomp2024_benchmarks/benchmarks/acasxu_2023/onnx/ACASXU_run2a_4_7_batch_2000.onnx,vnncomp2024_benchmarks/benchmarks/acasxu_2023/vnnlib/prop_2.vnnlib,.028033892,sat,26.342863604
acasxu_2023,vnncomp2024_benchmarks/benchmarks/acasxu_2023/onnx/ACASXU_run2a_4_8_batch_2000.onnx,vnncomp2024_benchmarks/benchmarks/acasxu_2023/vnnlib/prop_2.vnnlib,.027851596,sat,25.671335661
acasxu_2023,vnncomp2024_benchmarks/benchmarks/acasxu_2023/onnx/ACASXU_run2a_4_9_batch_2000.onnx,vnncomp2024_benchmarks/benchmarks/acasxu_2023/vnnlib/prop_2.vnnlib,.029948198,timeout,123.249331292
acasxu_2023,vnncomp2024_benchmarks/benchmarks/acasxu_2023/onnx/ACASXU_run2a_5_1_batch_2000.onnx,vnncomp2024_benchmarks/benchmarks/acasxu_2023/vnnlib/prop_2.vnnlib,.077589558,timeout,123.514955968
acasxu_2023,vnncomp2024_benchmarks/benchmarks/acasxu_2023/onnx/ACASXU_run2a_5_2_batch_2000.onnx,vnncomp2024_benchmarks/benchmarks/acasxu_2023/vnnlib/prop_2.vnnlib,.085601310,timeout,123.429585153
acasxu_2023,vnncomp2024_benchmarks/benchmarks/acasxu_2023/onnx/ACASXU_run2a_5_3_batch_2000.onnx,vnncomp2024_benchmarks/benchmarks/acasxu_2023/vnnlib/prop_2.vnnlib,.100074649,timeout,123.424295969
acasxu_2023,vnncomp2024_benchmarks/benchmarks/acasxu_2023/onnx/ACASXU_run2a_5_4_batch_2000.onnx,vnncomp2024_benchmarks/benchmarks/acasxu_2023/vnnlib/prop_2.vnnlib,.074387003,timeout,123.601565405
acasxu_2023,vnncomp2024_benchmarks/benchmarks/acasxu_2023/onnx/ACASXU_run2a_5_5_batch_2000.onnx,vnncomp2024_benchmarks/benchmarks/acasxu_2023/vnnlib/prop_2.vnnlib,.053270755,sat,25.465708717
acasxu_2023,vnncomp2024_benchmarks/benchmarks/acasxu_2023/onnx/ACASXU_run2a_5_6_batch_2000.onnx,vnncomp2024_benchmarks/benchmarks/acasxu_2023/vnnlib/prop_2.vnnlib,.029016326,sat,26.882718383
acasxu_2023,vnncomp2024_benchmarks/benchmarks/acasxu_2023/onnx/ACASXU_run2a_5_7_batch_2000.onnx,vnncomp2024_benchmarks/benchmarks/acasxu_2023/vnnlib/prop_2.vnnlib,.028190519,sat,25.778559000
acasxu_2023,vnncomp2024_benchmarks/benchmarks/acasxu_2023/onnx/ACASXU_run2a_5_8_batch_2000.onnx,vnncomp2024_benchmarks/benchmarks/acasxu_2023/vnnlib/prop_2.vnnlib,.030234529,sat,26.209818116
acasxu_2023,vnncomp2024_benchmarks/benchmarks/acasxu_2023/onnx/ACASXU_run2a_5_9_batch_2000.onnx,vnncomp2024_benchmarks/benchmarks/acasxu_2023/vnnlib/prop_2.vnnlib,.029063706,sat,25.763894022
acasxu_2023,vnncomp2024_benchmarks/benchmarks/acasxu_2023/onnx/ACASXU_run2a_1_1_batch_2000.onnx,vnncomp2024_benchmarks/benchmarks/acasxu_2023/vnnlib/prop_3.vnnlib,.028197348,timeout,123.358836370
acasxu_2023,vnncomp2024_benchmarks/benchmarks/acasxu_2023/onnx/ACASXU_run2a_1_2_batch_2000.onnx,vnncomp2024_benchmarks/benchmarks/acasxu_2023/vnnlib/prop_3.vnnlib,.104943835,timeout,123.406366824
acasxu_2023,vnncomp2024_benchmarks/benchmarks/acasxu_2023/onnx/ACASXU_run2a_1_3_batch_2000.onnx,vnncomp2024_benchmarks/benchmarks/acasxu_2023/vnnlib/prop_3.vnnlib,.106892467,timeout,123.590800727
acasxu_2023,vnncomp2024_benchmarks/benchmarks/acasxu_2023/onnx/ACASXU_run2a_1_4_batch_2000.onnx,vnncomp2024_benchmarks/benchmarks/acasxu_2023/vnnlib/prop_3.vnnlib,.065151327,unsat,27.770431103
acasxu_2023,vnncomp2024_benchmarks/benchmarks/acasxu_2023/onnx/ACASXU_run2a_1_5_batch_2000.onnx,vnncomp2024_benchmarks/benchmarks/acasxu_2023/vnnlib/prop_3.vnnlib,.028927314,unsat,27.528634204
acasxu_2023,vnncomp2024_benchmarks/benchmarks/acasxu_2023/onnx/ACASXU_run2a_1_6_batch_2000.onnx,vnncomp2024_benchmarks/benchmarks/acasxu_2023/vnnlib/prop_3.vnnlib,.029989420,unsat,27.145683714
acasxu_2023,vnncomp2024_benchmarks/benchmarks/acasxu_2023/onnx/ACASXU_run2a_1_7_batch_2000.onnx,vnncomp2024_benchmarks/benchmarks/acasxu_2023/vnnlib/prop_3.vnnlib,.030374496,sat,25.536735786
acasxu_2023,vnncomp2024_benchmarks/benchmarks/acasxu_2023/onnx/ACASXU_run2a_1_8_batch_2000.onnx,vnncomp2024_benchmarks/benchmarks/acasxu_2023/vnnlib/prop_3.vnnlib,.029994595,sat,25.722872838
acasxu_2023,vnncomp2024_benchmarks/benchmarks/acasxu_2023/onnx/ACASXU_run2a_1_9_batch_2000.onnx,vnncomp2024_benchmarks/benchmarks/acasxu_2023/vnnlib/prop_3.vnnlib,.029158603,sat,25.391279606
acasxu_2023,vnncomp2024_benchmarks/benchmarks/acasxu_2023/onnx/ACASXU_run2a_2_1_batch_2000.onnx,vnncomp2024_benchmarks/benchmarks/acasxu_2023/vnnlib/prop_3.vnnlib,.030132978,timeout,123.625112883
acasxu_2023,vnncomp2024_benchmarks/benchmarks/acasxu_2023/onnx/ACASXU_run2a_2_2_batch_2000.onnx,vnncomp2024_benchmarks/benchmarks/acasxu_2023/vnnlib/prop_3.vnnlib,.075277554,timeout,123.460237981
acasxu_2023,vnncomp2024_benchmarks/benchmarks/acasxu_2023/onnx/ACASXU_run2a_2_3_batch_2000.onnx,vnncomp2024_benchmarks/benchmarks/acasxu_2023/vnnlib/prop_3.vnnlib,.083468681,timeout,123.483114604
acasxu_2023,vnncomp2024_benchmarks/benchmarks/acasxu_2023/onnx/ACASXU_run2a_2_4_batch_2000.onnx,vnncomp2024_benchmarks/benchmarks/acasxu_2023/vnnlib/prop_3.vnnlib,.089111880,unsat,28.434484423
acasxu_2023,vnncomp2024_benchmarks/benchmarks/acasxu_2023/onnx/ACASXU_run2a_2_5_batch_2000.onnx,vnncomp2024_benchmarks/benchmarks/acasxu_2023/vnnlib/prop_3.vnnlib,.027800348,unsat,27.863650462
acasxu_2023,vnncomp2024_benchmarks/benchmarks/acasxu_2023/onnx/ACASXU_run2a_2_6_batch_2000.onnx,vnncomp2024_benchmarks/benchmarks/acasxu_2023/vnnlib/prop_3.vnnlib,.030621791,unsat,27.362059776
acasxu_2023,vnncomp2024_benchmarks/benchmarks/acasxu_2023/onnx/ACASXU_run2a_2_7_batch_2000.onnx,vnncomp2024_benchmarks/benchmarks/acasxu_2023/vnnlib/prop_3.vnnlib,.029008770,unsat,27.981680993
acasxu_2023,vnncomp2024_benchmarks/benchmarks/acasxu_2023/onnx/ACASXU_run2a_2_8_batch_2000.onnx,vnncomp2024_benchmarks/benchmarks/acasxu_2023/vnnlib/prop_3.vnnlib,.030524896,unsat,27.640914412
acasxu_2023,vnncomp2024_benchmarks/benchmarks/acasxu_2023/onnx/ACASXU_run2a_2_9_batch_2000.onnx,vnncomp2024_benchmarks/benchmarks/acasxu_2023/vnnlib/prop_3.vnnlib,.030220990,unsat,27.887517771
acasxu_2023,vnncomp2024_benchmarks/benchmarks/acasxu_2023/onnx/ACASXU_run2a_3_1_batch_2000.onnx,vnncomp2024_benchmarks/benchmarks/acasxu_2023/vnnlib/prop_3.vnnlib,.029193896,unsat,27.983674702
acasxu_2023,vnncomp2024_benchmarks/benchmarks/acasxu_2023/onnx/ACASXU_run2a_3_2_batch_2000.onnx,vnncomp2024_benchmarks/benchmarks/acasxu_2023/vnnlib/prop_3.vnnlib,.031284822,timeout,123.297311989
acasxu_2023,vnncomp2024_benchmarks/benchmarks/acasxu_2023/onnx/ACASXU_run2a_3_3_batch_2000.onnx,vnncomp2024_benchmarks/benchmarks/acasxu_2023/vnnlib/prop_3.vnnlib,.091452657,unsat,28.295289052
acasxu_2023,vnncomp2024_benchmarks/benchmarks/acasxu_2023/onnx/ACASXU_run2a_3_4_batch_2000.onnx,vnncomp2024_benchmarks/benchmarks/acasxu_2023/vnnlib/prop_3.vnnlib,.029167847,unsat,106.228127730
acasxu_2023,vnncomp2024_benchmarks/benchmarks/acasxu_2023/onnx/ACASXU_run2a_3_5_batch_2000.onnx,vnncomp2024_benchmarks/benchmarks/acasxu_2023/vnnlib/prop_3.vnnlib,.062619641,unsat,27.237700152
acasxu_2023,vnncomp2024_benchmarks/benchmarks/acasxu_2023/onnx/ACASXU_run2a_3_6_batch_2000.onnx,vnncomp2024_benchmarks/benchmarks/acasxu_2023/vnnlib/prop_3.vnnlib,.029795048,unsat,104.231165473
acasxu_2023,vnncomp2024_benchmarks/benchmarks/acasxu_2023/onnx/ACASXU_run2a_3_7_batch_2000.onnx,vnncomp2024_benchmarks/benchmarks/acasxu_2023/vnnlib/prop_3.vnnlib,.067390750,unsat,28.004300880
acasxu_2023,vnncomp2024_benchmarks/benchmarks/acasxu_2023/onnx/ACASXU_run2a_3_8_batch_2000.onnx,vnncomp2024_benchmarks/benchmarks/acasxu_2023/vnnlib/prop_3.vnnlib,.029022841,unsat,28.087257880
acasxu_2023,vnncomp2024_benchmarks/benchmarks/acasxu_2023/onnx/ACASXU_run2a_3_9_batch_2000.onnx,vnncomp2024_benchmarks/benchmarks/acasxu_2023/vnnlib/prop_3.vnnlib,.030269932,unsat,28.661924916
acasxu_2023,vnncomp2024_benchmarks/benchmarks/acasxu_2023/onnx/ACASXU_run2a_4_1_batch_2000.onnx,vnncomp2024_benchmarks/benchmarks/acasxu_2023/vnnlib/prop_3.vnnlib,.027833494,unsat,107.660072199
acasxu_2023,vnncomp2024_benchmarks/benchmarks/acasxu_2023/onnx/ACASXU_run2a_4_2_batch_2000.onnx,vnncomp2024_benchmarks/benchmarks/acasxu_2023/vnnlib/prop_3.vnnlib,.086580878,timeout,123.693561948
acasxu_2023,vnncomp2024_benchmarks/benchmarks/acasxu_2023/onnx/ACASXU_run2a_4_3_batch_2000.onnx,vnncomp2024_benchmarks/benchmarks/acasxu_2023/vnnlib/prop_3.vnnlib,.108584803,timeout,123.496538893
acasxu_2023,vnncomp2024_benchmarks/benchmarks/acasxu_2023/onnx/ACASXU_run2a_4_4_batch_2000.onnx,vnncomp2024_benchmarks/benchmarks/acasxu_2023/vnnlib/prop_3.vnnlib,.060379621,unsat,28.666703906
acasxu_2023,vnncomp2024_benchmarks/benchmarks/acasxu_2023/onnx/ACASXU_run2a_4_5_batch_2000.onnx,vnncomp2024_benchmarks/benchmarks/acasxu_2023/vnnlib/prop_3.vnnlib,.027616457,unsat,27.819960119
acasxu_2023,vnncomp2024_benchmarks/benchmarks/acasxu_2023/onnx/ACASXU_run2a_4_6_batch_2000.onnx,vnncomp2024_benchmarks/benchmarks/acasxu_2023/vnnlib/prop_3.vnnlib,.029827406,unsat,28.817030879
acasxu_2023,vnncomp2024_benchmarks/benchmarks/acasxu_2023/onnx/ACASXU_run2a_4_7_batch_2000.onnx,vnncomp2024_benchmarks/benchmarks/acasxu_2023/vnnlib/prop_3.vnnlib,.030816182,unsat,27.372442985
acasxu_2023,vnncomp2024_benchmarks/benchmarks/acasxu_2023/onnx/ACASXU_run2a_4_8_batch_2000.onnx,vnncomp2024_benchmarks/benchmarks/acasxu_2023/vnnlib/prop_3.vnnlib,.029754971,unsat,27.860597155
acasxu_2023,vnncomp2024_benchmarks/benchmarks/acasxu_2023/onnx/ACASXU_run2a_4_9_batch_2000.onnx,vnncomp2024_benchmarks/benchmarks/acasxu_2023/vnnlib/prop_3.vnnlib,.029893112,unsat,27.428028173
acasxu_2023,vnncomp2024_benchmarks/benchmarks/acasxu_2023/onnx/ACASXU_run2a_5_1_batch_2000.onnx,vnncomp2024_benchmarks/benchmarks/acasxu_2023/vnnlib/prop_3.vnnlib,.030625687,timeout,123.453794292
acasxu_2023,vnncomp2024_benchmarks/benchmarks/acasxu_2023/onnx/ACASXU_run2a_5_2_batch_2000.onnx,vnncomp2024_benchmarks/benchmarks/acasxu_2023/vnnlib/prop_3.vnnlib,.081330546,unsat,28.180446786
acasxu_2023,vnncomp2024_benchmarks/benchmarks/acasxu_2023/onnx/ACASXU_run2a_5_3_batch_2000.onnx,vnncomp2024_benchmarks/benchmarks/acasxu_2023/vnnlib/prop_3.vnnlib,.028145109,unsat,27.830840450
acasxu_2023,vnncomp2024_benchmarks/benchmarks/acasxu_2023/onnx/ACASXU_run2a_5_4_batch_2000.onnx,vnncomp2024_benchmarks/benchmarks/acasxu_2023/vnnlib/prop_3.vnnlib,.029651849,unsat,27.786831115
acasxu_2023,vnncomp2024_benchmarks/benchmarks/acasxu_2023/onnx/ACASXU_run2a_5_5_batch_2000.onnx,vnncomp2024_benchmarks/benchmarks/acasxu_2023/vnnlib/prop_3.vnnlib,.029950926,unsat,27.597336906
acasxu_2023,vnncomp2024_benchmarks/benchmarks/acasxu_2023/onnx/ACASXU_run2a_5_6_batch_2000.onnx,vnncomp2024_benchmarks/benchmarks/acasxu_2023/vnnlib/prop_3.vnnlib,.029124933,unsat,27.764484504
acasxu_2023,vnncomp2024_benchmarks/benchmarks/acasxu_2023/onnx/ACASXU_run2a_5_7_batch_2000.onnx,vnncomp2024_benchmarks/benchmarks/acasxu_2023/vnnlib/prop_3.vnnlib,.027788364,unsat,27.123438203
acasxu_2023,vnncomp2024_benchmarks/benchmarks/acasxu_2023/onnx/ACASXU_run2a_5_8_batch_2000.onnx,vnncomp2024_benchmarks/benchmarks/acasxu_2023/vnnlib/prop_3.vnnlib,.030102446,unsat,27.536613389
acasxu_2023,vnncomp2024_benchmarks/benchmarks/acasxu_2023/onnx/ACASXU_run2a_5_9_batch_2000.onnx,vnncomp2024_benchmarks/benchmarks/acasxu_2023/vnnlib/prop_3.vnnlib,.029216708,unsat,27.827044948
acasxu_2023,vnncomp2024_benchmarks/benchmarks/acasxu_2023/onnx/ACASXU_run2a_1_1_batch_2000.onnx,vnncomp2024_benchmarks/benchmarks/acasxu_2023/vnnlib/prop_4.vnnlib,.028462394,timeout,123.568885597
acasxu_2023,vnncomp2024_benchmarks/benchmarks/acasxu_2023/onnx/ACASXU_run2a_1_2_batch_2000.onnx,vnncomp2024_benchmarks/benchmarks/acasxu_2023/vnnlib/prop_4.vnnlib,.065616165,timeout,123.626757401
acasxu_2023,vnncomp2024_benchmarks/benchmarks/acasxu_2023/onnx/ACASXU_run2a_1_3_batch_2000.onnx,vnncomp2024_benchmarks/benchmarks/acasxu_2023/vnnlib/prop_4.vnnlib,.086273712,timeout,123.465144071
acasxu_2023,vnncomp2024_benchmarks/benchmarks/acasxu_2023/onnx/ACASXU_run2a_1_4_batch_2000.onnx,vnncomp2024_benchmarks/benchmarks/acasxu_2023/vnnlib/prop_4.vnnlib,.085884708,unsat,92.567760857
acasxu_2023,vnncomp2024_benchmarks/benchmarks/acasxu_2023/onnx/ACASXU_run2a_1_5_batch_2000.onnx,vnncomp2024_benchmarks/benchmarks/acasxu_2023/vnnlib/prop_4.vnnlib,.080687855,timeout,123.463604746
acasxu_2023,vnncomp2024_benchmarks/benchmarks/acasxu_2023/onnx/ACASXU_run2a_1_6_batch_2000.onnx,vnncomp2024_benchmarks/benchmarks/acasxu_2023/vnnlib/prop_4.vnnlib,.088379805,unsat,27.777930514
acasxu_2023,vnncomp2024_benchmarks/benchmarks/acasxu_2023/onnx/ACASXU_run2a_1_7_batch_2000.onnx,vnncomp2024_benchmarks/benchmarks/acasxu_2023/vnnlib/prop_4.vnnlib,.029986261,sat,25.528302095
acasxu_2023,vnncomp2024_benchmarks/benchmarks/acasxu_2023/onnx/ACASXU_run2a_1_8_batch_2000.onnx,vnncomp2024_benchmarks/benchmarks/acasxu_2023/vnnlib/prop_4.vnnlib,.029052379,sat,25.551852028
acasxu_2023,vnncomp2024_benchmarks/benchmarks/acasxu_2023/onnx/ACASXU_run2a_1_9_batch_2000.onnx,vnncomp2024_benchmarks/benchmarks/acasxu_2023/vnnlib/prop_4.vnnlib,.029833189,sat,25.785936527
acasxu_2023,vnncomp2024_benchmarks/benchmarks/acasxu_2023/onnx/ACASXU_run2a_2_1_batch_2000.onnx,vnncomp2024_benchmarks/benchmarks/acasxu_2023/vnnlib/prop_4.vnnlib,.029503172,unsat,117.938472722
acasxu_2023,vnncomp2024_benchmarks/benchmarks/acasxu_2023/onnx/ACASXU_run2a_2_2_batch_2000.onnx,vnncomp2024_benchmarks/benchmarks/acasxu_2023/vnnlib/prop_4.vnnlib,.083681690,unsat,115.539693717
acasxu_2023,vnncomp2024_benchmarks/benchmarks/acasxu_2023/onnx/ACASXU_run2a_2_3_batch_2000.onnx,vnncomp2024_benchmarks/benchmarks/acasxu_2023/vnnlib/prop_4.vnnlib,.063551414,unsat,27.675921960
acasxu_2023,vnncomp2024_benchmarks/benchmarks/acasxu_2023/onnx/ACASXU_run2a_2_4_batch_2000.onnx,vnncomp2024_benchmarks/benchmarks/acasxu_2023/vnnlib/prop_4.vnnlib,.028397141,unsat,28.029969476
acasxu_2023,vnncomp2024_benchmarks/benchmarks/acasxu_2023/onnx/ACASXU_run2a_2_5_batch_2000.onnx,vnncomp2024_benchmarks/benchmarks/acasxu_2023/vnnlib/prop_4.vnnlib,.030299128,unsat,27.694987849
acasxu_2023,vnncomp2024_benchmarks/benchmarks/acasxu_2023/onnx/ACASXU_run2a_2_6_batch_2000.onnx,vnncomp2024_benchmarks/benchmarks/acasxu_2023/vnnlib/prop_4.vnnlib,.029117716,unsat,27.943087632
acasxu_2023,vnncomp2024_benchmarks/benchmarks/acasxu_2023/onnx/ACASXU_run2a_2_7_batch_2000.onnx,vnncomp2024_benchmarks/benchmarks/acasxu_2023/vnnlib/prop_4.vnnlib,.028957357,unsat,27.365373321
acasxu_2023,vnncomp2024_benchmarks/benchmarks/acasxu_2023/onnx/ACASXU_run2a_2_8_batch_2000.onnx,vnncomp2024_benchmarks/benchmarks/acasxu_2023/vnnlib/prop_4.vnnlib,.029833338,unsat,101.929365008
acasxu_2023,vnncomp2024_benchmarks/benchmarks/acasxu_2023/onnx/ACASXU_run2a_2_9_batch_2000.onnx,vnncomp2024_benchmarks/benchmarks/acasxu_2023/vnnlib/prop_4.vnnlib,.089405908,unsat,27.361677523
acasxu_2023,vnncomp2024_benchmarks/benchmarks/acasxu_2023/onnx/ACASXU_run2a_3_1_batch_2000.onnx,vnncomp2024_benchmarks/benchmarks/acasxu_2023/vnnlib/prop_4.vnnlib,.029774937,unsat,27.469877275
acasxu_2023,vnncomp2024_benchmarks/benchmarks/acasxu_2023/onnx/ACASXU_run2a_3_2_batch_2000.onnx,vnncomp2024_benchmarks/benchmarks/acasxu_2023/vnnlib/prop_4.vnnlib,.028941730,unsat,27.759146444
acasxu_2023,vnncomp2024_benchmarks/benchmarks/acasxu_2023/onnx/ACASXU_run2a_3_3_batch_2000.onnx,vnncomp2024_benchmarks/benchmarks/acasxu_2023/vnnlib/prop_4.vnnlib,.027919109,unsat,27.538471935
acasxu_2023,vnncomp2024_benchmarks/benchmarks/acasxu_2023/onnx/ACASXU_run2a_3_4_batch_2000.onnx,vnncomp2024_benchmarks/benchmarks/acasxu_2023/vnnlib/prop_4.vnnlib,.030142023,unsat,27.248906044
acasxu_2023,vnncomp2024_benchmarks/benchmarks/acasxu_2023/onnx/ACASXU_run2a_3_5_batch_2000.onnx,vnncomp2024_benchmarks/benchmarks/acasxu_2023/vnnlib/prop_4.vnnlib,.029392720,unsat,28.011713186
acasxu_2023,vnncomp2024_benchmarks/benchmarks/acasxu_2023/onnx/ACASXU_run2a_3_6_batch_2000.onnx,vnncomp2024_benchmarks/benchmarks/acasxu_2023/vnnlib/prop_4.vnnlib,.030398579,unsat,29.227867385
acasxu_2023,vnncomp2024_benchmarks/benchmarks/acasxu_2023/onnx/ACASXU_run2a_3_7_batch_2000.onnx,vnncomp2024_benchmarks/benchmarks/acasxu_2023/vnnlib/prop_4.vnnlib,.028110665,unsat,28.402881961
acasxu_2023,vnncomp2024_benchmarks/benchmarks/acasxu_2023/onnx/ACASXU_run2a_3_8_batch_2000.onnx,vnncomp2024_benchmarks/benchmarks/acasxu_2023/vnnlib/prop_4.vnnlib,.029967367,unsat,90.884325651
acasxu_2023,vnncomp2024_benchmarks/benchmarks/acasxu_2023/onnx/ACASXU_run2a_3_9_batch_2000.onnx,vnncomp2024_benchmarks/benchmarks/acasxu_2023/vnnlib/prop_4.vnnlib,.080074135,unsat,27.447291092
acasxu_2023,vnncomp2024_benchmarks/benchmarks/acasxu_2023/onnx/ACASXU_run2a_4_1_batch_2000.onnx,vnncomp2024_benchmarks/benchmarks/acasxu_2023/vnnlib/prop_4.vnnlib,.028888196,unsat,27.690286839
acasxu_2023,vnncomp2024_benchmarks/benchmarks/acasxu_2023/onnx/ACASXU_run2a_4_2_batch_2000.onnx,vnncomp2024_benchmarks/benchmarks/acasxu_2023/vnnlib/prop_4.vnnlib,.029901304,unsat,27.908606551
acasxu_2023,vnncomp2024_benchmarks/benchmarks/acasxu_2023/onnx/ACASXU_run2a_4_3_batch_2000.onnx,vnncomp2024_benchmarks/benchmarks/acasxu_2023/vnnlib/prop_4.vnnlib,.037840923,unsat,27.634307635
acasxu_2023,vnncomp2024_benchmarks/benchmarks/acasxu_2023/onnx/ACASXU_run2a_4_4_batch_2000.onnx,vnncomp2024_benchmarks/benchmarks/acasxu_2023/vnnlib/prop_4.vnnlib,.030358311,unsat,94.360950135
acasxu_2023,vnncomp2024_benchmarks/benchmarks/acasxu_2023/onnx/ACASXU_run2a_4_5_batch_2000.onnx,vnncomp2024_benchmarks/benchmarks/acasxu_2023/vnnlib/prop_4.vnnlib,.090003137,unsat,27.924519697
acasxu_2023,vnncomp2024_benchmarks/benchmarks/acasxu_2023/onnx/ACASXU_run2a_4_6_batch_2000.onnx,vnncomp2024_benchmarks/benchmarks/acasxu_2023/vnnlib/prop_4.vnnlib,.029847897,unsat,28.263462553
acasxu_2023,vnncomp2024_benchmarks/benchmarks/acasxu_2023/onnx/ACASXU_run2a_4_7_batch_2000.onnx,vnncomp2024_benchmarks/benchmarks/acasxu_2023/vnnlib/prop_4.vnnlib,.030172793,unsat,28.098225465
acasxu_2023,vnncomp2024_benchmarks/benchmarks/acasxu_2023/onnx/ACASXU_run2a_4_8_batch_2000.onnx,vnncomp2024_benchmarks/benchmarks/acasxu_2023/vnnlib/prop_4.vnnlib,.029967970,unsat,27.977559846
acasxu_2023,vnncomp2024_benchmarks/benchmarks/acasxu_2023/onnx/ACASXU_run2a_4_9_batch_2000.onnx,vnncomp2024_benchmarks/benchmarks/acasxu_2023/vnnlib/prop_4.vnnlib,.028066675,unsat,27.963700071
acasxu_2023,vnncomp2024_benchmarks/benchmarks/acasxu_2023/onnx/ACASXU_run2a_5_1_batch_2000.onnx,vnncomp2024_benchmarks/benchmarks/acasxu_2023/vnnlib/prop_4.vnnlib,.028073792,unsat,28.539514995
acasxu_2023,vnncomp2024_benchmarks/benchmarks/acasxu_2023/onnx/ACASXU_run2a_5_2_batch_2000.onnx,vnncomp2024_benchmarks/benchmarks/acasxu_2023/vnnlib/prop_4.vnnlib,.028065703,unsat,27.943475049
acasxu_2023,vnncomp2024_benchmarks/benchmarks/acasxu_2023/onnx/ACASXU_run2a_5_3_batch_2000.onnx,vnncomp2024_benchmarks/benchmarks/acasxu_2023/vnnlib/prop_4.vnnlib,.028124754,unsat,28.707196510
acasxu_2023,vnncomp2024_benchmarks/benchmarks/acasxu_2023/onnx/ACASXU_run2a_5_4_batch_2000.onnx,vnncomp2024_benchmarks/benchmarks/acasxu_2023/vnnlib/prop_4.vnnlib,.027768366,unsat,27.664829504
acasxu_2023,vnncomp2024_benchmarks/benchmarks/acasxu_2023/onnx/ACASXU_run2a_5_5_batch_2000.onnx,vnncomp2024_benchmarks/benchmarks/acasxu_2023/vnnlib/prop_4.vnnlib,.030050663,unsat,27.553902496
acasxu_2023,vnncomp2024_benchmarks/benchmarks/acasxu_2023/onnx/ACASXU_run2a_5_6_batch_2000.onnx,vnncomp2024_benchmarks/benchmarks/acasxu_2023/vnnlib/prop_4.vnnlib,.029822019,unsat,28.589077979
acasxu_2023,vnncomp2024_benchmarks/benchmarks/acasxu_2023/onnx/ACASXU_run2a_5_7_batch_2000.onnx,vnncomp2024_benchmarks/benchmarks/acasxu_2023/vnnlib/prop_4.vnnlib,.027757847,unsat,27.568466221
acasxu_2023,vnncomp2024_benchmarks/benchmarks/acasxu_2023/onnx/ACASXU_run2a_5_8_batch_2000.onnx,vnncomp2024_benchmarks/benchmarks/acasxu_2023/vnnlib/prop_4.vnnlib,.028542467,unsat,28.036378797
acasxu_2023,vnncomp2024_benchmarks/benchmarks/acasxu_2023/onnx/ACASXU_run2a_5_9_batch_2000.onnx,vnncomp2024_benchmarks/benchmarks/acasxu_2023/vnnlib/prop_4.vnnlib,.030515511,unsat,27.629533058
acasxu_2023,vnncomp2024_benchmarks/benchmarks/acasxu_2023/onnx/ACASXU_run2a_1_1_batch_2000.onnx,vnncomp2024_benchmarks/benchmarks/acasxu_2023/vnnlib/prop_5.vnnlib,.029115144,timeout,123.368413317
acasxu_2023,vnncomp2024_benchmarks/benchmarks/acasxu_2023/onnx/ACASXU_run2a_1_1_batch_2000.onnx,vnncomp2024_benchmarks/benchmarks/acasxu_2023/vnnlib/prop_6.vnnlib,.052937230,error_exit_code_1,75.409436313
acasxu_2023,vnncomp2024_benchmarks/benchmarks/acasxu_2023/onnx/ACASXU_run2a_1_9_batch_2000.onnx,vnncomp2024_benchmarks/benchmarks/acasxu_2023/vnnlib/prop_7.vnnlib,.076801561,timeout,123.339900031
acasxu_2023,vnncomp2024_benchmarks/benchmarks/acasxu_2023/onnx/ACASXU_run2a_2_9_batch_2000.onnx,vnncomp2024_benchmarks/benchmarks/acasxu_2023/vnnlib/prop_8.vnnlib,.076106283,timeout,123.513808814
acasxu_2023,vnncomp2024_benchmarks/benchmarks/acasxu_2023/onnx/ACASXU_run2a_3_3_batch_2000.onnx,vnncomp2024_benchmarks/benchmarks/acasxu_2023/vnnlib/prop_9.vnnlib,.091209786,timeout,123.741558859
acasxu_2023,vnncomp2024_benchmarks/benchmarks/acasxu_2023/onnx/ACASXU_run2a_4_5_batch_2000.onnx,vnncomp2024_benchmarks/benchmarks/acasxu_2023/vnnlib/prop_10.vnnlib,.067110401,timeout,123.423921092
acasxu_2023,vnncomp2024_benchmarks/benchmarks/test/test_nano.onnx,vnncomp2024_benchmarks/benchmarks/test/test_nano.vnnlib,.103371134,error_exit_code_1,9.777425315
cgan_2023,vnncomp2024_benchmarks/benchmarks/cgan_2023/onnx/cGAN_imgSz32_nCh_1.onnx,vnncomp2024_benchmarks/benchmarks/cgan_2023/vnnlib/cGAN_imgSz32_nCh_1_prop_0_input_eps_0.010_output_eps_0.015.vnnlib,.025546125,sat,28.356070293
cgan_2023,vnncomp2024_benchmarks/benchmarks/cgan_2023/onnx/cGAN_imgSz32_nCh_1.onnx,vnncomp2024_benchmarks/benchmarks/cgan_2023/vnnlib/cGAN_imgSz32_nCh_1_prop_1_input_eps_0.020_output_eps_0.025.vnnlib,.028030083,sat,29.171706194
cgan_2023,vnncomp2024_benchmarks/benchmarks/cgan_2023/onnx/cGAN_imgSz32_nCh_1.onnx,vnncomp2024_benchmarks/benchmarks/cgan_2023/vnnlib/cGAN_imgSz32_nCh_1_prop_2_input_eps_0.020_output_eps_0.025.vnnlib,.027620913,sat,27.791955212
cgan_2023,vnncomp2024_benchmarks/benchmarks/cgan_2023/onnx/cGAN_imgSz32_nCh_1.onnx,vnncomp2024_benchmarks/benchmarks/cgan_2023/vnnlib/cGAN_imgSz32_nCh_1_prop_3_input_eps_0.020_output_eps_0.025.vnnlib,.029685995,unsat,193.654012975
cgan_2023,vnncomp2024_benchmarks/benchmarks/cgan_2023/onnx/cGAN_imgSz32_nCh_3.onnx,vnncomp2024_benchmarks/benchmarks/cgan_2023/vnnlib/cGAN_imgSz32_nCh_3_prop_0_input_eps_0.015_output_eps_0.020.vnnlib,.030556218,sat,28.019204511
cgan_2023,vnncomp2024_benchmarks/benchmarks/cgan_2023/onnx/cGAN_imgSz32_nCh_3.onnx,vnncomp2024_benchmarks/benchmarks/cgan_2023/vnnlib/cGAN_imgSz32_nCh_3_prop_1_input_eps_0.010_output_eps_0.015.vnnlib,.029772538,unknown,87.123733939
cgan_2023,vnncomp2024_benchmarks/benchmarks/cgan_2023/onnx/cGAN_imgSz32_nCh_3.onnx,vnncomp2024_benchmarks/benchmarks/cgan_2023/vnnlib/cGAN_imgSz32_nCh_3_prop_2_input_eps_0.010_output_eps_0.015.vnnlib,.028501616,sat,28.128855867
cgan_2023,vnncomp2024_benchmarks/benchmarks/cgan_2023/onnx/cGAN_imgSz32_nCh_3.onnx,vnncomp2024_benchmarks/benchmarks/cgan_2023/vnnlib/cGAN_imgSz32_nCh_3_prop_3_input_eps_0.010_output_eps_0.015.vnnlib,.029532375,sat,27.695843293
cgan_2023,vnncomp2024_benchmarks/benchmarks/cgan_2023/onnx/cGAN_imgSz64_nCh_1.onnx,vnncomp2024_benchmarks/benchmarks/cgan_2023/vnnlib/cGAN_imgSz64_nCh_1_prop_0_input_eps_0.010_output_eps_0.015.vnnlib,.029701021,timeout,907.238838920
cgan_2023,vnncomp2024_benchmarks/benchmarks/cgan_2023/onnx/cGAN_imgSz64_nCh_1.onnx,vnncomp2024_benchmarks/benchmarks/cgan_2023/vnnlib/cGAN_imgSz64_nCh_1_prop_1_input_eps_0.005_output_eps_0.010.vnnlib,.029680365,unsat,328.370488378
cgan_2023,vnncomp2024_benchmarks/benchmarks/cgan_2023/onnx/cGAN_imgSz64_nCh_1.onnx,vnncomp2024_benchmarks/benchmarks/cgan_2023/vnnlib/cGAN_imgSz64_nCh_1_prop_2_input_eps_0.010_output_eps_0.015.vnnlib,.029128715,sat,28.765204615
cgan_2023,vnncomp2024_benchmarks/benchmarks/cgan_2023/onnx/cGAN_imgSz64_nCh_1.onnx,vnncomp2024_benchmarks/benchmarks/cgan_2023/vnnlib/cGAN_imgSz64_nCh_1_prop_3_input_eps_0.005_output_eps_0.010.vnnlib,.027121568,sat,28.766562083
cgan_2023,vnncomp2024_benchmarks/benchmarks/cgan_2023/onnx/cGAN_imgSz64_nCh_3.onnx,vnncomp2024_benchmarks/benchmarks/cgan_2023/vnnlib/cGAN_imgSz64_nCh_3_prop_0_input_eps_0.010_output_eps_0.015.vnnlib,.029566574,unsat,44.166622938
cgan_2023,vnncomp2024_benchmarks/benchmarks/cgan_2023/onnx/cGAN_imgSz64_nCh_3.onnx,vnncomp2024_benchmarks/benchmarks/cgan_2023/vnnlib/cGAN_imgSz64_nCh_3_prop_1_input_eps_0.010_output_eps_0.015.vnnlib,.030017054,unsat,459.520825567
cgan_2023,vnncomp2024_benchmarks/benchmarks/cgan_2023/onnx/cGAN_imgSz64_nCh_3.onnx,vnncomp2024_benchmarks/benchmarks/cgan_2023/vnnlib/cGAN_imgSz64_nCh_3_prop_2_input_eps_0.005_output_eps_0.010.vnnlib,.028798038,sat,28.197830879
cgan_2023,vnncomp2024_benchmarks/benchmarks/cgan_2023/onnx/cGAN_imgSz64_nCh_3.onnx,vnncomp2024_benchmarks/benchmarks/cgan_2023/vnnlib/cGAN_imgSz64_nCh_3_prop_3_input_eps_0.010_output_eps_0.015.vnnlib,.030304051,sat,28.560117786
cgan_2023,vnncomp2024_benchmarks/benchmarks/cgan_2023/onnx/cGAN_imgSz32_nCh_3_nonlinear_activations.onnx,vnncomp2024_benchmarks/benchmarks/cgan_2023/vnnlib/cGAN_imgSz32_nCh_3_nonlinear_activations_prop_0_input_eps_0.010_output_eps_0.015.vnnlib,.029749135,unsat,35.064097608
cgan_2023,vnncomp2024_benchmarks/benchmarks/cgan_2023/onnx/cGAN_imgSz32_nCh_1_transposedConvPadding_1.onnx,vnncomp2024_benchmarks/benchmarks/cgan_2023/vnnlib/cGAN_imgSz32_nCh_1_transposedConvPadding_1_prop_0_input_eps_0.010_output_eps_0.015.vnnlib,.029999850,sat,28.762395044
cgan_2023,vnncomp2024_benchmarks/benchmarks/cgan_2023/onnx/cGAN_imgSz32_nCh_3_upsample.onnx,vnncomp2024_benchmarks/benchmarks/cgan_2023/vnnlib/cGAN_imgSz32_nCh_3_upsample_prop_0_input_eps_0.010_output_eps_0.015.vnnlib,.030504471,unsat,113.952669850
cgan_2023,vnncomp2024_benchmarks/benchmarks/cgan_2023/onnx/cGAN_imgSz32_nCh_3_small_transformer.onnx,vnncomp2024_benchmarks/benchmarks/cgan_2023/vnnlib/cGAN_imgSz32_nCh_3_small_transformer_prop_0_input_eps_0.005_output_eps_0.010.vnnlib,.030455564,error_exit_code_1,7.707254534
cgan_2023,vnncomp2024_benchmarks/benchmarks/cgan_2023/onnx/cGAN_imgSz32_nCh_3_small_transformer.onnx,vnncomp2024_benchmarks/benchmarks/cgan_2023/vnnlib/cGAN_imgSz32_nCh_3_small_transformer_prop_1_input_eps_0.005_output_eps_0.010.vnnlib,.030616670,error_exit_code_1,7.604451443
cgan_2023,vnncomp2024_benchmarks/benchmarks/test/test_nano.onnx,vnncomp2024_benchmarks/benchmarks/test/test_nano.vnnlib,.029622887,error_exit_code_1,9.602827477
tllverifybench_2023,vnncomp2024_benchmarks/benchmarks/tllverifybench_2023/tllBench_n=2_N=M=8_m=1_instance_0_0.onnx,vnncomp2024_benchmarks/benchmarks/tllverifybench_2023/property_N=8_0.vnnlib,.029497697,error_exit_code_1,11.918128023
tllverifybench_2023,vnncomp2024_benchmarks/benchmarks/tllverifybench_2023/tllBench_n=2_N=M=8_m=1_instance_0_1.onnx,vnncomp2024_benchmarks/benchmarks/tllverifybench_2023/property_N=8_1.vnnlib,.028755230,error_exit_code_1,7.505525596
tllverifybench_2023,vnncomp2024_benchmarks/benchmarks/tllverifybench_2023/tllBench_n=2_N=M=8_m=1_instance_0_2.onnx,vnncomp2024_benchmarks/benchmarks/tllverifybench_2023/property_N=8_2.vnnlib,.027919593,error_exit_code_1,7.312174810
tllverifybench_2023,vnncomp2024_benchmarks/benchmarks/tllverifybench_2023/tllBench_n=2_N=M=8_m=1_instance_0_3.onnx,vnncomp2024_benchmarks/benchmarks/tllverifybench_2023/property_N=8_3.vnnlib,.028369542,error_exit_code_1,7.625098383
tllverifybench_2023,vnncomp2024_benchmarks/benchmarks/tllverifybench_2023/tllBench_n=2_N=M=16_m=1_instance_1_0.onnx,vnncomp2024_benchmarks/benchmarks/tllverifybench_2023/property_N=16_0.vnnlib,.028006065,error_exit_code_1,7.638080781
tllverifybench_2023,vnncomp2024_benchmarks/benchmarks/tllverifybench_2023/tllBench_n=2_N=M=16_m=1_instance_1_1.onnx,vnncomp2024_benchmarks/benchmarks/tllverifybench_2023/property_N=16_1.vnnlib,.027553409,error_exit_code_1,7.324810416
tllverifybench_2023,vnncomp2024_benchmarks/benchmarks/tllverifybench_2023/tllBench_n=2_N=M=16_m=1_instance_1_2.onnx,vnncomp2024_benchmarks/benchmarks/tllverifybench_2023/property_N=16_2.vnnlib,.028219291,error_exit_code_1,7.230688952
tllverifybench_2023,vnncomp2024_benchmarks/benchmarks/tllverifybench_2023/tllBench_n=2_N=M=16_m=1_instance_1_3.onnx,vnncomp2024_benchmarks/benchmarks/tllverifybench_2023/property_N=16_3.vnnlib,.027971191,error_exit_code_1,7.735346408
tllverifybench_2023,vnncomp2024_benchmarks/benchmarks/tllverifybench_2023/tllBench_n=2_N=M=24_m=1_instance_2_0.onnx,vnncomp2024_benchmarks/benchmarks/tllverifybench_2023/property_N=24_0.vnnlib,.027536414,error_exit_code_1,7.688242606
tllverifybench_2023,vnncomp2024_benchmarks/benchmarks/tllverifybench_2023/tllBench_n=2_N=M=24_m=1_instance_2_1.onnx,vnncomp2024_benchmarks/benchmarks/tllverifybench_2023/property_N=24_1.vnnlib,.028954429,error_exit_code_1,7.726350602
tllverifybench_2023,vnncomp2024_benchmarks/benchmarks/tllverifybench_2023/tllBench_n=2_N=M=24_m=1_instance_2_2.onnx,vnncomp2024_benchmarks/benchmarks/tllverifybench_2023/property_N=24_2.vnnlib,.028516481,error_exit_code_1,7.753780632
tllverifybench_2023,vnncomp2024_benchmarks/benchmarks/tllverifybench_2023/tllBench_n=2_N=M=24_m=1_instance_2_3.onnx,vnncomp2024_benchmarks/benchmarks/tllverifybench_2023/property_N=24_3.vnnlib,.029655057,error_exit_code_1,7.714701488
tllverifybench_2023,vnncomp2024_benchmarks/benchmarks/tllverifybench_2023/tllBench_n=2_N=M=32_m=1_instance_3_0.onnx,vnncomp2024_benchmarks/benchmarks/tllverifybench_2023/property_N=32_0.vnnlib,.028949991,error_exit_code_1,7.663042130
tllverifybench_2023,vnncomp2024_benchmarks/benchmarks/tllverifybench_2023/tllBench_n=2_N=M=32_m=1_instance_3_1.onnx,vnncomp2024_benchmarks/benchmarks/tllverifybench_2023/property_N=32_1.vnnlib,.029642019,error_exit_code_1,7.704786526
tllverifybench_2023,vnncomp2024_benchmarks/benchmarks/tllverifybench_2023/tllBench_n=2_N=M=32_m=1_instance_3_2.onnx,vnncomp2024_benchmarks/benchmarks/tllverifybench_2023/property_N=32_2.vnnlib,.028623978,error_exit_code_1,7.842706043
tllverifybench_2023,vnncomp2024_benchmarks/benchmarks/tllverifybench_2023/tllBench_n=2_N=M=32_m=1_instance_3_3.onnx,vnncomp2024_benchmarks/benchmarks/tllverifybench_2023/property_N=32_3.vnnlib,.028780377,error_exit_code_1,7.658332554
tllverifybench_2023,vnncomp2024_benchmarks/benchmarks/tllverifybench_2023/tllBench_n=2_N=M=40_m=1_instance_4_0.onnx,vnncomp2024_benchmarks/benchmarks/tllverifybench_2023/property_N=40_0.vnnlib,.029661279,error_exit_code_1,7.735169290
tllverifybench_2023,vnncomp2024_benchmarks/benchmarks/tllverifybench_2023/tllBench_n=2_N=M=40_m=1_instance_4_1.onnx,vnncomp2024_benchmarks/benchmarks/tllverifybench_2023/property_N=40_1.vnnlib,.029409880,error_exit_code_1,7.683262844
tllverifybench_2023,vnncomp2024_benchmarks/benchmarks/tllverifybench_2023/tllBench_n=2_N=M=40_m=1_instance_4_2.onnx,vnncomp2024_benchmarks/benchmarks/tllverifybench_2023/property_N=40_2.vnnlib,.028523011,error_exit_code_1,7.573679413
tllverifybench_2023,vnncomp2024_benchmarks/benchmarks/tllverifybench_2023/tllBench_n=2_N=M=40_m=1_instance_4_3.onnx,vnncomp2024_benchmarks/benchmarks/tllverifybench_2023/property_N=40_3.vnnlib,.029038629,error_exit_code_1,7.791691904
tllverifybench_2023,vnncomp2024_benchmarks/benchmarks/tllverifybench_2023/tllBench_n=2_N=M=48_m=1_instance_5_0.onnx,vnncomp2024_benchmarks/benchmarks/tllverifybench_2023/property_N=48_0.vnnlib,.028758759,error_exit_code_1,7.664359830
tllverifybench_2023,vnncomp2024_benchmarks/benchmarks/tllverifybench_2023/tllBench_n=2_N=M=48_m=1_instance_5_1.onnx,vnncomp2024_benchmarks/benchmarks/tllverifybench_2023/property_N=48_1.vnnlib,.028822970,error_exit_code_1,7.844037919
tllverifybench_2023,vnncomp2024_benchmarks/benchmarks/tllverifybench_2023/tllBench_n=2_N=M=48_m=1_instance_5_2.onnx,vnncomp2024_benchmarks/benchmarks/tllverifybench_2023/property_N=48_2.vnnlib,.028397251,error_exit_code_1,7.824210636
tllverifybench_2023,vnncomp2024_benchmarks/benchmarks/tllverifybench_2023/tllBench_n=2_N=M=48_m=1_instance_5_3.onnx,vnncomp2024_benchmarks/benchmarks/tllverifybench_2023/property_N=48_3.vnnlib,.028331172,error_exit_code_1,7.564670968
tllverifybench_2023,vnncomp2024_benchmarks/benchmarks/tllverifybench_2023/tllBench_n=2_N=M=56_m=1_instance_6_0.onnx,vnncomp2024_benchmarks/benchmarks/tllverifybench_2023/property_N=56_0.vnnlib,.029155480,error_exit_code_1,7.535861059
tllverifybench_2023,vnncomp2024_benchmarks/benchmarks/tllverifybench_2023/tllBench_n=2_N=M=56_m=1_instance_6_1.onnx,vnncomp2024_benchmarks/benchmarks/tllverifybench_2023/property_N=56_1.vnnlib,.028870073,error_exit_code_1,7.576329065
tllverifybench_2023,vnncomp2024_benchmarks/benchmarks/tllverifybench_2023/tllBench_n=2_N=M=56_m=1_instance_6_2.onnx,vnncomp2024_benchmarks/benchmarks/tllverifybench_2023/property_N=56_2.vnnlib,.029034615,error_exit_code_1,7.629758470
tllverifybench_2023,vnncomp2024_benchmarks/benchmarks/tllverifybench_2023/tllBench_n=2_N=M=56_m=1_instance_6_3.onnx,vnncomp2024_benchmarks/benchmarks/tllverifybench_2023/property_N=56_3.vnnlib,.028487463,error_exit_code_1,7.697644451
tllverifybench_2023,vnncomp2024_benchmarks/benchmarks/tllverifybench_2023/tllBench_n=2_N=M=64_m=1_instance_7_0.onnx,vnncomp2024_benchmarks/benchmarks/tllverifybench_2023/property_N=64_0.vnnlib,.028435763,error_exit_code_1,7.528537226
tllverifybench_2023,vnncomp2024_benchmarks/benchmarks/tllverifybench_2023/tllBench_n=2_N=M=64_m=1_instance_7_1.onnx,vnncomp2024_benchmarks/benchmarks/tllverifybench_2023/property_N=64_1.vnnlib,.028795165,error_exit_code_1,7.592907727
tllverifybench_2023,vnncomp2024_benchmarks/benchmarks/tllverifybench_2023/tllBench_n=2_N=M=64_m=1_instance_7_2.onnx,vnncomp2024_benchmarks/benchmarks/tllverifybench_2023/property_N=64_2.vnnlib,.028860604,error_exit_code_1,7.530544707
tllverifybench_2023,vnncomp2024_benchmarks/benchmarks/tllverifybench_2023/tllBench_n=2_N=M=64_m=1_instance_7_3.onnx,vnncomp2024_benchmarks/benchmarks/tllverifybench_2023/property_N=64_3.vnnlib,.029219642,error_exit_code_1,7.763518525
tllverifybench_2023,vnncomp2024_benchmarks/benchmarks/test/test_nano.onnx,vnncomp2024_benchmarks/benchmarks/test/test_nano.vnnlib,.029453847,error_exit_code_1,11.499453493
